-0.513507 -2.43217 3.01125 0.338281 2.26759
4.60774 1.67502 -1.63686 0.50385 6.89331
-3.59469 -3.85391 3.09077 -4.71052 -0.705518
-4.00617 0.472962 1.83015 -1.3379 -4.34332
-2.63717 -2.29526 -0.494227 4.77082 3.69512
3.65117 -3.76782 4.36578 -1.63598 -20.8993
2.54928 2.64756 -3.04316 -0.869496 9.3954
-1.22171 3.24376 -2.18662 0.768398 -5.64312
-1.83271 1.25499 -4.80721 0.00543201 -2.32614
-1.22311 -1.61312 -1.8493 3.34114 -4.20573
2.02182 3.01872 -2.41171 -4.18788 16.2033
3.00188 -3.38417 3.95215 -3.7169 -24.8486
3.83363 3.78394 -4.91905 -1.00103 19.4304
0.484908 -4.17964 0.565118 0.924434 -1.50432
2.25051 3.42758 -0.630104 0.156887 7.61494
-1.87322 -0.240817 2.81802 2.75328 8.2099
0.514388 -0.848837 -4.97387 -0.68138 2.95246
-0.752624 -4.63643 -2.98061 3.09146 -5.72494
-2.80491 0.160944 4.03792 -3.20823 -13.406
1.69487 -2.58302 2.31311 -4.12414 -13.9175
3.34394 -1.38269 3.00879 3.0042 4.41538
1.80096 3.70644 1.60284 1.91564 9.74562
-1.72144 -4.72049 -2.1163 -0.441862 9.06115
2.68559 0.245569 3.99073 -1.3503 -4.7292
3.59553 3.24244 -2.42831 3.86633 2.26959
-0.645005 3.01729 0.310001 3.94617 -0.722852
4.25958 -0.875973 0.750178 -0.817831 -4.3448
-0.19837 -3.02597 -2.75446 3.44494 -8.88868
-3.41556 1.60155 -1.05066 -3.7164 -1.56554
-4.91547 -0.046463 2.38409 4.2062 10.2564
-0.569838 3.58895 -0.174204 3.65512 -2.68186
2.20489 -0.229104 1.08094 2.13831 1.80623
-4.86573 -1.56201 -2.10374 3.71256 -0.20994
-3.34139 2.17344 -1.02396 -0.798415 -6.44478
-0.456577 3.05018 -1.0007 4.20051 -5.5961
-4.29984 -2.06202 -0.159388 3.83124 8.25568
4.38791 0.822852 2.04823 0.101568 3.81864
-0.0614599 2.85543 -1.71746 0.629647 -1.25689
-4.41963 0.324568 1.811 4.99922 7.61912
3.00526 4.78436 2.79224 2.36938 20.9941
-2.37028 4.67263 2.10506 3.28075 -4.16927
-3.26586 0.553222 0.399831 2.7305 -0.715007
-0.515337 0.634612 -0.866711 -2.62026 1.94397
-0.0665149 -3.7032 -1.08132 -1.66922 2.05128
-4.94675 1.65456 -4.03144 0.895122 -11.7934
1.98391 1.89137 -3.00978 1.07223 0.525119
-2.35814 -2.13786 -1.93292 -1.48841 7.91836
1.67151 -0.312642 -2.0362 -0.0303826 -0.460719
-1.70328 -4.43353 4.54012 0.322488 9.01568
0.726053 -4.83169 4.43629 1.66748 3.88935
3.89301 -0.209166 3.29058 0.563716 1.04067
-1.90236 1.12319 -0.202167 2.27748 -2.59715
-3.44813 -2.50766 -0.723001 -3.42595 11.1237
2.09289 2.91149 0.64848 -0.886034 5.51886
1.94941 0.563594 -3.58381 -3.4391 13.4238
-2.02212 0.157906 -3.5938 2.79499 -10.3639
4.70125 2.79617 -1.22826 -4.88775 19.1489
-0.624277 0.487652 4.24489 2.70326 11.1706
-2.73489 3.81519 3.0063 -2.89996 -19.1523
2.11794 -1.61637 -2.16707 4.9821 -14.2199
-1.29916 -4.94803 -3.39975 2.60886 -2.44121
-2.14868 -0.587043 -4.19917 0.645383 -1.4487
-4.97729 -4.64429 -1.06149 -0.175756 23.3025
2.70665 3.68665 2.15352 1.16284 12.4827
-3.33807 2.13207 -1.20063 3.32422 -11.1082
0.852622 3.65793 3.73378 1.9276 10.3161
3.55732 -2.57043 4.28991 -0.383656 -10.7897
3.23215 -0.469893 -1.87874 -2.19137 2.59825
2.43128 -0.268125 2.2999 1.05899 1.78368
1.13745 -1.78954 -3.21244 2.23673 -9.22087
3.66171 -3.51325 1.91202 4.1595 -4.91144
-3.58101 -0.88986 -3.59895 4.79711 -14.078
-3.31876 -1.63386 0.905165 -1.2044 4.33223
-4.11748 -3.23385 -2.44172 0.787558 11.3923
-2.33084 -0.934811 -4.76428 -1.98757 11.6482
1.94397 -3.92175 2.36296 3.81493 1.39077
1.31648 4.69518 0.00116098 0.273038 6.18145
-1.08579 2.68674 -4.14786 -0.193838 -2.11323
2.91413 -0.496027 -0.229774 -4.80362 -0.341738
-1.09432 3.89396 -4.42854 -1.46029 2.20572
-3.14539 2.55688 -4.79706 -1.61915 -0.275202
0.464114 -0.386119 0.112083 -0.712647 -0.259079
-3.76676 -4.21525 -0.897642 -4.32262 19.758
0.30723 3.10405 -2.38339 4.37911 -9.48347
4.02267 4.7277 1.67413 0.575291 19.9811
-0.674223 -1.67257 -2.14448 -1.96108 5.33319
4.58937 -2.52314 0.575774 2.70771 -10.0206
-3.65464 0.0282317 -3.04915 -2.2516 6.76228
2.73949 3.71865 2.76963 1.73109 14.9817
-3.88772 -4.43862 -2.67846 1.65072 12.8347
1.44255 4.19888 -0.306602 4.5893 4.65002
3.1236 2.71711 -4.69446 -4.91634 31.5667
-2.72522 -2.97953 -0.153074 2.63732 7.71618
4.48729 -2.6697 2.36315 2.98856 -4.91731
1.93512 2.93526 1.53924 -0.933314 4.2435
-1.26321 2.9297 1.96471 0.705996 -2.31375
3.61071 0.49527 0.983342 1.28598 3.05283
3.18119 -4.44171 -4.55836 1.32063 -20.1499
0.328122 4.87511 -1.80529 -3.90901 8.65653
4.91076 -4.62599 2.39586 -0.246844 -23.3086
-4.6021 -2.21737 -1.02666 1.71765 8.4411
-3.85677 -1.46236 0.200434 3.34101 6.30964
2.43313 -0.307052 -3.11072 -4.35786 12.809
-1.144 -2.82263 4.76475 0.276871 4.5483
-3.34009 0.252536 -3.00315 4.34615 -13.8956
-2.21809 4.34365 4.16477 -1.62821 -16.4157
2.70353 0.558616 -1.303 -0.251275 1.83765
-0.61005 4.53607 -1.32215 -0.487364 -2.12286
3.68238 -3.51375 -4.84246 1.4068 -19.7513
-3.62418 -1.82042 2.87835 -2.39729 -0.30271
0.129119 4.93162 -4.4732 -0.983971 5.03827
4.60278 -3.73956 3.02201 2.50423 -9.64459
-0.18666 -2.25496 -3.61046 1.01285 -3.23594
-1.71819 0.288948 -4.32881 -0.896307 3.38348
-1.55712 3.57741 -1.91496 0.978745 -7.4447
0.79223 0.357432 -3.37139 -3.51971 12.1495
2.68488 -2.64749 3.23572 0.845248 -4.37322
-1.03943 1.85797 0.8261 -4.26101 -5.45125
-0.527735 3.37373 4.05866 1.68715 5.06712
0.194017 -3.46943 3.665 -2.05834 -8.21694
0.246977 2.22557 -0.403198 0.135773 0.494922
2.98192 -0.398303 -2.82199 4.20824 -13.0633
1.57297 2.28654 -0.69026 -3.36895 5.92211
-1.29971 4.17418 -4.31295 -4.81342 15.3348
-3.8382 -2.06827 3.51531 -2.29617 -0.13332
3.3375 -2.0451 0.463018 -2.25659 -7.87036
3.17592 -0.403737 4.99173 -1.18418 -7.19335
-2.19557 4.03132 -3.53023 -1.63252 -3.08786
-4.04401 -2.61108 0.0104634 4.99368 10.6115
-0.786383 -0.129983 -4.33928 -1.132 5.01429
0.698225 4.11326 0.98819 1.91108 4.7605
-4.58196 -0.675115 0.438919 -4.60716 1.07118
3.82575 4.42079 -1.74647 2.60383 12.3653
-1.06331 -0.99425 -3.08422 3.97106 -11.1904
4.32226 4.08387 -1.34968 -4.91826 24.2896
-2.26729 -0.414599 4.46717 3.83853 18.0874
1.22342 1.56108 4.64183 -0.215484 0.909624
3.25473 -4.85772 -0.21236 -2.47917 -15.2841
-4.35013 -0.0776449 -0.0453916 -3.63955 0.502971
0.0988558 1.46432 -4.52289 -0.0547251 0.392271
4.59416 3.07439 -4.40459 1.68483 6.70324
1.9135 -2.10261 3.6918 1.26143 0.633596
-1.65998 2.90381 -3.37056 -4.51868 10.4102
-0.531538 -2.661 -3.99092 4.7012 -17.3477
-4.80924 4.07055 -2.54813 3.27672 -27.9258
4.07767 -1.09902 4.82062 -0.893052 -8.78651
0.92999 -2.32806 1.9864 -3.81859 -9.75031
0.805328 -1.57205 1.42467 -2.47627 -4.79387
-2.74265 -0.855528 0.949444 3.37147 5.54743
0.930191 0.7478 2.85519 1.29892 4.40427
1.21053 1.48405 -0.0357296 -0.789688 1.82471
1.7438 1.15329 4.65983 3.34384 17.5928
-0.54819 4.39233 1.78578 4.61361 5.83106
0.388774 1.17216 2.12847 1.35876 3.34779
4.80329 0.341489 -4.0871 3.27104 -11.7288
1.53123 -3.97301 -0.170303 2.19294 -6.45704
0.221105 -2.95726 -1.90282 4.83364 -9.85143
-0.477378 2.28709 -2.05319 0.384708 -1.88169
-0.308974 1.99767 2.03252 0.0964542 -0.421184
4.15084 -4.79358 2.93945 -2.24411 -26.4939
2.80252 0.120562 1.78148 2.16471 4.19427
1.95214 3.05475 3.95858 -0.253343 4.9604
1.47495 -2.81947 -4.91049 -3.69537 13.9875
3.53607 -2.81318 -4.25247 -1.77174 -2.41333
4.53716 0.474972 -0.511824 2.04598 1.10784
2.74558 0.757767 0.27932 1.5007 2.49969
-3.71446 -0.620918 -2.30303 2.36206 -3.13352
2.54303 -0.0914969 0.503113 -1.46646 -0.970475
1.63308 -4.44353 1.05413 4.16461 -2.8666
-2.79793 -2.39473 -2.46284 2.36017 0.88753
3.97073 1.61819 -4.21544 -4.74249 26.4171
-1.81337 2.02205 2.74345 -4.69706 -16.5529
4.57595 2.12994 2.37472 -1.23319 6.81801
-3.59634 2.56902 0.566318 -3.94842 -11.4751
0.302932 -1.48874 0.305454 -3.18953 -1.42524
3.40019 -4.9239 3.33598 2.78678 -7.44556
-2.64799 -0.614385 0.11101 -4.69985 1.10515
-1.97897 0.982504 -3.00538 3.90839 -13.6905
-1.76672 -3.14137 4.95699 1.92369 15.0857
3.43717 -4.86493 0.107169 -0.565169 -16.7822
-0.16636 0.592864 -1.46913 -4.48561 6.49133
0.0124773 -0.134136 -4.74385 0.866051 -4.11009
-0.48189 -4.87602 3.42928 4.28327 17.0382
2.21268 -4.96088 -2.99158 2.50346 -18.4661
-2.8951 -4.09691 -0.322262 1.38782 11.4137
4.79297 -4.13757 -1.44469 -2.81923 -15.7584
4.08802 -3.34415 -2.90832 -4.03821 -1.92656
0.297897 -1.88766 -4.43135 -0.344339 0.96356
3.56735 2.09081 4.36723 4.70171 27.9921
-1.48433 -1.38648 -3.58091 3.65386 -11.0261
4.03066 0.800263 -3.73123 -3.56052 16.5107
3.3376 -4.31208 -3.53818 -3.11821 -3.35917
-4.65427 3.05596 4.28143 3.67746 1.52155
-2.32177 2.25592 2.05218 1.37459 -2.41681
-3.23422 3.28026 -2.66498 -2.64825 -3.55154
2.99606 -2.09095 1.01984 -0.989244 -7.27347
-4.22832 0.847181 -1.6924 3.53439 -9.56377
-0.894614 -1.23805 -4.99119 4.33574 -20.533
2.18934 -3.89274 1.94767 -3.21672 -14.7876
-3.31346 1.79777 -0.950973 -3.65196 -2.4839
-2.20653 -1.49111 0.927888 -2.11757 1.32531
-1.24573 0.206591 1.63065 4.88455 7.70765
3.81226 0.882477 -4.41269 1.18703 -1.87376
-0.139503 -3.04225 3.09157 3.7222 11.9319
-3.83314 -2.56847 3.97853 2.9853 21.7224
3.86933 2.75145 2.52328 -2.38248 4.63463
-0.849001 2.01777 3.96555 4.84714 17.5085
4.38332 -3.28552 -4.8912 2.72081 -27.7096
3.04044 -1.2579 4.01452 -3.43005 -17.5946
-2.36453 -1.2187 3.22819 -4.65269 -12.1381
-4.93181 1.71287 -4.43808 1.95925 -17.1429
4.54824 -4.43563 -1.90244 -4.41079 -11.783
-2.47229 -4.25114 -2.01988 3.57555 3.28788
2.65175 -4.91994 -1.44258 0.358846 -13.5641
1.71733 1.67801 -0.578587 2.32459 1.53673
-0.0501326 -4.82676 3.60762 -1.70557 -5.91106
-2.38241 -0.650573 -0.970042 -1.82641 3.32163
-2.61332 -3.70433 0.304376 -1.24656 9.30117
4.52267 -1.47098 -1.90503 0.837064 -8.24742
2.045 -2.72924 -3.62738 -0.284931 -4.54772
0.214845 -4.57959 1.97963 0.835459 0.670002
1.14963 4.429 1.27814 1.43606 6.92722
1.40046 1.45276 0.628172 3.47427 4.21697
3.37018 1.78186 -3.53367 3.03098 -4.70532
-0.221526 4.65856 2.21001 3.45804 6.61032
4.2184 -2.57713 -1.96748 2.66291 -16.1106
-0.0401136 0.964838 -2.48295 2.9906 -7.46421
-2.77858 4.77389 0.885362 -0.627192 -13.8199
-2.54477 -3.47357 -3.96962 4.11984 -7.51478
-0.833402 -2.01108 3.89824 4.51238 19.2664
3.50589 2.7757 -3.60432 1.1481 5.59317
1.72089 1.83901 4.86443 -3.6347 -14.516
0.594574 2.1909 0.948061 -3.26486 -1.79263
0.675436 0.243287 1.45955 -3.37598 -4.76308
-2.89055 -0.277417 -3.70099 -2.6795 10.7187
1.56934 -1.49873 0.219341 -1.69732 -2.72431
-1.76856 3.65737 -1.31356 -3.14064 -2.34286
-0.0346895 2.66856 -3.11776 3.67204 -11.5411
2.79841 -4.09185 0.0364438 2.94774 -11.3432
4.60557 0.264821 -3.8647 0.124226 0.739559
-0.755427 -2.36979 1.89398 -3.49137 -4.82239
2.69982 -2.39698 1.59486 0.547491 -5.59823
-4.48865 3.79714 -1.02259 -1.96901 -15.0305
4.58 3.06388 -1.83368 4.89242 5.06143
-3.92866 4.00826 1.5376 0.793172 -14.5275
-0.119057 -4.05847 3.80246 -3.97036 -14.6139
-1.96973 2.44024 -3.38919 1.73217 -10.6773
1.53788 -0.126188 2.65952 -3.71504 -10.0743
1.03982 0.178324 2.69077 -4.33182 -11.4705
0.122068 0.97264 -0.357742 3.3359 -1.07466
-4.02661 1.21674 4.18892 4.98529 15.9837
-2.31934 3.66163 1.89013 -3.33701 -14.8
-1.53912 -2.87943 -0.621135 -1.19892 5.17647
2.85763 -1.29427 -1.52307 -2.51567 0.133018
-2.0888 3.40206 0.545252 -2.80797 -8.63729
-3.76597 2.99568 -1.85456 -0.615415 -10.1403
2.03858 2.74382 -0.99174 4.62047 1.01117
-1.99361 -3.20841 -3.03414 -1.55955 11.1282
-3.94315 3.96268 2.05899 3.82438 -7.75109
2.68605 2.94369 0.987664 3.66499 11.5267
-0.317785 3.78431 4.26249 1.81933 6.55228
4.24921 -3.27728 -4.24823 0.924719 -17.8543
4.06541 -4.0456 -0.88734 -2.02244 -14.6524
-1.11897 -3.84955 -2.31468 -0.977282 6.56964
-0.792731 -1.26041 3.9401 0.7252 3.85653
1.37133 3.67023 -0.010782 -4.00729 5.0763
-3.48272 -2.1589 -1.96414 -3.76201 14.908
-1.1201 1.07479 -2.16859 -4.31178 8.1466
-1.10129 -3.16568 3.49444 4.47694 19.1307
0.845444 0.144817 3.61325 -3.93182 -14.0842
-1.26083 0.345278 -1.25907 4.22834 -5.7591
-1.83945 -1.80017 -4.12917 -1.48658 9.44967
-0.203925 1.38207 -2.55631 -2.48772 6.07755
2.75758 3.49001 3.98843 4.66674 28.2369
-3.2281 0.725845 -4.33438 -1.0631 2.26477
-0.611276 4.11482 -2.30344 0.131106 -2.81729
4.71594 3.90409 0.279762 -1.4916 17.9941
-3.75567 0.207717 0.174381 -0.451662 -0.858878
-0.947562 -4.58183 1.11953 -2.99555 0.987979
1.6534 -2.39455 -4.50905 4.12074 -22.5398
-4.84224 -4.30622 -2.84469 -1.05315 23.8476
2.84093 -1.21056 2.37848 -3.81448 -12.5118
-0.379711 -3.27257 -1.88335 -2.652 6.23729
2.03981 4.40229 -1.39094 3.45976 4.16752
3.7268 -2.78536 -2.19887 4.12787 -19.4571
2.07698 -2.81788 2.80572 3.47758 3.90443
-1.27105 -1.37746 -4.72657 2.91658 -12.0346
2.18508 2.50404 3.97419 -1.44605 -0.275318
-1.11552 -2.58641 -4.70425 0.577141 0.170174
3.30506 1.82522 2.15037 1.96233 10.2522
0.394275 -3.0337 -0.417745 -4.18815 0.553466
3.48633 0.0958688 -0.378792 -4.03099 1.86114
4.65397 -3.41492 1.61692 2.9808 -11.0732
0.0237116 -3.14833 -1.04778 -4.62153 4.76767
-2.87058 4.28919 0.791422 2.22634 -10.5505
-1.21033 1.13666 2.85756 1.12936 1.85148
2.91977 0.334916 -3.18356 -3.58179 12.3807
-3.15204 0.13616 2.34245 -3.80773 -9.34861
1.72693 1.55132 0.533835 1.84726 3.66515
3.98042 -1.56399 -2.04078 4.44095 -15.2883
2.12602 -0.328065 -0.629979 0.674938 -1.12267
-2.82056 2.26976 0.867069 -3.79447 -9.69205
4.33941 3.67589 -0.22606 3.01678 15.2692
1.11689 -0.514917 -0.860869 0.565728 -1.06212
-0.675468 -2.02415 4.52682 -4.13396 -17.3464
2.51276 3.01534 -3.88331 4.39376 -9.48554
-1.89204 3.54261 3.60414 3.10028 4.47108
-4.42849 -2.00103 -1.17525 0.594216 8.16317
-1.07021 -2.25279 3.8667 0.656466 4.94931
-0.836933 -3.61141 4.70815 1.48591 10.0184
0.477434 -1.66064 -2.13408 -3.05059 5.71735
2.85656 -1.42501 -0.218958 -4.72587 -3.03586
-2.77732 1.00848 3.53501 -2.23966 -10.7181
2.02695 3.8797 2.61324 -2.17668 2.17579
-1.11356 0.146496 -2.05756 3.28192 -6.91589
0.268549 -0.562023 -3.54924 2.78376 -10.0312
-1.50567 0.619588 -4.72241 -4.88251 22.1243
1.90487 3.99839 1.10433 3.46052 11.4379
4.25028 3.41233 -4.02684 -2.57828 24.8857
0.113693 -0.785567 -4.77522 4.2031 -20.16
-0.433286 -2.23977 -1.10646 0.845106 0.0353863
-1.95857 -4.90238 4.61434 2.53919 21.3183
-0.0124109 -3.06919 -3.44551 -1.58726 5.507
-1.88397 0.646583 -0.984568 1.24497 -2.4439
-1.2645 2.12023 -4.7898 3.13382 -17.6914
-2.94313 0.446811 -1.11751 -1.08083 -0.107176
2.72986 -3.19423 3.59814 2.35273 -0.254393
-2.55248 4.69245 -0.316558 -0.204185 -11.9127
-3.18264 1.02594 0.662787 -4.00622 -5.92046
0.884333 -1.62835 3.48723 1.00194 2.05398
-4.61497 1.18824 -0.766852 -2.35259 -3.6796
-0.808529 -4.27135 0.418499 -3.5236 1.97888
-0.938238 -1.18629 -1.92733 3.55929 -5.74692
-0.5929 4.11802 1.70995 -1.5717 -5.12911
-0.422629 0.398904 0.930678 0.883236 0.653419
-0.782469 -1.49176 -1.47978 -0.921684 2.53115
1.75316 -3.13527 -3.06922 -1.8407 0.152893
-0.832684 -1.44563 -1.74203 0.957776 -0.464716
-1.71801 1.34531 3.34841 -0.248367 -3.14289
1.54449 -4.2311 4.9009 0.0792161 -6.14664
-2.01521 -0.230621 3.56677 -1.01072 -3.14027
1.89687 2.59173 -3.42924 4.4815 -10.4519
2.21103 -0.378498 0.366997 -0.890072 -1.16352
-1.70773 -1.55559 -0.600054 3.28946 0.682677
1.08257 -3.44614 0.397619 3.41228 -2.37391
-2.51949 -0.38534 -4.56367 2.19583 -9.05022
0.516131 -2.68466 4.82196 1.36325 5.18788
1.25842 -0.503614 2.18967 3.74449 7.56543
-2.28163 4.99604 -4.8459 -1.57493 -3.76716
-4.14087 3.57226 1.80128 -4.75425 -23.356
4.04116 -3.85575 -3.93927 1.62037 -21.9648
3.81322 -4.60176 2.73911 0.46656 -16.2696
-3.26235 3.23104 -3.18252 0.577248 -12.3779
-0.217501 4.65728 4.07417 -0.660462 -3.70379
0.578074 -0.382408 -1.05837 1.32618 -1.62465
-1.89096 -3.07025 0.60835 0.398341 6.04805
4.54101 0.343154 4.73845 -0.267065 0.292794
0.324272 4.58001 1.666 2.4973 5.64568
2.74492 0.947467 0.830375 -4.24485 -0.924098
-1.81272 2.32764 3.4861 -2.59891 -13.2795
-0.792886 4.18566 2.68098 4.67677 9.21956
2.8685 2.64234 -3.65525 1.42791 2.36019
3.13937 -4.14273 -0.0065602 -1.7434 -12.9941
2.79752 -4.15696 0.191958 -0.711731 -11.7658
3.30973 3.1914 -3.24099 3.89157 -2.04988
-3.59644 -3.92087 3.33553 3.09885 24.4375
-4.07417 3.09643 2.96456 -3.73638 -23.6921
-1.09948 4.57579 3.68587 1.9915 2.30939
-0.24389 -4.52008 -4.92666 -4.29898 22.282
4.57086 2.17288 -1.7334 4.09773 2.82894
-3.83974 -4.84618 -2.87579 -1.52882 23.0046
0.679296 -0.985765 4.91165 -4.3475 -22.0231
4.92154 -3.27601 1.5147 -4.46168 -22.8811
-0.430497 0.810159 0.577231 -3.50267 -2.37062
-4.06974 -3.23125 1.91612 2.68633 18.2976
-1.96028 -0.255879 3.32788 -0.302929 -0.506519
-2.78157 4.23377 3.2184 -2.04342 -18.3531
-1.84099 -1.99978 2.73311 -2.84422 -4.09199
4.34964 -0.235438 0.71785 3.69322 1.62711
-2.5334 0.859252 -4.46556 -1.5159 4.59253
-4.39312 0.440155 2.53532 -0.118819 -2.2349
-2.12879 0.999011 -1.05591 0.897904 -3.07478
2.99598 0.389673 1.12012 -2.22381 -1.32348
0.944006 0.190651 -4.72374 3.36518 -15.7163
4.2214 -0.946409 -0.777828 0.930047 -4.71859
1.64593 2.60301 3.18163 4.32943 18.059
3.8124 0.250291 0.958458 1.00299 1.91554
0.236127 -1.95698 2.04039 -0.847502 -2.19133
2.70278 1.26625 2.77276 0.85788 5.80109
4.63977 -3.70857 -1.16843 4.86105 -22.8867
-2.09155 -3.32601 0.808677 -3.32921 4.26425
-2.82985 -2.61227 3.20557 -1.8683 1.40338
0.106596 -2.47926 -0.941195 -3.28255 2.82524
0.77773 -4.13703 -0.0687715 -4.52086 -2.90659
-1.53983 1.74579 -4.24899 -1.91797 5.46122
1.07552 2.70381 -3.18667 0.00315702 2.89793
4.44056 1.08129 -3.91004 2.21742 -3.86868
1.47644 -2.08197 0.428793 0.625577 -2.80565
-4.27992 4.67598 -1.22639 -3.33809 -15.919
-0.630227 -2.5967 -1.33607 -1.10153 3.10824
-2.91975 2.8057 -4.53435 -3.43703 7.39276
0.379527 2.90896 -3.40696 4.41887 -13.9509
2.46103 0.108569 4.07732 3.1383 13.063
-2.91446 -0.82053 4.89913 -1.59898 -5.44221
-0.0273204 -0.902773 -0.275376 3.6108 -0.969663
-1.74878 -3.70432 1.18632 0.266437 6.79412
4.8765 -0.648061 2.9113 -0.553256 -4.77097
2.23852 -0.206477 2.13352 4.06465 8.2098
4.36227 3.64581 -4.54579 -2.3755 26.7025
2.56261 -2.20289 0.795943 2.53411 -3.62816
2.08813 -2.8928 -4.40423 3.17726 -20.0339
-1.41582 2.2598 1.54027 1.16834 -1.39992
-4.55587 2.87275 -2.92083 -4.81557 0.977603
3.49602 -2.34623 -2.02411 -3.836 -0.437941
3.15574 4.6556 0.129212 -2.63905 14.3509
0.703114 1.06828 1.36158 -3.66193 -4.23487
4.93833 -0.0708335 -4.45747 1.85298 -8.60939
-4.04358 -2.15537 -3.08113 -4.67496 23.1196
-3.39007 4.44148 -0.453422 -4.90228 -12.8341
3.47346 1.08865 4.24237 3.68496 19.4143
0.828115 -3.00852 3.03247 -3.94672 -14.4597
-4.55326 1.71669 -0.371229 1.73035 -8.45887
-1.79441 -0.614558 -3.69523 4.55588 -15.7323
1.13462 1.48883 0.179092 0.0686992 1.70155
-3.04306 -0.373838 0.0889081 -0.258635 1.11462
-0.0917123 3.60622 -1.00729 -3.564 3.25923
-0.404058 0.385485 -3.39971 1.54343 -5.40298
-3.14842 2.03645 1.35257 -2.05847 -9.19581
-1.58935 -4.51573 0.741398 4.21853 10.3047
-3.7886 3.95959 2.17856 -1.85937 -19.0521
0.691769 3.15203 3.78043 3.95024 17.1141
0.78216 1.49501 -1.76567 1.51233 -1.50093
1.38977 0.862254 -3.11783 -1.69932 6.49651
-1.92221 3.80898 -0.629339 -3.30703 -5.24043
-0.251987 4.47201 -4.47902 -1.07649 3.69473
-2.89522 4.27066 -2.77997 -3.64912 -2.22006
3.22022 4.95374 -3.60409 -2.60193 25.3297
-1.22491 -4.80474 -2.51002 -4.81336 17.967
-2.2367 -3.08219 -0.895268 0.430673 6.50839
1.73914 0.745164 3.29351 4.09764 14.7915
-2.18614 -0.469451 0.0970264 4.53949 1.46673
-0.900963 -3.78917 -0.574081 -3.16712 5.23208
-2.68089 2.80717 -1.88592 4.40058 -15.8248
1.30099 -3.60658 -1.65095 0.711537 -5.86685
-3.26773 -1.22701 4.30733 2.94668 16.7019
4.18594 0.0736919 -0.772854 2.69234 -1.77231
1.96627 1.40758 -4.29076 -4.49891 22.0714
4.76011 -2.34151 0.653138 -2.6506 -12.877
0.58429 0.565899 1.76734 -1.44913 -2.23046
0.348261 -2.6453 0.874918 -3.04377 -3.58431
-0.239763 -4.7601 3.55374 4.67055 17.7392
0.988948 4.40871 -2.35915 -4.52976 15.0464
-1.302 -2.04287 -1.18442 2.61652 -0.43923
-4.4764 4.62599 -4.17217 0.322353 -22.0527
-4.36578 4.69117 -1.37113 4.72772 -26.9629
-4.39428 4.76111 -4.01377 3.79204 -36.142
-3.85306 1.29437 0.788315 -0.911541 -5.70585
0.673966 -0.295911 -1.31631 -3.59444 4.53197
-4.0399 -2.14021 4.3927 -1.65767 1.36461
2.67072 -4.88073 3.12111 4.84091 2.07397
1.32978 4.62426 -0.071134 3.18355 5.92277
2.73765 -0.453168 -4.65934 2.1463 -11.241
-1.93074 -0.0701057 2.73885 1.27563 3.62911
-1.62796 2.69111 -0.868123 3.20998 -7.16767
3.55869 -1.21552 3.42569 4.48247 11.0299
0.997803 1.79566 -0.111977 -0.498532 1.84753
4.53088 3.14592 3.34578 -3.66812 1.98106
2.57217 -1.33497 -1.51787 -1.0769 -1.79918
-1.85521 -2.05197 -2.26659 2.64971 -2.19898
-1.46563 -3.88075 -1.06551 -1.38433 7.16276
-3.78997 -4.59314 -2.30636 4.02353 8.12818
-0.484205 -2.24746 -2.47916 -1.724 5.36231
3.13124 -0.232764 -2.97138 -4.49336 12.6226
-0.118535 -0.134604 -0.971926 4.82556 -4.67413
-0.400258 0.878612 -1.33089 -2.55019 3.04234
4.27064 -1.99284 -4.86478 -0.491025 -6.12199
0.623292 4.85008 1.92946 2.39342 7.64101
4.77235 -1.28599 -1.08217 -3.00641 -2.88378
-2.58161 -1.66315 -3.31848 0.302175 3.29085
-1.85354 4.4813 -1.15229 -4.32787 -3.31927
3.6698 -4.49952 1.61482 1.3529 -14.3277
2.08733 -1.84257 0.865416 -0.227514 -4.04294
-1.313 3.89464 4.28398 -2.0632 -13.9524
3.03366 1.42446 0.272094 3.27644 5.21283
2.93388 -3.01522 0.996601 -1.56076 -10.4017
4.36101 4.08278 2.12895 -1.6513 14.2895
-3.5016 1.42058 4.97823 0.26913 -3.63453
0.234166 4.9703 -1.45313 -3.42188 6.13632
2.07338 -2.41057 -4.78209 -0.526936 -2.47817
2.9568 1.25949 -2.58642 3.29646 -4.80198
3.01659 -0.381737 2.63812 3.59819 8.34093
-4.06894 3.8774 -0.786408 2.2337 -17.5335
3.122 -1.86752 0.425246 2.16846 -4.90827
-2.06187 2.31954 -0.140425 2.69553 -5.1611
-3.90291 4.23298 -2.56288 2.9865 -24.175
-3.14707 4.19041 2.08743 -0.455394 -14.1381
1.9104 2.15302 1.64799 1.57594 6.71026
3.50817 3.27358 1.5754 3.1642 16.4692
0.711516 -2.19095 1.1944 -1.01837 -2.77524
4.13182 2.22776 -1.50032 2.30843 5.74133
0.817881 -1.25295 2.65897 -1.52732 -5.08585
1.55005 4.17634 1.39275 -4.46636 0.25298
1.1778 0.208342 4.38463 -3.34204 -14.4082
-2.61521 -2.18643 3.0656 -2.28837 -1.29726
2.24183 4.07285 4.08825 1.59546 15.6533
-3.8929 -3.25105 1.33551 3.45627 17.2719
4.56495 0.304977 4.70611 4.43261 22.2525
0.186994 3.85779 -4.49148 -0.765972 4.16173
4.76797 -4.82402 -3.3784 2.8591 -32.66
3.87628 -2.55835 0.99436 -1.17325 -11.0835
2.8015 -1.86948 4.89141 -0.735519 -8.83507
-4.17605 1.81311 1.31652 4.65538 -1.44272
4.338 -0.642716 4.9942 3.07498 12.569
3.29485 0.838488 1.47976 0.929165 4.13763
-1.1583 0.160171 -2.56627 -4.22821 10.6652
-1.56014 1.00825 -2.59926 0.259472 -2.24744
-4.45223 4.19155 -2.95385 -0.424741 -17.4071
-0.486517 -4.09932 3.96596 1.06677 6.22514
-0.659777 3.42162 1.67546 4.84851 5.86601
-2.51088 4.66791 -4.92212 1.89935 -21.0694
-4.21699 0.112343 -4.1703 1.4244 -6.41394
-3.40074 3.28578 -3.56318 -0.0578436 -10.968
4.45316 -0.110889 1.42684 2.45889 3.01463
-3.32922 2.48825 3.18557 -0.506445 -9.89726
0.437433 0.280942 4.28158 -1.02614 -4.27061
1.84599 -1.39478 -2.09108 -1.96404 1.53222
3.61412 -2.74536 2.53224 0.974439 -7.45454
2.64702 -4.55792 2.91012 3.73451 -1.19703
-2.12547 3.88966 0.0828661 3.05867 -8.01389
-3.2461 -0.394484 -3.73693 -0.63071 3.63745
0.433363 -0.899662 -4.11808 4.04437 -17.0449
-4.65929 0.958168 1.1739 -2.45768 -7.34945
-4.77617 3.54569 2.01374 -2.55054 -22.071
2.36491 -1.40695 -3.44673 -2.41615 5.00048
-2.262 -4.02351 -3.45584 2.49936 0.463787
-3.62246 0.314135 -3.58002 1.48153 -6.44184
1.84183 -1.43581 4.78918 2.79329 10.7331
4.91918 2.3217 4.15331 -1.74198 4.18589
4.46771 0.409986 -3.61054 3.94894 -12.4261
2.17159 2.72749 2.38863 1.65314 9.87174
-3.61801 -1.18439 -0.713218 1.39413 3.2908
1.47625 -2.75174 3.01259 4.71602 10.1452
3.29006 4.96022 4.79571 -1.57346 8.77356
-3.20741 2.26108 3.82781 2.13631 0.925172
0.312777 0.6588 -2.685 0.644542 -1.52453
1.36197 -2.51642 4.3979 3.2975 11.0748
-4.59592 1.26423 4.15631 -1.69137 -12.8402
1.82498 -1.53391 3.05646 -3.95471 -14.8868
-0.985732 -3.46785 2.21668 2.46299 8.87802
0.576301 -0.108662 0.299635 -0.0316728 -0.0721125
0.918367 -2.47784 0.289453 -0.230855 -2.34238
0.0804287 -1.50532 1.76689 0.703322 1.12162
3.55986 2.77298 4.8621 -0.238881 8.70994
-3.61835 0.249602 -3.64158 3.10568 -12.2127
1.23145 3.47232 3.3977 2.43509 12.5497
2.35559 4.17298 -2.94186 1.98416 3.99272
-1.6216 1.54479 -3.52293 4.57795 -18.6328
-0.597089 -0.33551 4.09514 4.88931 20.2227
-3.14292 0.518356 -3.33858 4.39513 -16.3026
-1.52539 1.65926 0.999268 -1.26002 -3.79013
0.182131 3.28933 1.17942 -3.393 -3.40269
1.40683 3.60041 -3.40976 -3.40215 16.6657
0.476246 -1.25282 3.00496 4.91615 14.1762
3.10193 -4.51053 -2.14371 -0.366448 -13.2058
3.48976 4.36568 3.39281 -4.17008 1.08686
0.913105 -3.29516 3.05502 0.889042 -0.292786
-4.94904 -4.46818 -0.95445 2.55737 19.6723
-3.26476 0.00835577 2.64625 0.676964 1.76414
1.07507 4.82192 2.61956 2.66411 12.1627
-2.76275 1.12061 2.14 -4.33139 -12.3651
-1.52885 -0.180726 -1.94784 1.69975 -3.03453
-2.05927 2.21055 2.65539 4.79266 8.17427
-2.42627 4.88054 3.82614 3.28024 0.709174
-2.25829 1.18351 -4.78295 3.63829 -20.0744
-1.54265 -2.99885 -1.59736 2.76876 0.203456
-4.81964 -0.733019 -3.25875 4.18451 -10.1034
0.945899 4.40272 4.3994 -1.45131 -2.22037
-2.79254 2.39582 -0.683661 -4.98869 -3.27986
2.31422 -1.46741 -2.996 3.47524 -13.8077
-0.22163 -2.10008 -2.58831 3.05613 -7.44478
-4.45646 -1.73811 2.83911 3.53571 17.7841
-3.47721 -3.61952 0.471966 -2.36286 11.4707
-1.25742 1.80408 -3.25132 -2.94427 7.30428
2.80039 -2.22467 -1.08818 -2.66761 -3.32712
-2.58407 1.29494 -3.30003 2.1297 -10.3743
-4.31926 -4.95404 -4.83472 -0.0279724 21.533
-1.52982 0.989961 0.740724 -1.06349 -2.30221
-0.683473 -2.64605 4.98764 0.597354 4.78789
-2.15619 -3.48409 -0.886682 4.01751 3.95009
-3.44703 -3.90489 -1.77814 -4.40626 21.2952
-0.554034 -3.41999 3.459 1.88042 8.39917
4.69917 -4.69901 1.8229 -1.53365 -24.8771
2.21672 3.60169 1.867 4.7398 16.8331
-1.04959 4.34668 4.4582 -4.21915 -23.372
-3.59133 3.25063 -4.27985 -0.113931 -11.1865
1.8699 3.38186 -0.00725628 2.80095 6.30342
3.28157 2.32654 0.12657 -0.282283 7.59897
-3.48418 0.185405 -4.81754 -1.67624 7.42935
0.319076 -4.99989 -1.84171 3.12319 -7.34736
-4.51103 3.26114 1.67698 0.309175 -14.1926
-1.69689 -2.11104 -1.40897 -4.43878 9.83633
-4.19978 -4.99004 -2.44033 -4.64016 32.2806
1.84166 2.94588 0.666113 -0.153877 5.3228
-1.09926 4.64219 4.9019 -3.70102 -23.245
-1.66748 0.661827 2.64487 2.51158 5.53921
2.94789 4.46947 -0.63484 4.43397 10.3607
-2.23498 2.81541 2.86151 -1.75199 -11.3057
-2.24511 2.20039 -0.796974 -3.22374 -2.37089
1.78479 -1.40126 -2.45982 0.322541 -3.29435
4.78887 -1.42303 4.14275 4.25537 10.8142
4.9043 2.91759 3.19071 -0.726296 11.9913
1.95408 -1.29661 0.577233 -2.72902 -4.10894
1.75406 4.24996 -4.85589 1.636 -0.489541
4.12793 -4.6821 -2.55379 3.34744 -27.876
2.6908 -2.05859 4.39256 3.65761 10.5271
-1.18204 1.22766 0.0906314 -3.25595 -1.74624
2.1188 -1.50252 -0.975919 -2.45416 -0.788474
1.65858 3.75181 -2.64257 2.55485 -0.528711
2.10957 -2.96676 0.200568 2.21186 -5.81494
-1.07515 -4.22625 -1.59656 -4.55849 11.8217
-2.41104 3.89739 4.32099 1.77188 -1.74052
-1.95379 -3.33149 3.18496 2.26129 13.7112
2.69875 0.622899 -3.46242 -4.20688 16.247
4.94986 3.83783 4.93488 -3.52171 1.61755
-1.63747 -1.97656 -2.09955 -3.63906 10.8769
2.09674 -1.92343 -0.771214 -3.33282 -1.46261
-4.79333 3.63559 3.17959 4.36617 -3.54393
-2.13584 1.98164 -2.3404 0.490275 -5.37992
-1.68025 2.04305 -4.78336 3.98881 -22.5127
-2.87117 2.88336 -3.30258 0.437711 -9.7242
3.28379 3.03118 -3.09381 -3.76506 21.6021
-4.57774 -0.222274 -0.479699 -4.01279 2.94245
-4.94659 -3.82624 -2.39777 -3.88928 28.2524
3.70826 2.12015 1.26294 -3.28727 3.71042
4.48731 4.55565 0.109843 -4.12522 19.9895
0.86616 -3.3088 -3.22998 0.980299 -6.03229
1.75696 -0.819205 -3.59084 4.52352 -17.6825
-1.74269 -3.84552 -2.14449 -3.17754 13.5157
4.96484 -1.23139 3.04089 -0.373359 -7.24902
-0.215404 -1.5976 1.69305 -2.78316 -4.3679
1.81347 -0.619686 2.12001 3.80836 6.94999
1.35087 -1.0682 -4.02858 1.29384 -6.65535
-0.827811 1.05825 1.35565 3.81404 4.29447
2.51896 -1.79772 1.65042 -0.709607 -5.69955
-1.48731 -2.20855 -1.19979 0.296129 2.92951
-0.790834 -4.67019 1.20747 3.58876 8.02667
4.79845 -3.17756 -1.94425 -2.85341 -9.69965
-4.5831 -4.3209 1.56218 4.31738 26.5476
3.4267 3.12967 -1.10423 -1.1704 12.0168
2.7128 2.21607 0.969739 0.903881 6.88829
3.5783 -3.42582 4.41173 -4.12727 -30.467
1.94478 2.33444 -2.80102 2.69309 -3.00342
-3.56847 2.5367 3.56293 0.954986 -5.6496
3.85156 1.85991 -1.7003 -2.12133 10.7705
-2.61048 -3.72422 3.99528 -1.17951 5.00951
2.68806 3.46345 2.65118 1.59316 13.5337
-1.90427 -1.47311 1.61898 -0.51934 1.96439
-2.38013 -4.12539 1.71212 1.54072 12.4569
-0.859794 -4.74254 2.88706 0.665828 5.99989
2.5145 0.303078 -0.489024 1.33981 0.106888
-3.56306 0.124652 0.566915 -3.43352 -2.39065
-0.713494 -0.167883 -2.64256 4.80224 -12.5704
0.67496 0.760355 3.0909 3.18602 10.3609
0.55231 -0.11068 -3.60383 -4.26926 15.3246
2.98286 -0.642098 3.56218 -3.49315 -14.3585
-4.02408 -1.27579 -0.414311 -1.54479 5.7739
0.536756 -4.34897 -2.08725 -4.14581 6.31901
4.97753 -3.98415 4.60111 -3.9253 -37.8919
-2.84493 -1.43201 -4.18501 4.27322 -13.8095
-2.56238 -4.93479 -0.499683 -0.235046 12.7622
3.19797 2.0741 3.23701 0.569 8.47476
-0.203608 3.11937 4.88473 -1.37552 -7.35415
0.946499 -1.64426 -3.08101 -3.27658 8.53889
3.76436 -4.32656 4.8805 0.0240216 -16.1695
-1.49416 -0.145544 -1.96212 -4.23571 8.52845
-4.20412 -2.18413 2.21228 2.16708 13.9765
-3.76098 -4.85183 1.88589 3.37783 24.6179
3.63106 2.21321 -4.4166 2.86757 -4.6286
1.25831 -0.209775 2.74631 -2.54064 -7.24135
-0.942607 -4.43832 -0.83279 2.59022 2.02648
1.8979 -4.05073 -1.25218 -1.94494 -5.25246
4.97625 -4.55535 -2.9467 -4.7158 -8.77252
4.61946 4.1178 -0.471077 2.71222 17.7444
-3.69131 -3.27194 -1.08135 1.94829 9.97095
3.45576 0.405777 3.67294 -0.933982 -2.0282
0.73524 1.41995 -0.502387 -0.528465 1.3095
-4.53375 0.635753 -3.49241 3.09762 -13.7005
-0.0838754 -4.65048 -2.43114 4.87878 -11.4709
3.27513 1.84476 0.487142 3.3455 7.67155
3.88599 4.1341 -0.300593 1.26789 15.684
0.846999 4.42496 -3.01926 4.7285 -10.5286
-2.03122 -2.29595 -0.973411 -3.05371 7.63609
3.70633 3.2662 -3.18595 -3.78382 24.1607
0.380826 -0.58379 -3.97487 2.63119 -10.681
-0.872468 -3.03442 -3.96529 -0.13149 3.16883
1.98024 1.27244 4.14057 -0.891171 -1.17021
3.8883 3.45291 -3.28355 -1.94953 19.8273
3.96755 -4.39525 -3.88352 -1.29806 -12.3973
-2.30024 -3.77284 -3.13755 -1.5434 13.5209
-1.17399 -2.23467 -1.51821 -3.98779 8.67779
-1.41401 4.68449 -1.45663 4.71169 -13.4872
-2.95726 -1.57385 1.06492 2.38911 7.19849
1.71403 -3.27689 -2.20121 2.75704 -11.6855
4.96608 2.9523 -1.23613 -1.38819 16.3774
0.332242 1.43169 2.97331 -2.55646 -7.12548
2.71054 2.8877 -3.7531 -1.11499 12.0119
-1.76124 -3.18861 -0.967896 -1.17923 6.75726
1.7823 -1.38896 4.82081 2.14507 7.86542
1.40962 0.137649 2.96752 -0.222996 -0.467712
2.2826 3.92447 4.56262 -1.7334 1.04913
0.92779 -3.46287 -1.18812 -1.38828 -1.56337
1.36178 -2.65891 3.23548 2.25736 3.68281
0.230476 2.42117 -3.64704 0.201666 -0.177464
-3.88393 3.55684 2.1603 2.25389 -8.94546
-4.05978 -2.41704 1.71679 -2.37174 5.74087
3.4854 2.09268 -4.74908 -3.69715 24.8519
-0.869968 -2.21418 -3.98691 -1.37204 7.39646
-4.15086 3.72508 1.11978 1.3536 -13.9465
0.285212 4.13018 -2.1914 -0.0053905 1.18979
0.676329 0.334013 3.72149 2.38306 9.09443
0.428308 1.26237 4.58278 -4.02971 -17.9266
4.86156 0.305149 1.94332 3.77053 8.81084
0.940445 3.99832 3.57807 0.657141 6.1115
4.34845 1.31547 4.79006 -4.64253 -16.5177
-4.74926 2.33688 4.79156 -3.44827 -27.621
3.62279 -1.53387 -0.266809 -3.9352 -4.50692
-2.1531 -2.78698 1.36615 -4.52979 -0.187739
-1.63072 2.76658 0.712431 1.20698 -3.65163
4.63815 -3.20947 3.29854 -2.10987 -21.8455
3.04974 -2.75001 0.283756 2.74891 -7.60679
-3.73297 -2.92877 -2.88669 -0.739076 13.0665
2.82509 -0.403817 -4.47321 3.67398 -17.5753
3.36396 -4.89092 -4.24943 -4.85489 4.1777
-0.163944 -4.82076 4.92193 -4.72207 -22.4514
2.08839 -4.48903 -3.12972 -4.28158 4.02532
4.17093 0.83392 3.10921 -1.0356 0.25834
2.09961 -4.79218 0.974643 0.476188 -9.59758
-1.54443 2.99631 -4.59 -2.60698 7.33848
-3.42392 3.65562 -0.241801 -1.44557 -12.167
-3.44402 0.206464 4.60819 -1.77928 -8.9103
-4.82573 2.28316 -0.966922 0.869703 -11.8588
3.91954 -1.80765 3.27927 0.907247 -4.11002
-1.37476 -1.74671 3.36491 -0.453848 0.874159
0.896798 -1.7506 -0.62854 -0.550567 -1.22388
3.50809 2.15778 3.04128 -4.78433 -6.98081
1.57565 -4.83828 -4.10512 -2.00729 0.616691
-0.362171 -1.80677 -4.42885 -1.34567 6.61412
1.32359 4.36843 3.25526 4.98413 22.0067
4.53909 -1.30603 -0.570904 -0.34132 -5.73331
-4.16504 -2.85193 -2.37532 -0.722218 13.5939
-4.93483 -0.50637 -0.69448 4.03823 -0.305616
0.94756 4.80209 -0.508115 -2.50286 5.822
1.14698 -1.46198 1.56729 4.60389 5.53878
-4.01226 -2.57553 -2.61799 -0.692253 12.146
3.666 -4.10085 -3.89587 1.49882 -20.8729
0.0221902 3.3989 -3.69554 2.66533 -9.7744
2.21013 3.26054 -0.382123 1.74358 6.53996
0.0748919 -0.344999 -0.250181 -2.93963 0.709603
-1.696 1.19156 -2.47024 -3.96682 7.7781
1.19334 4.49547 -4.83724 0.199819 4.39805
1.26658 -4.74229 -3.79106 -4.95262 12.7692
-4.2243 -1.5222 3.4092 0.805885 9.17765
2.83295 3.99757 1.80201 0.641812 12.4815
-0.518209 1.64464 3.34726 2.57933 7.78144
-4.48956 -4.13226 -0.945064 3.19035 15.537
2.51568 3.67749 0.856109 3.02995 11.8454
1.5119 -0.451955 -2.62872 0.218245 -1.25701
4.08909 -4.36056 0.891718 4.86215 -13.495
1.68389 -1.70911 1.75074 -4.58307 -10.9017
4.28982 -2.61533 1.39317 -0.0984903 -11.3565
-2.21753 -4.05563 1.09759 -4.48566 4.07006
-1.76341 3.89317 2.82758 -4.21109 -18.7725
3.43884 3.59051 -2.65575 -2.47732 18.9263
-1.59538 -0.394983 -0.638628 -3.65514 2.96442
2.99469 -4.20045 -4.0331 -4.29929 4.76041
-0.0457262 -4.07653 3.0653 -4.95118 -14.9905
4.47808 -2.67265 -1.44665 -1.41125 -9.92675
-3.23412 0.0367903 -3.41241 -0.860633 2.81785
-0.500996 0.316286 3.25297 3.64464 11.6974
0.359181 -0.567284 -4.44968 0.776783 -3.66019
-2.2828 3.44918 4.82197 -0.96706 -12.5369
2.73661 -4.0089 -4.11912 2.58844 -21.6329
4.95885 4.63703 1.06723 -0.912422 22.0206
-0.335005 2.90216 -3.19244 0.92943 -3.93938
1.4716 3.37246 -0.875437 3.21866 2.14518
-0.71298 -4.94924 2.12614 -1.49635 0.347263
-1.27071 4.03096 -4.57841 4.35348 -25.0542
-3.09604 -3.04614 -0.802109 2.24011 7.63415
-2.39585 -2.42011 0.169384 -2.62968 5.35281
-4.36226 -0.506857 -3.55383 0.565449 0.201535
1.50089 4.70838 -2.94497 -0.436136 8.35116
-3.86633 1.98375 3.24418 -1.5446 -12.6808
4.14345 -2.05397 4.38995 -1.35531 -14.4603
-0.150998 -2.18289 2.61201 2.937 8.00111
0.741646 -3.08916 -0.148175 -0.242118 -2.25519
-3.80086 3.91241 -2.63495 0.27516 -15.5955
-2.72234 0.317003 -4.81841 -2.18303 9.65574
-3.12111 0.0182017 1.31115 4.43366 5.75638
-2.03035 2.51207 -2.39018 -2.87624 1.77436
-0.24615 3.76443 4.73807 1.05494 4.07175
4.07523 1.95917 -1.91446 2.72006 2.77666
2.04409 4.51795 -3.3701 -4.40857 24.0924
-4.13651 1.09631 4.83559 -2.62964 -17.2507
-3.03454 0.672839 3.02989 -0.206736 -2.66815
4.02874 1.19574 -2.41399 -3.35256 12.9104
3.75297 2.83019 2.34324 -0.326585 9.85635
-0.016067 4.52302 2.87811 2.33992 6.66188
-2.37406 0.396772 -4.85133 -3.57717 16.4121
1.04997 1.3415 -2.13842 4.9324 -9.13899
-3.69791 2.53102 0.53347 0.871216 -8.89472
-1.00812 3.78187 -0.793423 -3.34661 -1.15729
-1.0429 4.23932 0.340134 0.58142 -4.22345
-2.17955 2.22277 -3.69027 -2.01343 2.58548
-4.96283 -0.00991813 -2.72071 -3.46376 9.4731
0.187028 1.77047 0.17514 1.39938 0.576214
-3.55111 2.7143 -1.93285 0.641766 -10.8792
0.852769 2.79341 0.822383 -1.74353 0.948283
0.260048 1.76916 4.79321 -3.47248 -16.1843
4.31801 3.84864 -3.91149 -4.41734 33.8969
-3.26278 -0.118718 0.899782 -1.68536 -1.12911
-4.31384 -1.77359 4.22992 1.33407 13.294
-3.31339 2.0924 1.97808 1.18139 -4.59602
2.25626 -2.59429 4.30585 1.07283 -1.23396
3.48071 -2.87159 4.55933 -1.93096 -18.799
2.47262 0.534581 -2.97946 3.86682 -10.1992
0.362867 1.78909 0.501845 0.462536 0.881323
-3.14997 -4.18839 -0.875987 -1.02871 14.0945
-1.93324 4.57798 1.03137 -4.6526 -13.6489
-2.51965 0.48803 4.00026 -0.330089 -2.55011
-3.06805 -1.60591 -0.65195 -2.52519 6.57332
1.63583 -1.9577 -4.72117 1.54226 -10.4838
-3.03898 2.70646 0.771724 -2.31242 -10.0094
-0.260847 -2.17248 1.38115 -4.92638 -6.23736
-1.43051 2.91432 -1.01871 3.43741 -7.67072
-4.87161 -2.36351 -2.85242 -4.54502 24.4784
0.651758 -0.312139 -1.89291 4.07955 -7.92564
4.81599 4.70586 0.822575 0.867585 23.377
-4.48663 4.68912 2.77303 -0.926413 -23.6073
4.75769 2.81848 2.51643 -2.46795 7.19902
4.24163 -1.75906 -3.47907 -2.02272 -0.424089
-0.746322 -0.701889 -4.14231 -3.31139 14.2407
-3.6312 -0.124535 4.13249 -0.021809 0.362084
-4.58604 4.04226 -2.86568 -4.2142 -6.46139
-3.21552 -3.04249 4.54508 1.56415 16.8924
-1.61736 2.59854 3.34618 4.50625 10.8759
4.45151 3.691 0.210132 4.42142 17.3596
-0.119818 -0.691617 1.76759 -1.8535 -3.19336
-2.05522 -1.0774 1.36898 3.91875 7.579
-1.56634 -3.05221 -3.94267 3.63121 -9.53588
-3.48499 4.43427 0.986866 0.559238 -14.9015
-4.18148 -0.959444 -4.38086 -3.74346 20.4114
3.30439 3.78338 3.97492 -0.996863 8.5393
2.22632 -1.44059 -1.85382 1.37223 -5.75109
-0.505732 1.94467 -1.58076 4.26284 -7.72203
-2.79596 3.87749 2.05631 2.75408 -5.17807
2.52013 -3.54803 4.35589 -3.03488 -22.1611
2.3872 1.54774 -1.88496 -1.64301 6.79178
1.51948 3.88417 2.60101 -4.05463 -4.64423
-1.12311 2.94221 -0.130591 2.44979 -3.62433
-0.635694 -1.64832 3.93482 -4.88326 -18.1669
1.00357 1.53485 -2.14294 -2.34637 6.56846
4.54714 1.95629 3.22508 -1.21801 4.96733
1.48418 1.68126 -1.37497 0.705981 1.5246
3.41371 -1.00474 -1.03486 -1.84512 -1.52047
4.90331 -4.38053 4.56443 4.15907 -2.49534
-3.71391 -3.13182 -0.696226 0.101754 11.5604
4.50515 -3.46448 2.41057 -3.36601 -23.722
0.399154 2.05278 -0.508605 3.97084 -1.20022
1.26004 -4.37845 -4.21113 2.8506 -17.5212
1.69167 2.98885 0.766054 1.56469 6.25477
1.18084 3.23539 1.77966 -3.16622 -1.81429
1.36631 -4.15155 -2.2404 4.79979 -16.4258
-3.20204 0.173913 -3.67538 0.297666 -1.65091
1.60567 3.20552 4.08189 -3.10405 -7.52339
4.35895 3.79621 0.560688 0.0623016 16.5824
1.58018 -4.28044 3.61302 -1.71788 -12.9706
4.90841 1.67029 -0.681306 -4.26087 11.1014
-2.90271 3.81498 -1.51803 0.209407 -11.3917
-0.754226 4.37479 -3.29229 3.18553 -13.7873
-0.595923 -0.262223 -1.86941 4.354 -7.98315
4.13434 2.20145 4.09308 1.20721 14.0428
-4.21125 1.23302 2.94095 0.209466 -4.57653
-2.85587 -3.74746 -4.65465 2.53107 -1.07898
0.781835 0.123166 -2.131 -3.68629 7.95179
2.63409 -0.066741 1.03628 4.83302 4.83259
1.64133 -4.84152 -0.0400234 -1.25506 -7.89632
0.0139263 -3.83437 -0.0340841 4.67265 -0.212661
-0.564337 0.841585 -2.66887 1.90304 -5.55391
-3.62125 -4.9982 -3.67487 -3.37792 30.5131
4.8997 -2.2832 -4.817 0.496465 -13.5785
-4.46925 4.2208 0.23723 2.50864 -18.2687
4.88912 -4.71783 -2.97786 2.04559 -29.1575
3.33952 -1.50189 -3.35771 3.67913 -17.369
3.54362 -1.9308 -2.803 1.54946 -11.1852
-0.837437 2.98105 -2.86672 4.1049 -14.264
0.238834 -1.04534 -2.43697 1.97321 -5.05832
-2.41647 1.49668 0.608578 -3.02149 -5.4555
-2.63144 3.75962 0.651227 -0.309666 -10.0949
-4.63177 -0.343955 -0.911527 -3.77564 5.03472
-3.51083 -4.16061 -3.90729 1.72558 7.86487
1.55945 2.7528 0.0659743 2.10022 4.43142
2.38685 3.49078 2.35519 -1.78081 4.13781
-3.70939 3.23773 4.02148 1.5943 -5.59852
0.870512 -0.862719 -3.40749 1.08845 -4.45989
-1.36435 2.97042 -3.56414 1.54368 -9.55458
-0.350501 -1.16667 -4.37224 -4.86691 21.6882
-3.4838 4.92504 1.94785 -0.910722 -18.9318
1.12583 4.37853 -4.12308 -0.376716 6.48271
-4.99062 2.6204 0.689472 -4.88696 -16.4468
-3.09639 1.41106 -3.39318 2.84491 -14.0225
1.0239 -3.36432 1.79578 -2.2532 -7.49097
1.80584 3.75925 -0.836554 1.82223 5.26421
-4.18236 2.69668 -3.28485 -3.02989 -1.32577
4.78875 -1.56328 -3.3709 -3.62152 4.72165
3.11467 -1.25854 3.51932 -4.0886 -18.309
-1.12311 -2.9449 3.29282 -2.13828 -3.73356
2.99768 3.67384 -3.85561 -1.12062 15.3337
3.33227 2.84277 -2.80013 2.64866 2.05628
-1.95524 -0.725189 1.2626 2.20612 4.20338
3.35026 -1.74348 -0.756772 4.91947 -9.56403
4.9846 -2.34007 4.37419 1.82281 -3.69099
1.06276 3.58399 -3.20485 3.18199 -6.38888
3.46239 0.379006 3.84725 4.03044 16.8184
-2.03223 -2.5399 -3.82158 -1.30837 10.1617
-0.985454 4.76318 2.93417 -3.91516 -16.1816
4.18365 -4.41 -0.809827 2.23756 -20.2619
2.32078 1.11887 0.464841 -3.5249 0.958145
-2.00415 1.81393 3.97115 4.3986 13.8321
-1.91383 3.33969 -1.55499 -0.872922 -5.03421
-4.61113 -3.84542 2.21184 4.91003 28.5919
-2.75628 -1.76528 3.37055 4.49472 20.0153
3.51908 -1.02519 3.26067 -2.73699 -12.5322
-1.73469 3.1907 1.7415 -4.30625 -13.0342
-2.02898 0.0296183 4.44824 1.62451 7.16609
-1.47005 -0.0474859 1.95243 2.46903 4.89041
-0.586176 -1.17956 0.771493 3.13255 3.10817
-4.24868 2.35913 0.251996 -4.61035 -11.185
-2.03365 -4.30695 1.30832 -1.92043 6.24631
-1.63616 -3.7019 2.28918 3.46719 13.9939
4.35105 4.1659 -3.79922 4.0616 2.69511
-2.52633 1.56938 -1.23344 2.19259 -6.6692
1.4011 -4.97926 -4.09661 -4.40189 11.0564
-2.27182 -0.369148 0.500417 -0.656 0.510364
2.64622 -2.94801 -1.93882 -3.97022 -0.103506
-3.99052 -4.36221 -2.84142 1.01557 14.5218
3.71103 -4.06351 0.14475 0.951177 -14.9422
-3.12787 4.59363 -0.455034 -0.384989 -14.1931
4.42018 2.28705 -3.10081 2.38278 2.72064
-0.0371717 4.42807 -2.91596 1.6388 -4.94329
-3.0176 -3.18322 1.65545 -1.86423 6.51953
1.49221 0.561716 -1.39038 -3.73139 6.02626
1.77347 3.14108 2.68594 0.432373 6.73194
-0.271888 4.54496 -2.85411 -2.42195 5.67679
0.0903921 -4.5643 0.376789 2.21376 0.421543
-0.262771 -1.70195 3.15749 2.09064 7.04837
4.14921 1.67237 -3.62574 4.9603 -11.0457
-3.90157 4.96346 -2.87655 -0.357556 -18.3367
3.96674 2.0867 0.595558 -2.51523 6.77942
-4.92135 3.87307 -4.60249 -3.88065 -1.20008
0.86112 -2.58584 3.77894 1.47791 3.3582
1.13525 -3.57573 -1.13894 -2.64471 -1.0472
0.503095 0.333291 -4.06357 -0.672798 2.90164
2.99426 -4.58941 1.61375 1.11953 -11.9352
-2.65368 -4.25493 1.82986 1.31476 13.6971
-2.51077 1.91768 -3.67167 -3.54436 8.19888
3.73644 -0.850619 -3.7341 -2.01287 4.33795
-2.66711 1.75203 -2.1087 0.170245 -5.03183
4.53381 -4.09641 3.68756 2.67312 -8.71509
-0.649496 -4.73846 -4.44699 1.89991 -5.37126
2.927 -1.29932 1.28243 1.82123 -1.4675
3.07052 4.38181 3.4075 0.188759 14.0976
3.38343 -4.25127 -2.63538 2.56124 -21.1337
-4.84044 3.71402 4.38805 -2.62434 -29.4932
-3.30641 1.64821 -4.98607 4.85053 -29.6347
-4.64024 3.05428 2.51471 3.74569 -4.75326
0.471902 0.479921 2.06099 2.11615 4.58785
-2.52257 0.579003 -0.227659 2.71889 -2.07956
-1.67781 -2.98935 0.17405 3.71274 5.66177
2.15849 3.18805 1.68638 4.74807 14.8884
-2.49034 4.28602 -2.33824 -0.800289 -8.80237
4.36986 -1.47483 0.075338 1.728 -6.31462
4.34779 -0.929027 1.53152 2.63561 -0.00272966
-0.817626 1.77208 0.669107 -2.28697 -2.97913
-1.04911 0.290941 -3.49491 0.948026 -3.61849
4.51906 1.89897 -3.44541 2.07724 1.42459
-2.68489 -3.65777 4.00489 1.92801 17.5422
2.95001 -2.21123 -2.44341 -1.16244 -3.68281
3.28624 -4.71028 -0.121462 0.987457 -15.5991
-1.4308 2.87493 -1.98522 2.01439 -8.11247
-3.39586 3.44775 2.07035 2.18971 -7.17461
2.8048 -4.99362 -1.21073 -1.23882 -12.5062
1.49649 1.01227 2.48091 4.27201 12.1133
-1.59824 -4.27627 1.02673 -4.71218 1.99637
-0.603214 -3.26129 -2.87161 2.4415 -5.04379
4.17103 -3.0327 -3.59746 3.18059 -24.0916
-3.93313 0.597523 -1.31315 -1.03508 -0.990916
3.51978 4.90535 -4.28167 -3.54498 32.4442
-4.84271 0.347076 3.48958 0.311309 -0.594453
1.41878 4.46137 2.56287 1.01855 8.94008
-4.70842 1.75066 -1.68013 0.469404 -9.03152
1.00382 -2.3474 1.03219 2.44275 0.165016
2.858 -1.02864 -0.745724 2.60275 -4.88078
3.31149 -3.12328 -2.39133 4.61227 -21.3721
0.22123 3.11995 -4.10189 -3.11397 13.4634
3.3073 -0.0723994 2.4205 -1.67884 -4.30309
-3.74482 -4.05066 4.13499 -3.5063 0.670506
3.51853 -4.35106 -4.88797 3.90998 -34.4212
1.22954 -3.40508 -3.82929 -4.3195 12.3539
-4.2178 -1.6925 -2.50246 -3.67137 16.3261
1.99907 -1.65396 0.256133 -1.36856 -3.65692
-3.20364 4.68279 0.920838 -4.54944 -19.1913
4.12662 4.29955 3.06726 -2.07351 11.3827
-1.79403 2.4936 -2.21146 -3.41706 3.08308
1.35133 -1.11849 -3.12812 -1.50324 3.19085
3.92657 -3.63981 4.29847 -1.23127 -19.5845
1.89044 -4.38971 -4.21031 -0.625422 -5.66527
-2.0283 -1.69131 -2.01488 4.83252 -6.30644
1.0672 -0.139889 -3.51449 -3.34616 11.6107
2.55032 1.59848 -4.28819 -1.33619 9.80647
-3.44114 -4.53722 -1.13938 0.4174 15.1377
0.576712 0.736066 0.110366 -4.88334 -0.114458
0.569408 1.04662 -2.38265 -0.371044 1.48002
-1.64201 1.37962 -0.759838 4.55598 -5.72716
2.36057 -1.69245 -2.20702 1.161 -6.5575
3.49392 -4.55932 2.84064 1.23744 -12.4148
-2.24679 4.66241 4.46281 -1.52623 -17.2867
2.4898 -2.52496 4.25816 -0.0487055 -6.49405
3.38539 -2.05375 2.31857 1.85348 -2.65533
-4.86748 -3.1042 4.68513 -4.74926 -7.14131
-2.84513 -0.525408 0.642261 -4.90449 -1.6551
4.57802 -1.49392 -3.47899 -1.12319 -2.93165
2.71506 3.47109 -2.37346 -4.78695 20.7859
2.82619 -3.82093 0.846226 1.79146 -9.28271
-1.7239 1.56844 4.21578 2.45262 7.63587
-3.1415 -3.16975 3.34362 -2.19344 2.62376
2.71654 1.78736 4.96349 3.43335 21.8968
3.03791 2.02141 -1.24583 -0.96044 7.3374
0.326127 -0.945971 1.26487 4.94603 5.94757
4.03733 0.150171 -0.523929 -2.86488 2.10729
-1.34977 3.52297 -0.168225 -4.20369 -4.04804
-2.86546 -3.00658 1.19985 -1.88156 6.35765
1.57314 1.56786 -4.36399 4.55866 -17.4275
-2.75644 3.12086 0.260927 3.79506 -7.61224
1.16004 -4.51375 -0.93465 -3.36233 -2.0935
-1.17523 1.35828 -1.9781 -2.31625 2.98548
-3.37438 -2.98489 -4.87308 2.07218 -0.0257342
3.03031 0.922864 -4.36544 -3.24704 16.9713
2.42119 -0.672067 3.91965 -2.10663 -9.88448
-4.47579 -1.82549 -0.665546 -3.32865 10.3859
-0.383415 -0.84093 2.06117 -3.27416 -6.42617
4.80217 -2.79018 4.25125 -1.61343 -20.258
3.87842 0.984131 3.39197 1.45942 8.76719
-2.74594 -3.70262 -4.01813 3.58418 -4.23455
1.95171 4.42588 1.99738 -2.57487 3.49504
4.14348 -1.05623 -4.07239 4.47777 -22.6117
2.38934 -1.26905 -3.50744 -1.7463 3.09284
4.72917 -2.61662 0.631489 1.84791 -11.2075
4.30622 2.88402 3.15823 3.86908 24.6387
-2.83561 2.25909 -4.49209 -1.84473 1.88077
-3.15722 0.756783 -3.78325 -2.60909 7.48153
-2.01695 0.585736 0.769319 4.6468 2.39347
-0.278964 -1.13235 4.56755 4.07394 18.9238
-1.52482 4.78051 -4.18736 -2.11073 1.54898
0.956089 2.54271 -3.55881 -4.8666 19.7503
0.57408 -3.71923 -4.53699 -1.27305 3.64066
-0.562941 -3.33505 0.599627 4.86283 4.79332
4.2497 2.79281 3.03012 0.407579 13.1036
0.542328 1.57985 2.86872 1.81868 6.07408
3.9376 2.47517 3.00212 -1.1666 6.24397
-3.34045 0.662463 -4.97345 0.891119 -6.64486
-0.464956 3.94015 -1.40025 1.15739 -3.45263
2.45981 0.769965 2.23661 2.4928 7.4694
-0.531509 4.34136 3.03835 -4.4701 -15.8892
-3.01436 -3.16961 3.96178 1.61576 15.9557
-2.51095 2.2914 4.45743 0.113184 -5.24909
-2.25775 -2.38217 -0.0742163 -4.88945 5.74122
-0.408891 -4.46319 -4.65955 -1.50759 8.84965
4.27962 -2.4349 1.67098 4.10083 -3.56808
0.471158 4.84046 -3.40576 3.59599 -9.96646
-4.96523 -3.66758 -4.18267 2.76606 6.64091
-2.08938 -1.76162 -3.5869 0.155625 3.12248
-1.52134 -4.48728 -2.88009 -1.18585 10.242
-1.49386 -0.154133 -1.65837 2.60411 -4.08833
0.199417 0.305105 -4.47789 -2.38153 10.7251
3.11177 -1.27552 -4.45735 0.88043 -7.8935
0.574 -0.639979 4.14202 -1.69476 -7.38708
-3.02708 0.430005 4.33902 3.91387 15.6807
-3.01129 -0.385967 1.21964 -0.613103 0.414491
4.92136 -0.554299 -2.40764 -3.6311 6.01448
1.62656 4.06113 -1.19718 4.97716 0.647106
3.75107 -4.35414 2.7452 4.66654 -3.52209
-0.600733 -4.25841 3.08646 1.16498 6.15384
3.3997 -2.95195 -3.00284 -2.07884 -3.79333
4.91884 -3.12266 0.2697 4.80271 -14.0646
3.27035 -0.916781 1.16603 4.49944 2.24829
1.74801 -1.29777 0.529031 -1.36213 -2.98913
4.85031 -2.27159 -3.12761 2.81114 -19.8101
-1.01998 4.13523 -1.03497 -4.03231 -0.0445475
2.56577 -4.89662 1.54889 0.426723 -11.9027
-3.9859 0.32028 -4.28527 -3.33199 13.0019
1.0673 -4.10398 4.34763 1.22449 0.94346
-0.670825 -3.82855 -1.64633 2.10392 -0.89547
-0.433309 -1.23838 0.828312 2.81367 2.86719
3.10587 0.255851 -4.73605 -1.43993 7.61423
4.04358 1.73777 -4.83616 4.28183 -13.6808
-0.0483444 1.45015 -2.30203 2.42748 -5.65824
0.326158 0.433309 0.398734 3.25744 1.44018
-0.0267014 -4.27046 -3.26632 -0.732059 2.50517
-4.41367 -1.65289 -0.27288 3.38548 6.37149
-4.89958 -0.805432 -3.33673 0.205972 3.25901
4.21812 -1.51443 1.6759 -0.426328 -7.10255
0.339976 1.55843 4.03677 3.95953 16.5135
-4.19246 0.0549703 -2.24194 -1.11332 2.26553
-3.92816 3.45696 1.54913 4.4936 -6.61831
-1.07042 1.0401 4.52729 4.29648 18.3381
4.31841 4.16759 -0.425599 2.66885 16.8615
-4.17246 2.44561 -2.7477 -2.35342 -3.73771
4.45368 -2.96123 2.76596 -1.11804 -16.2809
-3.90683 -4.92906 3.94029 -0.451535 17.4778
-1.10008 -3.81726 -4.59405 3.78683 -13.1976
1.63412 -2.21735 4.41812 -0.951315 -7.82644
-4.30767 -2.93048 1.42385 -3.30135 7.92293
-0.87235 -0.764035 3.84806 3.91654 15.7376
1.60253 4.72584 3.80218 1.95445 15.0045
2.66804 3.24752 3.53293 3.8496 22.2649
3.44611 0.962466 -0.853313 -3.63564 6.4191
0.913264 0.649627 -1.87979 -3.61355 7.38599
-2.0358 4.20182 4.02333 -3.88363 -24.1792
-2.68879 2.67128 2.61162 -4.19584 -18.1404
-1.05406 -3.78271 4.00752 1.36559 9.45983
-1.13218 1.74655 0.0258959 3.61179 -1.88388
0.273236 -3.50357 -3.0573 -1.47136 3.54107
4.73976 -0.339233 4.29261 -3.7696 -17.7893
1.54069 -2.55989 4.38387 -1.07682 -8.66462
-3.1402 -2.21609 -2.13188 -4.83438 17.2653
-3.18577 -3.42714 4.1986 0.129801 11.4631
-0.79467 1.11639 -3.25193 -2.03614 5.73422
2.51827 -3.9775 -1.61813 4.30556 -16.9834
1.82425 -1.18903 2.55399 -3.32662 -10.6652
-4.75735 1.94121 -2.59829 3.0941 -17.2744
3.42644 -1.10021 -3.69359 1.456 -9.14765
-4.55008 -4.23732 -1.58263 2.65675 15.0755
3.84969 0.367943 -2.95283 -3.05518 10.4379
0.649332 2.28757 0.725271 3.54283 4.0549
3.02263 1.98379 -2.41214 -2.19347 11.2872
2.07584 0.309853 3.1012 1.66057 5.79296
3.75391 -2.7162 -1.95481 3.96436 -17.9459
-2.84464 2.11763 -3.60289 -0.170022 -5.41131
3.90968 -3.19165 -3.71994 -3.73291 1.40788
4.96823 3.00836 -1.83047 0.173306 14.629
1.42553 2.90224 -2.57489 4.52148 -7.5051
3.96787 0.127099 -1.8579 -3.78998 7.54573
0.195688 -4.90397 -1.91477 -1.0699 1.08896
0.878088 -3.78739 -3.44479 2.08275 -10.5003
1.7296 -3.68463 4.65266 -4.55654 -27.573
0.395771 -3.9502 -1.99015 -3.47048 5.34338
4.05982 2.83532 0.0278414 0.375464 11.5214
-1.486 -0.020562 -3.71408 -0.153674 0.601311
2.21867 3.36378 4.12357 -2.19643 -1.59401
1.57698 1.18263 4.19307 4.58923 21.108
4.61736 -4.36715 -3.634 -3.28391 -8.231
1.859 0.903855 4.709 -1.10414 -3.51916
4.29223 -4.70299 -2.75447 0.326914 -21.0868
-2.04395 3.40515 -2.79954 -2.44029 -0.12827
1.88982 -0.0446339 1.47057 -0.516585 -0.844025
-0.530931 2.57311 0.0882731 -2.7559 -1.60942
0.955336 0.846388 1.2796 0.475755 1.41736
-0.678112 -0.426947 2.96416 1.91543 5.96717
2.05941 -4.53415 1.33493 1.68094 -7.09376
-3.95766 -4.85275 -0.126726 -3.20115 19.6112
4.28803 -3.46836 -4.09414 -4.32504 2.83486
0.658406 1.35887 -2.9599 2.61074 -6.83283
-3.63155 -2.50911 -2.65295 -3.24264 17.7145
-2.04567 0.846526 -1.10099 0.468577 -2.24761
2.41597 -2.71676 -0.409118 4.8155 -8.53372
-3.88988 3.50952 -4.49134 -0.596553 -10.9723
-1.58881 2.29085 3.15795 -3.82472 -15.718
3.62865 -2.74773 2.34478 4.78636 1.25241
1.09652 -3.6701 -1.29206 -0.869992 -2.90024
-0.802257 -2.70706 -2.40163 -3.32466 10.1563
3.11825 -3.77787 -1.48991 2.36175 -15.2991
-3.17379 -0.273319 1.0138 -4.88898 -4.08901
0.196879 -3.27298 -0.68359 0.719778 -1.13641
-3.97011 3.84884 -0.197667 -1.02172 -15.0784
-3.55482 -4.57635 3.26811 3.77591 28.6082
-1.77406 -1.34061 0.214265 -4.19153 1.48022
-3.07861 1.11315 3.28241 -2.28493 -10.9271
0.684738 4.40165 -0.285215 -2.76632 3.80297
1.39276 -4.84416 -4.70921 -2.37171 4.4221
3.54486 0.969881 2.31449 3.18415 10.8078
1.98498 1.32216 -4.39462 4.17728 -15.7331
-3.58046 -3.57719 0.89766 -1.41209 11.5404
-4.35823 4.34276 4.47279 2.30476 -8.61802
1.23099 1.4766 -2.93484 -4.31134 14.4708
-3.05263 4.02581 -4.49556 -1.40319 -5.9812
4.58685 -0.902669 -4.15363 -4.82368 15.8954
1.22957 -2.39257 3.64741 0.00213017 -2.93408
-0.0690247 1.40553 -1.56402 4.808 -7.61685
-1.72154 -3.79679 -0.59122 0.13321 6.45757
-0.155094 -0.195237 -3.57007 -4.5322 16.2105
3.09971 -0.209117 -3.11933 3.65228 -12.0409
0.833205 0.26688 -2.2245 -0.846125 2.10457
-4.74582 -1.92344 0.108945 -2.35826 8.87137
-3.55063 0.125488 -4.82608 -0.650789 2.6952
4.5995 -3.1824 4.69006 -1.07882 -19.6972
-0.249936 1.0119 0.289681 -3.80969 -1.35651
2.78832 3.92929 1.79123 -2.61935 6.26427
1.17325 3.21493 2.89013 -3.82051 -7.26984
-1.21625 0.503426 2.81599 3.5371 9.34815
-1.68289 1.0416 -2.70172 1.25221 -5.13603
-4.99411 -2.51851 0.0854019 -2.43961 12.3694
-3.66055 -4.21158 -1.03305 4.54214 10.7244
2.4731 3.21581 0.94452 -1.80812 6.2452
2.99247 -0.722353 2.09232 1.33721 0.636246
-2.16278 -0.541788 -0.293695 -1.92901 1.73831
-2.95122 -0.211707 2.31625 -3.08022 -6.50976
-3.50192 -2.16329 -3.05603 -0.999334 10.6297
1.98479 -0.385613 1.3582 0.516012 -0.0645173
-1.7343 -0.962684 -0.435768 -1.24659 2.21281
1.27227 -0.958739 0.124161 -4.667 -1.79924
0.829016 4.85242 0.0642455 -1.65727 3.91626
-4.71321 -3.67129 -1.46811 0.552433 16.4925
2.07863 4.61605 1.79505 -3.58265 3.16404
2.13308 1.81605 -0.359925 -0.556342 4.07403
-0.264712 4.78098 4.65103 3.58236 15.3961
-1.1045 0.871484 -0.567501 0.950107 -1.50174
2.42243 4.89 1.31323 -0.747514 10.864
1.56318 -2.44983 -4.85893 2.66736 -16.79
1.69459 0.287852 -1.31223 4.12675 -4.92744
-3.37563 0.871608 -3.52222 -0.609639 -0.794944
1.94247 1.12125 1.39315 1.02461 3.60543
4.82789 -0.119754 -4.64351 -3.37489 15.0932
-1.30894 -4.8796 2.89214 1.87482 11.8093
2.71419 -4.23288 -0.647493 0.0288037 -11.5075
-3.85335 3.60221 2.35383 3.52445 -5.58465
-4.78029 -4.55824 2.56048 3.01693 29.5145
2.63706 -3.47728 -0.342032 -2.29973 -8.38321
3.18176 -2.63055 3.28902 -1.52809 -13.3957
0.688478 -4.73537 3.34822 3.83853 9.59206
1.31905 0.944384 3.75213 -3.71857 -12.7069
-2.53079 2.91847 1.0161 -3.27888 -10.7177
2.53742 4.35226 2.50601 -4.15484 0.631444
-3.45849 -2.79456 -1.03942 -3.12998 12.9183
-4.34296 1.44688 -0.69629 4.93829 -9.72224
-1.94304 -4.09441 -0.326859 1.73095 7.38982
1.75683 0.250176 0.921079 2.08292 2.35805
2.3234 -0.416574 -3.24133 -4.7899 14.5578
3.91052 -3.63548 1.00956 4.97292 -9.19617
-3.6584 3.15668 -4.46866 1.2935 -17.3286
0.678819 -3.67159 1.99866 0.412191 -1.66851
0.959393 -1.49284 4.89813 1.89584 7.85387
-1.3967 -2.48692 -1.91965 4.2306 -4.6478
3.13772 -0.858425 -2.61328 -0.547441 -1.26288
-2.02901 -0.00780312 0.900515 -1.34415 -1.1946
1.89403 -2.71993 2.90433 -3.5819 -15.5547
3.5323 0.925606 0.691426 -0.328422 3.04244
2.25746 4.53204 1.55762 2.41834 13.9978
4.78195 2.15889 0.455095 -3.58858 8.69055
-3.89809 3.27762 2.77952 -0.909542 -15.3046
-0.228198 0.182624 1.96507 1.3584 2.62767
1.89508 -0.0237072 -3.94319 -1.59463 6.243
-1.30433 -1.37277 2.41399 3.45545 10.132
1.35227 -3.54327 4.77799 4.37917 16.1322
0.740005 1.00166 -0.657673 0.04221 0.713473
-1.91049 -2.92564 4.05964 -1.48881 -0.454607
-2.57445 -4.72688 -0.581724 -1.00632 12.7545
-4.06952 -4.96596 -4.91361 3.00662 5.43575
-2.46052 4.36724 0.707728 3.0552 -8.58343
-3.17505 4.9264 3.0248 -2.18654 -22.2554
-1.06515 -1.73196 -0.0803747 -3.71712 2.14355
0.314687 -0.299972 3.44173 0.113227 0.2953
3.20759 -0.0376393 4.83242 -2.09368 -10.2383
3.12169 -3.20327 3.95031 0.0102373 -9.95916
2.57597 -3.28615 0.504532 -4.00003 -10.4832
2.14463 2.55769 4.53983 -1.41331 -0.930897
3.47672 -2.19788 -0.148655 4.5026 -8.31077
-3.09806 3.56077 0.743787 -0.784686 -11.6151
-2.08483 -4.59355 -3.5679 -3.46542 21.9411
-3.70328 1.79139 4.91686 -0.399248 -8.59705
-1.77853 -2.97459 -2.12182 0.992741 3.18399
2.44129 -2.62436 3.712 -2.34323 -15.1049
2.57761 -1.10796 -4.60397 -1.89933 5.88853
-4.77993 2.57576 -3.08641 2.81392 -20.9969
-1.29941 -4.53156 0.0460692 2.7643 6.01569
-0.900142 0.805596 1.40649 3.57212 4.29901
2.68514 2.48844 -3.6468 -0.829933 9.70842
-3.29338 1.44479 -0.43248 4.42785 -6.67319
3.78243 3.96383 3.99573 -4.19106 -1.75344
4.74955 -1.12194 2.89021 2.50743 1.91831
-3.53489 1.25994 -1.87823 -0.826025 -2.90229
0.502574 3.43857 -0.430462 4.42252 -0.175595
-3.61958 -3.53302 -0.573792 -0.637131 13.1536
-0.160053 -2.54676 4.10138 3.6174 15.244
3.25171 -4.97312 3.1569 0.627212 -14.1911
-1.1816 1.46252 -2.38164 0.351123 -2.56437
4.21403 -3.12355 2.95352 -2.50626 -20.565
-1.90483 3.3915 -2.45258 4.43 -17.3252
-4.70646 -0.702607 -0.844634 -3.87839 6.58261
-1.74877 3.46768 -4.43238 -1.58386 0.956117
-0.876504 -4.68272 1.3304 1.95752 6.70872
-4.73202 3.71246 1.58245 0.841826 -16.2353
2.43935 -0.75833 -3.60745 1.93214 -8.81992
0.124567 2.79119 4.38549 1.77274 8.122
0.180941 3.41958 4.69395 3.45622 16.8421
-3.60395 0.799942 -0.119625 1.59017 -3.07317
-0.994629 4.97878 4.34757 3.9677 12.2978
-4.51766 0.876612 -0.17749 -2.89948 -3.44561
-4.98074 2.55188 0.664623 -3.30109 -14.9042
0.937785 -0.0413508 -4.19344 -4.51126 18.8789
4.53014 -2.88802 4.31436 4.606 6.78884
3.11969 -0.935783 -2.60954 1.63285 -7.18034
-1.27108 4.87209 4.78163 -1.77223 -14.667
-4.83153 2.35586 1.55123 4.68743 -4.1111
-1.9236 -3.87967 -2.88085 2.25055 0.979446
-2.56981 1.14113 -1.44156 2.56247 -6.62645
4.52737 -0.518631 1.96627 4.75378 6.99918
2.39247 2.63028 -4.6044 4.21499 -13.1146
3.63879 3.50463 -3.37394 3.23706 1.83097
-0.811708 -3.33543 -0.0697812 -2.35943 2.87204
4.65397 2.97442 -3.61005 1.70199 7.69859
-2.85564 -2.37245 -3.7333 -0.295961 7.87979
0.314828 -0.80088 -2.88923 3.89718 -11.512
4.4131 0.261131 -2.38913 4.69643 -10.068
-4.83228 -0.859024 3.53558 -1.1426 0.111294
3.95932 0.443955 -1.87799 -1.04874 3.72729
4.22284 -4.38496 -3.99567 3.64153 -33.0673
-2.05908 0.0405124 4.77712 3.8901 18.5001
-0.107049 -1.98541 -1.08241 -0.598533 0.860393
-2.84002 4.83031 -1.42599 -4.31797 -7.56082
-1.7333 4.52046 -0.986172 -1.59135 -6.26597
-2.43246 -2.8947 -1.7345 4.59961 -0.936783
3.88114 -0.0464859 -0.179994 -4.81948 0.687061
-1.71819 4.54161 0.802381 -4.19187 -11.1668
-3.54416 -3.64472 -4.44473 2.41373 2.18908
3.53453 -1.33943 -1.79808 -1.82922 -1.44516
2.8518 1.29102 4.80541 -2.80567 -9.80068
-4.03305 -0.475343 -2.29937 2.21849 -3.18404
-1.72008 -4.40746 2.92464 -4.66784 -6.0706
3.10789 3.51418 1.1824 2.89346 14.3429
2.45914 -0.162654 4.46427 -0.873955 -4.30156
-3.70423 -0.82181 -2.29614 3.05544 -3.97154
-4.37977 -2.95862 4.39155 -1.21372 7.62796
-1.44549 -4.76957 0.59621 2.21447 8.21464
-1.68796 1.18216 0.260652 -0.260716 -2.0634
-4.60751 4.92134 3.44962 -4.44364 -38.004
-2.25062 2.41703 -0.666776 2.91182 -7.38136
-2.26163 -2.9956 0.558159 -3.27067 4.94938
-1.27462 1.06056 1.00151 0.28114 -1.07024
1.42072 3.61439 -4.43833 0.353456 3.56628
2.57396 2.04533 -4.11889 4.1645 -11.8885
4.32075 -3.36674 -2.19157 2.72346 -20.5155
4.17844 -4.26227 2.93753 -3.68729 -28.6412
-3.83015 -2.17859 4.62913 1.12481 13.5512
-2.27033 1.67076 -2.32008 -2.61914 2.28343
3.08111 1.91931 -3.1945 -1.1213 9.4956
3.48099 0.501756 -1.55138 -3.49634 7.17077
4.79219 1.18781 -1.73095 -0.218655 6.07068
-2.86137 -2.99386 -1.10394 -2.81638 11.6756
4.04304 -1.63371 -0.22782 -4.19742 -5.64889
4.77663 -1.89114 2.33279 -4.51576 -19.5676
-1.65621 -4.02838 4.02647 -3.20512 -6.23346
-4.96286 -1.82518 4.60174 -3.83508 -8.58994
1.02647 -3.11431 0.23622 -1.74738 -3.6095
-1.72984 0.569735 2.73986 0.0218598 -0.925658
2.19959 -4.82305 1.03341 -3.48782 -14.213
3.28166 -0.716115 -2.31728 -2.26194 2.8915
1.53485 -2.31365 -1.0107 -1.43383 -2.10194
4.69345 4.96722 -1.2811 1.40558 21.5127
-1.57128 -2.15778 -4.8218 0.710514 -0.035472
0.245309 -2.48008 -0.840449 -3.79667 2.58252
2.44007 -2.64609 -0.807637 3.85207 -9.56773
-2.03894 -2.07924 1.84875 3.69655 11.0734
-1.45403 4.90175 -4.87013 0.381566 -8.98555
-1.29433 -4.42586 -0.931915 2.37361 3.51649
1.30615 -0.593604 -2.95329 -2.0211 5.19356
1.69146 -0.487812 -1.96187 1.2793 -3.33493
1.0783 -1.97248 -0.941316 2.99293 -4.94423
-0.402134 -3.48571 -2.95533 3.77567 -9.75663
-2.21711 -1.37152 -4.3981 4.02942 -14.681
4.00217 2.62816 -4.78702 1.06949 5.39868
-4.19415 -0.951098 -4.4413 -2.4842 15.0221
-0.64592 2.60008 2.99144 3.00861 7.32063
-3.02403 4.67596 0.931263 3.21311 -11.148
0.151578 -0.233795 1.64277 -1.30415 -2.17786
3.05848 4.77051 -2.22802 -2.94975 21.1626
4.83516 -2.53734 -4.2868 -3.23515 1.59995
0.596558 -0.882405 -2.11177 -3.14557 6.1163
3.17774 2.69918 -3.16678 3.41664 -2.24245
-0.0962787 2.06503 2.85977 1.26135 3.40835
-2.63684 1.18169 2.53714 -1.90024 -7.93711
2.48212 0.164212 0.81353 1.16598 1.35615
-4.11527 4.82539 2.06757 3.7364 -12.1325
1.03635 0.767318 2.44195 1.41473 4.24991
-4.5188 3.14545 -1.38456 -0.578232 -13.4131
4.29278 -4.51398 1.83441 -1.10748 -21.4091
-4.79322 -3.31628 3.90525 -1.79423 8.88876
3.19392 4.53717 0.516037 -4.63937 12.0972
-3.11102 -1.8994 1.91595 2.04209 9.8216
4.87373 -3.24062 2.71288 -3.12513 -24.272
2.74285 -1.45042 4.88954 -3.69442 -22.0423
3.11082 -3.1344 -0.490654 -0.380579 -9.56383
4.10034 -2.95547 -4.1662 1.7539 -19.4255
3.31214 4.51705 -1.05981 -3.83364 19.024
3.23355 -3.86181 -2.71148 1.0999 -15.4697
0.0631378 3.58892 0.0109039 4.65125 0.277313
-2.72651 4.50917 2.72724 -1.89644 -17.4663
4.34116 0.509583 -3.49328 0.7818 -0.518868
3.23983 -3.45096 -1.78621 -4.881 -2.46203
1.24209 -1.03517 1.62869 -2.19593 -4.86227
4.31339 0.448153 1.89261 -3.7277 -5.12203
2.09055 1.50828 2.13218 -3.44876 -4.20021
-4.50787 -4.40001 2.93013 -4.30857 7.20998
4.70864 -0.0103682 -4.90723 -2.70727 13.2364
-3.18561 -0.964095 3.23885 -4.67762 -12.0789
-2.84402 -1.80801 -1.66563 -2.00451 8.48079
-0.0848055 0.53213 -3.8851 3.47442 -13.5436
2.81322 -1.95932 -1.86765 -0.973793 -3.6933
-1.39329 3.26246 -4.90038 4.25168 -25.3804
-3.15834 -2.5777 -1.78312 4.79706 -0.412445
-2.39635 -0.515006 -3.27737 -0.653686 3.37651
-2.7664 4.13093 1.0866 -1.74135 -13.32
2.06767 0.863977 -1.08886 -2.8736 4.91536
-0.552588 1.63484 4.2651 -1.46986 -7.17251
-2.91591 -1.22954 -4.244 -3.52409 18.5415
3.10316 -2.39187 -1.83206 4.57868 -15.8108
3.16893 -1.99482 3.85355 0.108829 -5.90206
3.16352 3.61745 -4.09685 0.942315 7.58335
2.64761 2.83745 4.84494 -3.72657 -10.5425
-3.49012 4.16058 -1.11061 2.59719 -17.4054
2.07296 -0.59232 -2.76828 -3.67428 8.94357
0.181431 3.11801 1.51291 3.36336 5.65416
-3.41551 -2.5517 -2.12526 -2.9139 14.9082
-4.51368 4.23024 -4.53049 -1.21993 -13.5671
1.28212 1.55591 2.83278 0.792915 4.24102
0.396494 2.99222 3.82769 -0.972867 -2.53743
-3.25327 -0.528131 -3.91162 4.38232 -15.4238
3.1444 -4.60908 -2.48188 -2.0228 -9.47242
4.75306 2.75183 -4.76553 -1.55896 20.5089
2.44595 -0.785045 -2.99457 -4.0693 10.2656
3.47239 1.98546 0.473348 -1.0405 6.40176
-4.21478 4.1064 -0.217275 -2.20349 -16.8288
-4.71878 -3.65717 -2.68113 -3.45097 26.5099
4.84346 3.87097 1.45547 4.37305 25.1137
1.28982 -2.11868 -2.4635 -0.924921 -0.454165
-3.82045 -0.571418 -0.893461 -1.5489 3.56695
-4.97516 -1.3825 0.420194 3.42348 8.3167
-0.523474 -2.6178 -2.4773 3.19023 -6.53279
3.97029 -0.732454 1.3905 1.30742 -1.09009
0.304192 -0.479434 3.03349 4.65161 13.9648
3.95727 4.423 -4.33323 2.00484 8.81561
-3.51082 0.67284 3.40094 4.58167 13.2198
0.333946 2.68778 2.8024 0.428198 2.09756
-2.988 -4.10195 2.42655 -3.34507 4.13964
3.60944 1.67527 1.86507 -2.59547 1.20603
2.97943 -3.09387 -1.22825 -2.6624 -5.94787
4.34593 -2.77877 1.95727 -2.64627 -17.2558
-3.89853 -0.698806 -1.02392 0.632271 2.07692
0.241013 1.20603 0.783993 -3.02192 -2.0785
-4.30819 0.718619 3.0501 3.66178 8.07284
-1.08857 -3.81451 -1.68794 -3.77823 10.5298
-4.51503 -4.9047 4.44379 -2.05294 13.022
-2.76874 -1.06678 -1.93406 3.01094 -2.8697
4.73038 4.75483 1.03753 2.1574 24.7305
-4.48149 -1.44427 1.27213 3.34953 10.7335
-2.11855 -3.09417 0.0980129 1.22425 6.67516
-4.35445 3.35426 -2.38309 1.39483 -17.93
-3.90614 -3.66656 -4.36996 -4.59165 34.3874
3.2684 -1.1566 -3.38727 2.07046 -10.7934
-2.85391 3.80049 -3.9114 -4.36241 6.21686
-2.07714 1.25339 3.11132 1.33552 1.55176
-0.421555 4.76524 -0.135934 -0.463102 -1.94586
-0.536867 0.945965 1.88694 -3.48294 -7.07995
-4.50743 2.5781 3.06777 -1.39128 -15.8888
-2.25353 -4.29491 -2.92509 -1.68195 14.5985
-0.587233 -3.79266 1.7461 -4.82834 -6.20361
-4.88395 4.32382 1.54327 4.485 -14.1958
-3.20558 -2.6059 -1.05787 -3.42141 11.9729
-0.85666 -4.54887 -1.40042 -3.88082 9.3316
-3.83204 -1.76107 -1.26356 4.91896 0.533084
-4.11775 -4.7317 3.69633 1.68401 25.7086
3.29213 1.84305 3.22197 -2.6411 -2.44199
-1.1418 -1.98488 2.21723 0.1746 2.65347
2.09334 3.46278 3.08777 4.29095 20.4982
0.486536 0.0890151 -4.54954 1.78869 -8.09439
-1.29433 -4.57392 -3.02969 -0.345191 6.96596
-2.20478 -3.16027 -3.34329 3.64482 -5.21796
-0.030561 3.73566 4.31941 1.27748 5.40379
4.27898 -2.44978 4.53492 1.34899 -4.36498
0.471599 -0.29856 -0.463541 -1.21222 0.421115
-1.61902 0.42172 -3.33855 0.485078 -2.30223
-2.63182 1.71489 -3.39951 -2.8711 5.24702
0.307374 2.7203 -4.6352 3.01556 -13.1416
-4.09139 -3.68906 4.74689 -4.58752 -6.68305
-1.11008 -3.81328 2.74007 3.67741 14.3094
-0.0130474 -2.50628 3.56799 -4.42166 -15.7437
-0.636064 -2.73968 -1.88588 -2.64263 6.7263
0.205907 2.32832 3.35248 2.48661 8.81573
0.239023 0.508031 -2.76107 -4.78569 13.3351
-0.0450517 -0.375416 -4.58773 -4.33936 19.9247
-3.77889 -1.67352 0.329054 0.258934 6.40924
4.43533 -3.36458 0.0732948 3.44141 -14.6708
-3.07428 3.94615 -4.18296 -2.19676 -2.94258
-0.823849 1.34757 4.03255 3.6342 13.5449
-0.202309 -2.3195 3.61656 -4.94207 -17.404
-4.8574 -3.84757 4.8359 -3.9905 -0.608502
4.1256 4.21621 1.1474 2.95631 20.7864
1.8095 4.0624 -3.56139 -2.34754 15.7114
1.70939 0.702969 -3.61363 3.49704 -11.4353
3.84453 -2.696 2.48399 -1.23793 -13.4399
2.45059 -3.31782 -0.976581 4.84551 -12.8627
-0.414049 -1.58429 3.85352 -1.30205 -4.3615
-4.71637 2.16431 3.65849 3.49914 2.59385
-0.235653 -1.55117 -0.966473 -3.49213 3.74059
-2.86269 4.456 -2.02614 3.90988 -20.6781
4.39646 -4.88737 4.33366 -3.43307 -36.3649
4.05782 0.233907 -0.138752 2.73592 0.569539
-3.1845 1.04621 -3.97518 0.23815 -4.27836
-3.51202 1.56886 -3.25347 4.64934 -20.6363
-3.59682 4.07486 4.36301 -4.19285 -32.95
0.665013 -0.366423 4.55965 -0.565026 -2.82
4.39308 0.64837 -1.93957 -2.88133 8.43688
-2.67087 -1.9191 -3.1561 0.139613 4.68503
2.32069 -3.85378 -2.75198 2.91867 -16.9756
-3.72753 4.6255 3.85161 0.792856 -14.1879
-0.112524 -2.40314 1.58957 0.871702 1.65604
2.82681 4.60245 -1.39159 2.63633 9.34154
2.83486 -1.88197 -4.256 -0.983857 -1.14783
0.976059 -1.64471 -0.890553 4.8676 -5.94019
2.7964 3.76009 -2.92175 4.24165 -1.87831
-0.356707 3.61691 4.7213 -2.18169 -11.5906
2.38774 0.168092 1.57267 2.80448 4.81188
-4.47853 -4.30488 4.62725 -4.23372 -0.310916
4.70086 0.657513 1.53807 1.75597 5.79168
-2.88006 -2.77651 1.78631 -4.09642 0.679022
1.05039 -3.23669 0.119401 3.49073 -2.98299
1.16096 1.02767 1.94174 2.54777 6.14019
-4.83301 -3.70132 -0.608469 0.420452 17.6327
-1.8782 -2.98355 -2.90061 -3.20641 14.9042
-1.68269 -0.967256 2.24324 -3.75961 -6.8061
2.17835 0.39005 -2.35278 -3.6947 9.54248
3.90598 -4.47187 -3.84505 -1.56347 -11.4554
-2.65716 -4.34774 -3.48327 0.791129 8.79693
1.60388 -4.89953 -0.631904 -3.53824 -5.62244
2.95414 2.50865 -0.813755 3.84501 4.28201
3.09709 -3.62839 0.982388 -0.391385 -11.6219
-3.86768 0.230426 -1.87958 -3.27984 5.27352
-1.56381 -2.099 2.81023 -2.88791 -4.83327
4.83235 -4.37816 1.82273 -0.863614 -22.7309
0.501359 -4.54042 0.681709 -3.33019 -4.5466
4.0765 -2.2583 0.00730587 -2.30462 -9.2228
-0.873706 1.85226 0.995106 -4.71368 -6.30894
1.18824 4.04285 -0.485777 -2.36755 5.95397
3.57636 -1.03786 -0.461966 0.612117 -3.99454
-0.0411855 -2.61941 -0.0591121 -0.993724 0.166623
2.30906 -0.0255486 2.82482 4.00953 11.2672
4.50804 0.777798 0.943447 -3.81688 -0.0946764
4.51116 4.90569 -0.825138 -2.06317 23.8328
0.232857 0.532167 3.866 -1.54919 -5.86525
1.80829 2.91679 4.76868 1.40411 11.9702
1.23183 -4.13535 1.10551 2.28846 -2.56411
-1.91807 -0.898917 -4.55301 -4.15188 20.6277
2.83016 0.110145 -3.4647 -0.276304 1.26904
4.29777 -3.80276 -1.48312 2.79412 -20.4874
-4.00043 -2.99999 -4.75497 1.95242 2.71754
2.66781 2.13482 -2.24271 -3.79386 14.2038
-2.19624 -1.32085 -0.638612 -4.53885 5.79946
1.55613 -2.07196 3.6549 -4.42486 -19.3967
1.16929 -3.00164 3.09141 -0.0715703 -3.73104
2.01951 -3.8764 -4.22967 -1.8416 -0.0390766
-3.41343 -1.9145 3.52659 1.35394 11.3098
1.40538 0.503666 1.9999 -1.50669 -2.30539
-0.646098 -4.83215 -4.59134 -4.11986 22.0377
-4.42177 -0.00570267 4.09416 4.24668 17.4118
-3.68779 -1.16061 2.11965 2.26509 9.08129
4.62636 3.16432 -0.725799 -4.72533 18.0689
-3.34288 2.74795 -3.72641 4.20101 -24.8407
3.6125 -4.97623 3.6696 -0.895981 -21.2645
-1.39049 2.21716 -3.57794 -4.94007 14.5923
4.08235 -1.72984 -0.793786 -0.890679 -6.35479
-2.13186 -3.56525 -4.20165 -4.68705 27.2939
-4.58063 1.60284 4.12121 -0.0883615 -7.70619
2.02409 3.69794 4.69792 4.06502 26.5821
-0.271277 -4.3332 -2.87728 -4.49754 14.1162
0.245791 -0.40241 1.64005 -2.75249 -4.61312
4.24332 -3.64437 0.669968 1.45092 -14.4922
-0.224146 -0.961844 -4.48693 -4.81143 21.8042
-2.43451 0.16035 0.440357 3.57408 1.1835
4.92757 -3.25055 -1.21775 -2.57017 -12.8875
-4.70801 4.84023 1.62888 -2.34609 -26.6094
4.07072 -2.31458 4.71015 0.0795463 -9.04732
-1.7195 3.49141 -1.56244 -1.42721 -3.77354
0.598841 -2.34286 0.644033 -2.10551 -2.75902
4.15682 0.678462 -1.86658 -2.91075 8.25341
-2.27694 -3.65576 -4.90417 -3.85933 27.2507
0.35583 4.41418 -4.09253 -1.09338 6.0454
4.29065 -0.174998 2.20979 -3.93707 -9.45096
-4.06323 3.17347 -3.51373 2.76691 -22.6167
-0.55481 3.89917 -4.17949 0.912881 -5.97868
-2.82126 0.380836 -0.622327 -0.143365 -0.985221
-3.51204 1.79157 -1.52186 4.88336 -13.7238
-4.27032 -4.3812 0.764081 -0.273231 18.5004
3.93876 -2.79736 -3.5704 0.219414 -11.8015
-2.32013 -4.24042 -3.00813 3.82545 -1.66913
-0.666391 3.5039 1.54937 -0.00712052 -2.346
3.10044 0.465995 -3.49396 2.48282 -7.23007
0.835444 4.11827 1.22632 -0.973202 2.24712
0.662423 -1.06894 -1.6504 -3.93869 5.79232
-3.39146 -4.46788 3.16357 1.87539 21.0856
-3.53232 -2.48916 0.972523 -3.09299 5.78452
4.1128 0.164145 2.82125 2.86475 8.75727
-1.87231 -1.41995 -3.82669 -0.666618 5.20953
-0.662944 2.67034 -2.0745 -2.41606 3.24183
1.97146 -1.80042 2.24246 2.48062 2.01323
2.16027 -2.76184 -0.786228 -3.02287 -3.58966
4.71084 0.671729 0.919896 -0.710098 2.51119
-4.53417 2.52162 -3.86711 4.02235 -26.9884
-1.56697 2.95344 -4.4875 3.12473 -18.6502
4.74249 -2.22023 4.02817 -2.34579 -19.9786
-4.82732 4.1793 -3.89171 4.37202 -37.1894
0.471172 2.10625 3.68158 2.6418 10.7184
-0.0608967 1.03347 -3.75804 -0.766661 2.8182
-3.73995 0.973029 2.64316 0.385279 -2.62073
-2.89862 4.73211 3.16187 -3.32939 -24.2437
1.65056 -4.91905 4.18685 -0.167413 -8.82012
0.261799 1.40039 1.84272 -2.22206 -3.72802
-1.83984 -0.0623078 -3.24852 -1.15753 3.87491
1.39936 1.56516 -1.2026 4.21694 -2.8811
2.79255 -4.67409 -4.50322 4.86272 -34.9505
3.28225 -3.03046 0.244469 -4.32696 -11.0045
1.6492 2.91949 -1.7624 -0.399201 5.51839
-0.575477 -2.72332 -0.883854 4.23099 -2.17236
-2.67434 -0.57532 -2.52256 1.51086 -2.27262
1.22892 -4.8617 -1.18037 -1.24154 -4.50917
-1.31272 -4.9637 -3.30647 -3.07292 16.6765
-1.03661 2.09505 4.48648 4.44315 17.7623
1.81652 4.20631 -1.20189 0.292249 7.28958
-1.17165 -0.296333 0.636987 -1.79864 -0.798514
-4.04588 -2.65775 3.35462 4.66544 26.4037
-1.62237 -3.20186 0.70736 0.978874 5.88704
2.79245 3.06695 -3.37811 3.79013 -4.23919
-3.20696 2.61986 -1.58059 -3.1168 -3.47542
-1.27453 2.4292 2.5071 4.83353 9.02205
-4.91517 0.777458 3.22928 4.71721 11.4119
4.41835 1.65896 1.86633 0.484948 8.23493
2.26461 3.47537 1.30229 -1.81306 5.50924
-0.449572 -0.983167 4.02197 -1.03205 -3.70888
-2.47969 2.86218 -1.96621 -4.4271 1.60727
-3.55491 -0.548805 4.26565 -3.91189 -14.7358
0.29132 -3.73858 4.55279 3.21922 13.5673
-4.85387 3.19588 4.03122 2.82222 -4.1354
-4.63736 1.71123 1.51502 0.769487 -6.76982
-3.63966 2.24253 -1.74528 -4.90116 0.391829
-2.70075 -4.22821 0.0420953 -3.06275 11.2904
4.76092 2.72852 -2.1093 -2.44636 18.1504
-4.83225 -4.92596 -1.50254 3.39105 18.7083
-2.76002 -1.73419 -0.650702 1.96011 3.51093
4.88361 -2.53215 -4.88303 0.179669 -13.2434
-1.03557 -3.49499 3.36264 4.23628 17.8644
1.94864 1.03966 0.673327 -2.02217 0.66434
0.434617 -4.32664 0.960508 -2.934 -4.69856
-1.12626 -1.09917 -4.7398 1.19696 -4.43541
-0.483206 0.33589 -1.81732 -4.42246 7.8747
-2.80909 -4.1649 -2.21884 0.457175 10.6851
-0.594712 3.82007 -1.09467 -1.41118 -0.727069
1.70966 4.62538 -3.13387 -0.162837 8.41812
-2.97389 -1.57592 -0.303233 -3.49501 5.7464
3.00807 -0.306485 3.19837 -4.42287 -15.0679
1.83431 -4.10676 -4.28273 -0.275321 -6.35396
-0.823149 -1.16013 3.94854 -3.20522 -11.701
-3.86988 4.3222 0.186774 1.74827 -16.3999
-3.25099 -0.213172 -0.825881 0.716283 0.101456
-2.79744 3.39147 3.69109 -4.22264 -25.0736
-1.41325 -1.64089 -3.59917 3.6972 -10.9879
-2.65428 4.662 0.160193 1.88566 -12.0722
4.71271 2.38744 -4.21054 1.07729 6.71535
4.35102 -4.35599 1.59431 1.63919 -16.3397
1.35934 1.97367 -4.57408 -1.82355 11.0239
2.08699 2.1966 1.38771 1.95234 7.29358
0.634259 -3.44948 -2.14878 -2.24176 2.6292
-4.11034 0.506012 -1.54102 1.59522 -4.53816
-4.18662 -4.09948 3.48478 1.52288 22.4699
2.77484 -3.52104 -3.13764 -2.39679 -2.25002
4.03166 3.22295 0.448761 4.94372 15.2124
2.5107 -0.941255 -3.66935 0.396856 -3.81941
-0.745583 1.30632 -3.29479 -1.37666 3.56185
0.258796 3.20187 -2.78656 -4.79602 14.193
-0.178115 -1.08958 4.65076 -4.56251 -21.0251
-4.3365 -0.533825 3.10807 3.19449 12.2436
-4.1289 -2.47492 -4.11262 0.209239 9.35818
-1.00755 3.6533 3.5847 1.91268 3.17549
-2.91719 -3.19384 3.48722 4.97224 26.6563
-3.20457 2.40053 -1.83337 3.98895 -15.0059
1.37409 -3.94167 0.871857 3.66037 -2.22488
-2.87468 -3.25511 0.356409 -2.29669 8.53884
1.65697 -0.495087 -1.02027 -1.26162 0.466848
-1.1783 -1.58878 -1.07397 -1.63831 3.63158
-3.14858 2.16286 1.87512 -4.86221 -15.9272
-2.33138 -1.08929 -3.65926 -0.263384 3.50334
4.98278 -4.97111 4.27833 -0.234725 -25.7742
1.30086 1.83826 1.78964 -1.22628 0.196707
0.523066 -1.89247 1.01855 -4.66376 -5.74014
-2.55961 -1.3326 -1.13595 -4.64272 8.68485
-3.6966 4.58276 1.88645 1.94229 -13.2766
-1.58368 4.9248 -2.76034 -0.343227 -6.85187
3.80662 -3.62584 1.34543 2.17035 -10.8821
1.20062 4.15822 3.80495 -4.59541 -12.4929
3.20475 1.9854 3.31149 -0.198388 5.70575
0.631097 1.77941 3.15241 -4.69388 -13.6741
-1.80553 -4.3107 3.46962 -2.34491 -0.352876
-0.231955 0.274247 0.249469 1.00545 0.187215
0.447232 1.39646 -1.91151 -1.57887 3.64258
0.989965 -1.70943 -4.91039 -0.927131 2.8603
-1.20469 -2.67509 -3.69541 1.73516 -3.1895
-0.207717 -3.28247 -2.3299 -2.50664 6.52205
4.20347 -0.196411 -4.99082 -0.646351 2.40022
-2.8852 -1.15736 0.469444 -0.105819 3.28954
-2.05664 4.57722 -4.39033 -0.284421 -8.16501
3.30035 1.30137 3.10381 -4.79989 -10.603
1.13084 -2.40751 -3.54087 -1.36355 2.10564
-1.92166 1.37582 -0.808181 -4.26749 0.805042
1.52803 -4.36264 -1.9596 1.98713 -10.5602
2.6028 3.44523 0.270986 -1.24969 8.6286
-4.98867 1.2102 4.22835 -1.44468 -12.1459
-1.17959 -2.78441 -4.58584 4.33122 -16.5778
3.22176 -3.50312 1.31006 0.0696811 -11.1949
3.29741 0.130287 0.499943 2.53132 1.69512
-1.37204 1.01111 -4.3879 2.59297 -12.765
-2.492 -1.90143 -0.682699 2.58548 2.97326
2.86975 -2.32519 1.9561 4.59261 2.31086
1.54804 3.332 -2.53538 -4.07971 15.5017
1.2117 2.95735 -2.37155 0.221248 3.05872
-2.08633 4.18424 3.13353 -4.42294 -22.5892
3.61023 -4.77466 -3.24548 -2.8549 -7.9721
0.864135 4.34862 2.81332 -1.20781 0.359828
-2.02656 -3.09165 1.60915 -1.41454 3.98919
-3.63627 -2.01715 -3.3445 -4.26599 21.6025
3.31474 4.28201 0.101251 -3.83895 13.8051
-4.55297 3.6096 -4.81749 -2.96908 -2.13085
3.81303 3.91827 -1.2005 3.37836 10.8848
1.78375 4.25793 -3.94179 -1.9168 15.1507
0.657087 -1.15846 -2.10184 -3.42958 6.44723
3.65232 3.30549 -0.140334 3.79396 11.5403
-3.65268 -3.95273 -3.94489 -0.161075 15.0735
1.71827 -1.05097 -0.348617 1.1435 -2.2045
2.99233 -1.28816 -2.11468 3.24217 -10.7108
3.13667 -0.535999 4.95847 2.98922 13.1407
-4.13606 -0.528405 -2.05937 4.27948 -6.62752
4.23155 3.9823 -4.59957 1.88733 8.1704
1.43217 0.440859 -1.84038 1.92491 -2.91119
-0.450786 -0.60689 -0.0832108 4.69206 -0.116853
-2.15467 0.274821 -3.39997 1.4226 -5.42895
-0.481607 4.93857 3.69437 1.1391 1.82981
4.44302 -1.68029 -3.73045 3.21002 -19.4404
2.23052 3.13673 4.22146 2.42516 17.2343
3.51081 -2.12924 4.88728 -1.00417 -12.383
-0.797253 -1.96731 1.59769 1.00578 3.17538
3.23521 -2.50708 0.161146 -2.84495 -8.56938
2.97663 -3.93894 -2.70131 -3.02106 -3.56396
-2.27117 -3.26523 1.05263 -4.43446 2.74803
-3.86602 3.45306 0.453592 -4.15741 -15.2353
-2.2735 -1.86674 -2.48447 -4.82988 16.2438
-1.50699 1.52226 -3.49801 -0.768649 0.394699
2.32649 -3.06959 -2.76574 4.06235 -18.3768
2.24751 -3.47477 2.43955 0.759399 -5.95699
4.32675 2.93118 -3.81999 -1.31653 17.7116
3.34177 -1.6258 -1.51741 -1.70561 -2.84495
-1.61615 -1.06868 -3.08168 -2.58146 9.68239
2.6705 -0.772277 -0.877915 -0.906946 -1.26614
3.45854 3.4389 -4.71159 -1.51233 19.019
1.6873 -2.86696 0.903364 0.356172 -4.51567
3.06037 -4.67615 2.35012 -2.91754 -21.1673
2.47385 0.558225 -0.338603 -1.11715 1.75923
-4.3617 -0.892471 -4.751 -3.06804 18.469
1.19526 -2.88672 -0.810705 0.21409 -3.62394
-3.6616 2.04695 2.65747 1.1895 -4.33405
2.26 0.798732 -1.31933 -4.12083 7.24187
1.91264 3.23635 0.348376 0.128156 6.23461
3.60537 -2.31803 3.27567 1.5506 -3.27808
0.0386656 2.14056 -3.40601 1.16714 -3.89252
4.3692 2.24157 -4.98876 1.2522 3.54695
4.7765 3.16674 2.07415 -3.66884 7.51622
1.80991 0.401912 2.90063 -2.06853 -5.27263
4.27048 0.826495 3.15252 3.01958 13.0488
-2.8183 -1.41593 0.543453 1.17733 4.63034
0.628586 -4.06142 -2.12786 0.543126 -3.70864
-1.75037 -3.81719 -4.29076 0.474415 4.64588
3.98229 -0.605681 0.202866 3.63639 -1.67429
4.16652 3.83227 4.59928 3.47452 31.9475
2.10664 -0.280214 3.37607 0.947872 2.60977
-3.8237 4.8418 -1.09613 3.91746 -22.8077
0.0180598 2.2833 -1.24355 0.312244 -0.347055
-1.19925 -3.53034 1.43849 0.813541 5.40402
-3.80331 1.17885 1.81428 2.481 0.0177004
2.22359 -3.46923 -1.49829 0.187975 -7.9958
-3.056 -1.37367 2.04006 -4.33722 -4.65022
2.08198 -4.01765 -0.158545 4.81861 -9.12865
0.188167 1.76596 2.23446 4.53095 10.4565
0.153539 -0.0106601 -2.18045 2.49285 -5.43717
3.01499 -0.784678 3.14288 -4.16972 -15.4707
1.98839 -0.565787 -4.16696 0.430902 -2.92056
-3.50803 1.96404 -3.40819 1.90298 -13.3757
-4.89021 -2.14289 4.75029 2.92846 24.3902
4.19236 1.12417 4.96284 1.67311 13.0163
-0.865349 4.91605 -3.09596 3.05112 -13.7002
1.76053 3.67947 0.687122 -4.52353 3.3696
1.72906 -2.66366 4.41539 2.18051 5.02216
-0.11843 -2.74715 1.4126 -1.80829 -2.22904
-2.04356 -4.07098 -2.1504 -1.09994 10.6846
-4.486 4.07113 4.61634 -4.11603 -37.2641
2.32098 4.076 -1.57484 2.01255 6.29086
3.88226 4.83283 -0.631245 -1.31544 19.5927
2.16448 2.13232 -3.04921 0.431284 3.30029
-3.0662 3.31929 -1.09139 -2.19006 -7.78742
-0.633397 -0.324953 -1.66623 4.366 -7.06893
-3.0187 2.60303 -1.74247 -3.54729 -1.6767
0.84465 -3.30268 3.9436 -0.979155 -6.65101
-2.17014 0.152955 3.0095 3.70182 10.8087
-4.0602 -3.00188 3.8162 1.39266 17.5029
2.89237 -3.21651 4.55317 1.8491 -0.884064
3.19806 3.78382 -4.39716 3.74833 -4.38113
0.591883 -0.473702 4.73498 3.95681 18.4551
-0.893114 0.197874 -3.73884 -2.88338 10.6038
-0.174384 4.65252 -4.7952 -2.21407 9.80557
0.359018 4.42744 -4.60691 -4.25206 21.1784
-1.02561 -1.69411 4.27167 -0.848008 -1.88491
2.60346 4.44038 -1.98248 -3.12979 17.7651
1.26477 -1.88358 4.82734 3.64855 15.2305
-3.44941 3.27559 -3.22279 -0.782595 -8.7767
-0.740152 -0.914661 3.18408 0.260877 1.50764
0.437447 -2.94126 -3.29313 -3.11672 8.9771
-1.50463 3.15589 -1.58411 3.66448 -10.5534
3.51995 -4.38409 -1.65574 -3.17312 -10.1779
3.89296 3.98582 -0.802292 -4.5874 19.197
3.67069 2.38699 0.814072 4.33724 12.2927
-2.4469 1.4351 3.18773 4.75281 11.6391
-1.30097 -3.60542 0.941652 1.85486 6.43717
-0.357306 -1.52583 -2.64959 -0.652779 2.27479
0.500671 -4.91204 0.751148 3.80795 0.401015
-3.99674 -3.08119 -4.49293 -2.37791 22.9985
1.61649 -2.13884 -2.95158 2.74417 -11.557
-0.556439 -2.00815 -2.10889 -0.503007 2.1782
0.0524527 1.17002 -0.892038 2.4345 -2.1103
3.05111 3.65299 0.310813 -4.2922 9.81161
-1.87352 -2.70333 -1.3439 -4.10183 10.5772
0.754995 -0.0229902 -0.346377 -4.86522 1.66784
0.200368 4.03462 0.432481 -4.37179 -1.08231
1.85137 -0.267928 -0.0132718 3.66651 -0.544695
-3.94319 3.26749 -1.48661 0.160824 -13.1234
3.19276 4.52629 -1.48278 0.885603 13.1382
-1.87335 -2.36728 0.682768 0.609179 4.85066
2.40054 0.665897 3.21495 0.706201 3.86891
-1.33452 3.00751 -1.46338 1.1289 -5.66559
0.32688 -0.566809 2.13004 2.29197 4.69671
4.03232 0.461154 -0.584363 3.35444 -0.100686
-3.13016 3.65602 2.72726 -4.54293 -23.8336
-3.29677 -3.80964 1.15818 3.03549 16.0751
4.5899 3.14755 4.20975 -2.40553 4.32024
-4.695 3.32656 3.25506 3.99712 -2.60734
3.95038 2.40277 3.63991 -1.27514 4.85044
0.782905 -3.65041 4.13804 3.9106 13.3243
-0.562923 0.190489 4.25392 -0.733802 -3.22876
1.0277 -2.57398 -2.64216 4.70737 -15.0829
-1.95968 1.29516 0.466731 -2.5393 -3.72328
-0.674913 -3.12576 2.15101 1.95277 6.31005
-0.604899 3.06919 1.06965 4.3588 2.80585
-3.19494 3.13991 1.01849 -4.30675 -14.4182
-1.23773 -3.8288 3.89389 3.89201 19.8941
-2.93902 -1.50051 -4.93293 0.628773 1.30833
-1.32901 3.62106 3.29614 2.16641 2.32836
-1.94931 -1.59952 -4.52081 -1.04331 7.83456
3.53598 1.58906 3.32054 -2.51132 -2.72008
3.15295 -3.84503 2.8089 3.20155 -3.13035
-0.988522 2.55835 -3.83197 4.78854 -20.8785
-2.79076 -2.92149 2.87678 -3.85612 -2.94003
-0.462351 1.25649 -4.4211 -0.60763 2.10545
-0.546275 -1.53585 -2.19521 3.47635 -6.79231
-4.22967 4.62361 3.41686 3.97774 -5.96497
-1.37051 -3.36431 1.02765 -2.77718 1.75687
3.65734 0.952794 0.971577 2.60312 6.01382
-0.728919 -2.50298 -4.12911 -2.69707 12.961
0.827576 -3.47233 -3.90368 -2.3782 6.41011
-0.918294 -1.70376 -1.45277 -0.488021 2.27353
0.56926 -2.09185 3.87137 -3.6514 -15.3267
-4.60301 -4.09303 2.73279 1.25466 22.2689
-0.754479 -2.12869 -1.75314 -4.99915 10.3703
-2.36616 -3.89007 -0.0489238 4.53693 8.98257
0.488673 0.275571 -4.96701 4.22729 -20.8623
-1.39916 -0.135823 -0.726721 -2.86611 2.2729
-4.63347 3.48622 3.09024 -4.14886 -28.9742
1.75457 -0.990257 3.24092 4.6786 13.4255
1.47939 -2.41991 -1.66557 -2.24548 0.160013
0.878614 -2.73035 -3.78692 3.38877 -15.2319
4.8184 -4.59157 1.48027 4.12331 -16.0204
-0.0506675 1.04598 -1.48055 -3.46285 5.07392
4.59384 3.49033 -4.45218 -4.05503 34.0877
3.21827 -4.07071 0.295388 0.803808 -12.8632
0.537821 -0.720361 4.21083 -3.05498 -13.2514
-2.20165 -4.58085 3.55847 -0.965952 6.64814
-1.4863 3.89009 3.22652 2.91216 3.61431
2.80341 -3.53847 3.7082 -0.530465 -11.8868
0.479697 1.421 -1.30716 -3.7076 5.5281
4.86713 2.53223 -4.23091 0.278335 11.1471
-0.110335 4.78316 4.05473 3.31096 12.8973
-3.66473 -0.0670836 3.41292 -0.600262 -1.80281
-3.64609 0.182005 -2.4695 -4.63438 10.781
2.49795 4.59658 2.30677 -4.79277 0.426221
1.70897 -4.10994 2.68922 2.93665 0.873562
-3.46829 1.30543 3.06709 3.04841 4.82212
-3.78933 -3.68526 1.65159 -0.0810313 13.8309
1.95576 0.430033 -1.52512 -0.0385882 0.899893
-2.62662 -2.70889 -4.02561 -1.22147 12.0324
-0.0412898 -2.79869 3.08352 -3.94259 -12.0415
1.23237 -2.3405 3.52625 0.308142 -1.79778
4.34767 -4.01408 -1.45462 -0.554327 -16.6456
-4.16542 1.77452 2.94984 2.24455 -0.77057
0.00277965 -1.18377 4.247 -2.21443 -9.40799
0.787332 2.02999 0.547641 4.16046 3.87672
-3.58947 3.84008 -2.54691 -4.19204 -3.10713
-1.30345 3.39816 2.52158 -1.39957 -7.95845
4.67252 -2.88284 2.0708 -3.86192 -21.4674
2.32739 4.96611 3.39673 -2.40131 3.40147
3.59694 2.1176 -0.640494 0.0507853 7.58436
3.49273 3.12014 -0.640897 -1.64155 11.9499
2.78267 3.66334 -1.51134 4.92524 2.75017
1.38815 1.6904 0.543062 -2.62592 0.920491
2.05905 -1.26126 -2.41293 -3.02705 4.70704
-1.34997 -1.50424 -1.06133 1.97293 -0.0632637
3.57069 -2.00008 3.024 -4.57461 -20.9752
-3.68283 -1.75549 -1.71351 4.48086 -1.21282
-0.064673 -3.29755 -3.40495 2.21166 -7.31734
-1.91024 0.673578 1.9076 0.155077 -0.990869
4.48811 -1.13128 1.71437 -2.32002 -9.05468
0.253371 1.02433 2.50697 2.68976 7.00269
0.61107 -3.97449 -2.79985 0.241824 -3.10576
3.97789 4.72531 1.70944 -0.434035 18.0548
3.71371 -4.13001 -2.61148 -0.94457 -12.8709
4.83123 0.1117 0.637541 -2.10737 -0.803884
1.48794 1.37307 -2.90534 1.51672 -2.36355
-1.23985 2.21899 0.422566 1.43807 -2.14354
1.27103 -2.82341 1.57497 0.140286 -3.36771
2.49631 -1.9168 -1.97717 -3.72574 2.58149
4.56839 0.64714 2.47351 -4.10675 -7.20168
3.61169 -1.98807 4.09487 2.83664 4.43538
4.05623 -2.83939 3.17403 3.15137 -1.51465
3.67128 -1.50751 -4.33525 2.95598 -18.3494
-4.73738 -0.774709 -4.18502 0.888094 -0.0466028
3.61402 4.81852 -3.67995 1.35866 12.4144
-2.60655 3.21486 2.19994 2.79128 -2.23905
0.756869 -2.23998 3.18351 2.47093 6.17084
3.90435 -4.89528 -0.00785785 -2.16268 -19.0959
-1.1644 0.063334 -0.649345 -4.80938 3.0492
2.72466 -0.157885 3.32871 -0.737529 -2.8852
2.8978 -0.863944 1.79493 -0.0861683 -2.65821
2.13553 -1.44524 -0.100793 -0.989337 -2.98664
3.52214 3.89703 -2.63332 -3.0771 21.8289
2.58433 4.15597 -4.95626 -1.44388 17.8966
2.94171 -0.078979 2.11394 -1.63149 -3.68119
4.04892 -1.73726 3.27984 1.68459 -1.50885
1.84699 0.646611 -2.08328 -4.98924 11.5883
4.51536 1.60718 -0.991109 -1.6311 8.8736
-3.46914 -0.804364 -0.875184 -1.1288 3.77835
3.61859 4.20912 -4.2211 -2.55289 26.0071
-2.09392 0.090202 0.821827 -3.0299 -2.67892
-4.07515 -2.36912 -4.02543 -0.367872 11.1354
0.396487 -3.06413 -3.14915 2.83362 -10.1384
-4.60822 -2.34984 0.030712 -3.11797 10.7328
-2.91917 0.465675 -0.0955809 2.52062 -1.60031
-1.00418 2.79614 2.08376 3.83073 5.17447
-3.68023 4.43312 -4.75345 4.56132 -37.9969
4.1643 2.54206 2.18508 0.108076 10.8221
-0.26023 -4.31233 4.73634 0.150005 1.83267
-2.6293 1.87598 -2.88655 4.38944 -17.6029
3.01284 -3.74404 -2.7155 -2.68728 -3.98288
-0.326397 1.30949 3.67447 2.67368 9.39695
-2.39783 -3.0949 -3.41253 -2.94093 17.4571
-2.45565 0.811579 0.382838 0.969234 -1.62189
-1.60539 2.36418 1.74273 -1.71915 -6.79148
-0.513108 4.1726 0.219189 -0.14495 -2.17277
-0.822723 3.67941 -0.793062 3.02793 -5.42847
-2.7012 3.20414 0.878431 3.35032 -5.71202
1.08941 1.75671 -0.232902 -1.34792 2.22772
-4.00919 -0.390797 -2.869 -0.0544827 1.72309
-2.86955 -2.71673 -0.763407 -2.88729 9.99996
-2.56401 -4.3244 -3.81135 1.30102 6.12919
0.309123 3.3331 -4.69906 0.287157 -0.319033
-0.390796 -3.19175 3.84521 -1.87332 -5.95601
4.12853 -2.02701 3.31706 -0.994717 -11.6681
1.93762 1.37062 0.214953 4.27431 3.57452
-2.2475 3.63747 0.616453 -2.94436 -9.99027
3.93327 -0.980483 4.32865 2.64911 7.61055
0.0854427 -4.64367 -3.4037 -4.53384 15.035
4.88022 0.43173 -3.55108 0.426367 0.592869
3.54389 -3.79081 -2.35697 -0.745263 -11.6777
-1.71121 0.823442 -2.88359 1.50267 -5.74217
-2.41232 0.85837 -3.13411 1.90388 -8.03763
0.178864 1.73007 -3.04418 -1.00714 3.37535
-1.52718 -3.48578 -3.6362 -1.65057 11.3252
0.937623 4.23789 2.55535 3.71632 13.4701
-4.56898 -4.22219 -4.12785 -3.2197 32.5815
1.58387 4.21712 -2.70174 1.54572 2.50324
-1.91359 -0.194881 4.17839 3.61608 15.4823
3.78433 -1.50897 -1.55198 -3.53334 -0.22677
3.59648 2.49934 1.31826 -4.45308 3.1185
-4.50345 -2.18352 -4.73962 0.513619 7.39901
4.27886 4.77326 -3.62896 4.30032 4.8184
2.1101 0.238199 -4.85972 -3.98152 19.8517
-1.81137 3.79877 1.64774 4.27398 0.161423
-2.39446 1.89724 -4.48776 -3.17991 9.72782
-2.03978 0.364771 3.83111 1.07895 3.38954
-2.01594 1.88283 -0.125506 -0.47934 -3.73553
-1.19648 -0.232513 1.21035 -2.67181 -2.95564
-4.90048 -4.81777 -2.53896 -3.87522 33.4484
-4.25357 0.670553 0.92762 0.529515 -2.36106
-2.75566 1.26434 -1.89506 -3.97392 4.04675
0.859052 4.08385 4.68634 -3.61074 -13.4129
2.58668 1.52977 3.9826 2.98171 15.832
2.76353 2.06498 0.142813 3.52163 6.20959
-2.16948 -4.42335 2.53016 2.40773 15.6883
2.42965 3.60878 -2.59452 1.37808 5.19264
-4.44155 4.92799 2.50965 -3.16187 -29.8231
0.595989 -0.176966 -2.33818 3.84781 -9.10236
-1.75735 -1.3608 -4.78114 0.472063 0.134415
-1.91297 0.658086 4.0629 -1.74827 -8.36192
3.13402 -1.99976 0.502394 -3.97487 -8.26421
-1.01596 1.6999 -0.177785 -1.26203 -1.50267
-3.57952 -1.22404 -4.34596 -0.550561 6.7742
-2.70697 4.0559 -1.87079 4.37407 -19.1622
0.823868 -2.31131 -1.82779 2.93465 -7.26815
1.28493 -2.6149 0.950103 1.53353 -1.90295
-4.33767 3.94125 -1.86297 -0.0127352 -17.0721
0.347024 -1.80981 -4.33576 2.76856 -12.6319
-0.624077 1.06079 -4.90274 3.3841 -17.2534
-2.3636 -3.91477 0.900396 -0.206193 9.06729
-3.32608 2.64192 -0.535047 -2.47235 -7.46441
1.41237 -1.98077 0.396899 2.63149 -1.75315
-2.9012 -4.26238 -4.91468 -3.57815 29.9514
1.52177 2.83277 1.86492 0.234565 4.74826
-1.23342 -4.74226 0.499803 -1.25553 5.22167
3.8949 2.74255 4.73237 1.56514 18.0888
-1.1225 -1.05796 0.433986 -4.49021 -0.761128
3.72945 -1.66518 3.66504 -0.605097 -8.42792
0.313537 2.77425 -4.91153 3.82666 -17.9249
-1.31664 -0.341592 0.967618 0.758668 1.18386
4.18588 -4.29247 1.51634 -2.98963 -22.5011
2.60197 1.0821 3.44395 4.1292 17.0364
4.86367 3.66754 -1.39328 -4.12366 23.5831
0.279049 1.74718 -3.62964 -0.615078 2.72006
-0.756815 2.36576 0.465585 -2.20604 -2.81754
2.69028 -2.793 4.81443 3.52056 9.43552
4.95912 -4.23717 3.90214 3.73517 -6.43753
-3.36843 3.80125 1.12351 -4.79116 -18.1872
-4.59728 -3.7404 -3.43646 -3.91927 30.6641
-3.27796 4.78353 -0.890113 1.42858 -16.9518
1.28434 -1.65857 -2.967 1.96565 -7.96225
1.85221 0.837303 -1.15903 2.99931 -1.92545
4.02773 4.56044 -1.83613 4.01159 11.0024
-1.08946 4.7262 -1.13654 -3.76506 -0.869887
-1.56379 -3.10503 -3.29797 0.327586 3.77524
2.77227 -3.77493 4.55673 4.71771 11.0322
2.94968 0.00921408 -1.2199 -2.6894 3.30797
4.02982 1.36275 -0.224194 -0.960629 5.70699
2.26315 0.255156 0.654922 -1.17793 -0.193993
1.37167 4.29228 0.320648 -0.687238 5.66721
0.13249 4.7431 -2.56793 3.68699 -8.83951
-0.414465 -3.48673 -3.0194 4.72572 -12.8237
3.42869 -1.93739 3.69691 3.89399 7.75301
-0.458501 -1.71973 -1.5487 3.41917 -4.50676
3.59253 2.3825 4.22124 -2.22542 -0.834851
-0.603099 -4.95291 2.83424 2.8806 11.1514
-1.46633 4.59294 -0.510288 2.22451 -7.86991
-1.55892 -4.84775 0.817383 0.95916 8.34125
-0.536725 -3.62117 -4.58326 -2.3994 12.9406
1.80257 1.58328 -2.02536 -4.02006 10.9961
3.7848 0.888573 -2.56597 -3.02084 11.1144
4.04291 -2.43105 -0.587728 -4.1026 -7.41731
-1.71177 2.3217 -2.17968 4.51733 -13.8205
0.471796 4.06184 -1.12941 -1.83185 3.98528
0.968501 4.11653 3.4841 1.79993 10.258
4.81158 -1.54934 -2.81514 -3.68273 2.9126
4.57921 0.95247 0.0147465 -1.84446 4.33436
4.65047 -3.06429 1.02738 4.07688 -10.0619
-1.88426 1.97011 2.76171 -1.5471 -7.98485
0.220457 1.37752 -4.26804 4.12492 -17.3016
-2.78154 2.7516 -3.92804 1.65959 -14.1726
0.120252 4.21058 -0.66162 2.42229 -1.0963
3.85291 0.421338 -4.18567 3.56686 -13.3063
2.65726 3.21137 -3.23051 -4.91982 24.427
-1.76438 2.67915 4.66552 -1.27597 -10.6801
-3.43654 -4.01206 4.51411 -2.08338 4.38301
-0.572951 -4.96191 4.7449 2.729 15.7918
0.0324198 0.783933 4.98825 1.11657 5.59514
-1.38074 3.24372 1.18997 4.91504 1.37001
-4.73487 -1.27084 2.16929 4.92173 16.6939
2.27969 -1.91704 -1.33775 -3.26571 -0.00154929
-0.631345 -0.595973 -4.87922 -1.46559 7.52722
0.196537 -4.17342 0.530133 1.26882 -0.147585
-4.02511 0.767234 -3.50941 3.93014 -16.8807
1.55212 -3.51245 3.41832 2.99423 4.78346
-2.42926 4.44285 1.35637 -4.91549 -17.4601
-0.616304 -0.164329 -1.93446 -3.56107 6.99002
-1.17728 -0.606458 -1.27374 1.79284 -1.56963
-3.75795 2.96995 4.04434 1.42542 -5.39601
3.02661 4.45241 -0.656748 -2.15691 14.8922
2.44056 -4.58237 4.58166 -4.47704 -31.6959
-0.481945 -2.86622 1.56354 -3.53473 -4.14532
-1.62597 -1.38938 -4.6435 -1.56973 9.54812
4.12005 1.27764 2.66316 -2.0849 -0.288502
-4.91924 0.178767 0.993866 2.18883 1.29601
4.0542 0.334815 0.40036 -3.96448 -0.229814
2.22013 -1.30337 3.33245 -0.84667 -5.71513
2.59597 -2.52786 3.01582 0.0473791 -6.41936
1.43389 -2.98073 -1.1203 4.79533 -9.64628
0.82574 -4.42885 2.61646 -3.34123 -12.3993
1.3633 -2.75967 4.65277 3.53301 12.676
2.20646 -0.783204 -3.78298 -0.589633 0.502469
-1.19292 1.68987 -2.1381 1.43235 -5.07839
-4.80466 1.24182 -3.89678 -3.52457 7.76797
-4.24489 0.556745 1.52124 -4.77728 -9.63071
2.70557 1.887 1.50622 -2.48189 1.36714
0.842325 3.89695 1.9403 2.38553 7.91115
-3.77994 0.380187 -4.63159 -2.47547 10.0283
-4.19961 4.33212 4.68917 -1.77798 -26.5305
1.03108 0.729547 2.6279 -2.88099 -6.81873
-0.868354 -0.983021 1.4692 3.02302 5.29503
-4.1622 -3.46525 -4.22941 3.7738 -1.53787
0.508701 -3.89724 1.85395 -2.7133 -7.01285
-0.105192 -0.0030739 3.70945 -2.09331 -7.76473
1.78866 1.96113 -2.91322 -1.10821 6.73625
2.81237 3.15559 0.26387 4.89096 10.1653
0.127794 1.67169 1.49533 2.63267 4.15035
-0.932655 2.96175 -3.28065 4.60262 -17.8618
-3.99595 0.130133 4.6672 -1.67853 -8.35405
3.19386 3.95899 4.29593 -1.43504 6.47964
-3.81485 0.0419481 4.59064 1.7319 7.7905
3.15876 -0.366482 -3.68133 -2.57033 8.3046
2.48996 -4.15369 2.99545 2.29678 -3.46264
-2.1498 1.47245 3.84278 -2.48505 -12.715
1.68203 -2.65196 -1.15464 0.767043 -5.34634
0.277505 -4.75996 -1.2379 -1.79425 0.900185
-3.77052 -3.41785 1.26744 -3.73121 8.15801
-3.97927 -4.81809 3.21292 -3.40435 8.23463
2.90811 -3.15232 4.36554 -0.04251 -9.35285
-2.74298 0.475624 -0.732742 -4.65802 2.1085
-4.67326 -4.57764 -3.57632 -3.30051 33.1962
2.91053 2.14444 0.957844 -2.49854 3.84823
4.29134 2.69424 0.353996 -2.22241 10.7752
-0.287544 0.622347 -4.12318 -2.484 10.063
-3.92357 -0.0228174 0.490931 3.45857 1.78744
-4.05444 -2.65358 0.198682 -2.21931 10.3179
-2.34282 2.65917 -3.11179 -4.89637 9.00651
3.77733 -0.442327 -1.40296 4.51254 -8.00172
-2.51138 -1.09716 -3.93453 4.87733 -16.4346
-0.0815335 1.52618 2.87211 3.04486 8.62072
2.88653 2.63785 3.35908 -3.21729 -3.19291
-2.9121 4.45019 3.93656 -3.86691 -28.1817
0.01659 1.52528 -3.43215 0.500038 -1.6909
-2.70542 -1.80288 -2.62658 -4.51767 16.7436
-1.44852 -3.04744 -3.1858 2.30159 -2.91814
3.45122 -0.948609 -0.135993 -0.713379 -3.17684
-3.8118 -4.53046 2.1083 3.77706 25.2324
-1.19859 -3.71331 2.83535 -4.48525 -8.26652
2.39839 4.68941 -4.2861 -4.80338 31.8348
-3.76027 1.1015 -1.94485 3.88817 -11.7038
0.298949 -3.63558 -2.62322 -0.667941 0.665305
4.16179 2.61629 -0.562389 -4.13895 13.2161
3.76319 -4.83075 3.25386 -2.92494 -27.6964
0.670187 -0.732996 4.83623 -4.53921 -22.4439
0.214478 0.256773 -3.76348 -2.37463 8.99193
3.03894 3.39241 4.62675 2.31986 21.0428
3.47687 2.56343 -2.41205 1.14211 6.15788
1.47342 3.17476 1.55668 -4.39604 -2.16544
-1.14346 3.5976 3.87896 4.73299 14.2454
-2.1047 4.93312 -4.76526 -1.51987 -3.14018
4.99751 -1.27663 -0.814959 -2.80338 -4.09533
-3.83058 3.40555 4.06988 -4.96507 -33.2525
-0.621102 3.52924 0.45788 -0.962012 -2.6325
-2.8019 2.71095 3.9922 -1.62554 -14.0853
1.30873 -1.30334 1.3835 1.25822 0.0350307
-3.22171 -3.7898 -3.52258 3.12234 1.21096
-3.80572 -4.71038 3.52552 0.0742196 18.188
0.0649435 2.54461 -2.38882 3.25417 -7.60837
-3.00375 -0.557645 3.69085 -3.86882 -12.6042
4.83117 -1.87675 2.35203 -3.39689 -17.0565
-3.64426 -0.00573402 0.692903 3.54824 2.47948
0.398629 3.67995 -4.70747 1.85762 -7.27774
-2.86209 -4.40464 2.8013 -0.845463 10.2381
2.43353 -4.34052 1.50557 3.84229 -4.77792
2.14466 -4.77097 0.789855 1.2105 -9.27601
2.57096 -2.38931 4.38798 2.46221 4.66131
1.53141 1.56161 4.16141 -1.16239 -2.44571
-4.75656 4.39998 2.21959 -1.99385 -25.3543
-1.20137 -0.127445 4.82516 -1.75841 -8.33151
3.80402 -3.28346 0.682017 1.11493 -11.7299
2.55857 3.57775 2.6723 -0.864547 6.84358
0.432795 1.61606 3.98326 -4.6439 -17.7984
-1.58286 -0.649702 -0.814507 -1.02303 1.86166
2.90267 -4.15265 -1.16623 4.2927 -17.06
4.78837 4.3646 -2.24135 -4.73519 31.5125
-1.40146 -1.99026 -3.08248 4.97945 -12.5598
-3.33293 -1.74807 -4.67926 -1.92406 14.8294
-0.964164 3.61328 -2.14935 0.0896245 -3.67643
1.29947 -1.80365 3.29273 4.33404 11.927
-2.00271 -4.53633 -3.27718 -3.48418 20.5033
-3.9258 3.59976 2.75422 0.804491 -11.9162
4.39204 0.519485 -4.70318 -3.31542 17.8746
-4.0495 -2.19515 -0.6847 -1.34179 9.80796
2.8558 -4.30233 -4.27227 3.83138 -28.6553
3.47896 -0.178612 -3.8885 0.514784 -2.62312
-2.6074 1.03926 2.4518 4.32488 7.89398
3.76712 -4.93083 2.64043 2.64394 -11.5939
0.100091 -3.96013 3.54593 -3.54475 -12.9658
-3.72165 -2.66286 4.9153 -3.03256 -4.99571
-2.11226 -4.01486 -0.7412 -0.719899 9.01399
4.81784 1.77183 1.43171 1.53269 10.7307
-2.60134 -4.17485 -2.54978 -1.00569 13.4245
-0.779842 4.93124 0.504046 2.65231 -2.5087
0.536111 -1.67954 -3.15625 -2.29281 6.33627
3.39716 -3.85795 1.03813 -4.79393 -18.0828
1.92107 -4.50243 2.13633 0.575724 -7.41954
-3.70118 2.56699 3.52006 1.59708 -3.87911
4.86851 -1.10536 -3.42979 0.766058 -8.00888
-1.44777 -1.94171 2.7962 -1.80644 -2.24002
-2.68916 -4.76818 0.391892 -4.37577 11.1076
-0.100276 -4.82337 -0.228948 -1.22431 0.763972
-0.493605 3.02327 3.11766 4.80962 13.5024
-0.801445 0.288474 -0.74299 4.6666 -3.69843
3.14327 1.58467 -1.59642 -3.46475 10.5123
-0.273268 1.28671 -3.9619 0.761991 -3.37055
3.21609 -0.801003 4.90767 0.839202 1.54243
-0.523742 1.44812 -1.81243 -2.60804 3.96844
-4.07127 4.52365 3.4906 -2.95566 -28.734
4.65159 2.57856 -1.0113 -3.22255 15.2534
-2.8821 4.62316 4.26827 0.627483 -10.6461
-1.36988 -2.24264 4.34256 0.648955 5.89027
-2.03451 2.84818 4.6643 2.12113 4.09896
1.66295 -2.89577 -2.86221 4.61216 -18.0165
2.04987 -0.154662 4.12201 3.29305 13.2569
-3.3438 4.63179 3.04946 0.712327 -13.3156
1.89616 0.15715 -3.97738 1.09648 -4.06315
-1.49621 -0.350465 -1.20448 -0.42153 1.03209
4.26472 -0.564882 -0.795651 -0.217611 -2.23592
-2.08553 0.64395 -0.926932 2.63589 -3.78626
-4.78401 -3.19923 -4.17917 -4.85474 35.5939
-2.34208 -0.66701 0.983309 -2.17145 -0.573013
2.08918 -3.17955 -1.76154 -1.19611 -4.53568
0.706095 -3.7571 -0.222695 -4.53017 -1.64402
-3.66223 -1.01838 2.36994 2.44794 9.53101
-2.69077 -3.99016 -4.92393 2.93048 -3.69287
-3.35959 3.70473 -3.49392 -1.70067 -6.50439
-2.40978 -0.161066 0.162425 -2.22608 0.0265628
0.488622 -0.679742 3.50582 2.77845 9.4086
1.69754 -1.85168 4.20056 -1.69574 -10.2664
2.00698 1.68321 2.88584 -4.78291 -10.4246
-1.68806 -0.639671 -4.63742 3.59148 -15.5754
-1.57443 2.26851 -0.492959 -0.329273 -3.40929
-3.44716 -1.0069 4.52939 -2.90436 -9.68409
-2.25918 -2.39526 0.667587 -3.09579 3.34462
-1.29753 -4.16602 0.295935 4.82226 6.83261
3.18457 -0.291483 -2.64858 0.242754 -1.5712
-2.70583 0.834171 3.36501 -4.07427 -15.9671
-3.75645 -0.00437436 -0.127167 1.90655 -0.226018
0.97299 4.44749 -4.25893 -0.605774 6.90731
-0.607338 -1.50907 -2.92593 -0.375949 2.01652
-2.09943 3.99058 4.40669 0.0156509 -8.30899
0.746894 3.00049 3.92951 3.91157 17.6116
3.6909 -4.43339 -0.278065 -3.92338 -15.2722
3.52569 0.450406 -1.53431 -4.06165 7.81981
3.22074 0.646615 2.38328 -2.65409 -4.24285
-3.82443 -0.772306 -0.886011 -1.18927 4.00734
3.64355 0.486734 0.0162656 -1.07552 1.75594
4.05035 1.74263 -4.03331 -4.84754 26.6099
0.788518 -2.24892 -2.02462 -0.905997 0.0609892
2.2311 -2.70497 -2.18066 4.15283 -15.091
4.65408 -2.89676 0.609217 0.121275 -13.4079
-2.93099 -0.682221 -2.10039 -3.64096 9.64704
2.00474 4.85719 -3.58096 -4.79221 26.8981
-0.939403 -4.90682 2.28729 1.36984 7.74269
-2.84514 -0.227817 0.183733 -4.37875 -0.156348
-1.2828 0.638229 3.05277 2.96844 8.24326
-0.745262 -3.72444 -0.289214 3.3292 1.81283
-4.95677 2.37334 0.0711206 -2.69333 -11.9557
3.71801 -2.7221 0.137103 -1.72397 -10.3572
-3.91997 -4.48925 -4.84869 2.40983 5.91322
3.18738 -3.00937 2.94441 -4.66685 -23.3332
4.94305 2.52039 -4.99089 -3.98214 32.3328
2.77161 4.31484 -0.897121 0.124487 11.8474
-2.05538 -1.65501 -4.75825 2.91774 -10.4817
3.3469 2.04481 3.32501 -2.57731 -1.72578
-4.1275 1.85487 0.593123 -4.17023 -10.1294
1.832 1.80028 -0.951697 1.13349 2.21937
0.360392 -4.17446 3.68633 -4.51279 -18.1401
0.101069 0.505632 1.63697 -0.919428 -1.45397
-1.78606 4.53657 0.785187 -3.54307 -10.8845
-1.90045 -3.5399 -3.17599 4.67065 -8.10656
-0.232568 -3.89486 3.526 -0.934248 -2.38834
-0.856938 4.91992 -4.69809 -1.06256 0.775921
-1.2523 4.38491 -3.06466 1.38064 -9.72243
0.643381 2.98111 -2.4892 -3.87959 11.575
3.38225 -1.8871 4.646 1.46544 0.425807
2.82624 -1.06966 -3.03193 -1.07403 0.233289
4.87755 -1.94777 -0.0567553 4.51874 -9.75679
-1.44279 -0.797096 0.0200783 -4.22207 1.06527
0.22994 2.31524 3.58923 -4.8403 -16.8406
0.246636 2.45315 -3.34325 1.67363 -4.99033
-0.0668651 1.82158 4.44607 1.52998 6.68061
2.42585 -3.27088 4.27761 2.896 4.45332
-3.37076 -4.93509 1.09514 -3.82841 12.4424
-0.805196 -4.91575 -1.80395 0.997691 2.15836
-0.614714 2.08262 3.65818 2.01206 6.08027
-2.71677 1.13986 4.54885 4.12765 15.6793
1.33168 -3.3987 2.75602 -1.46874 -8.57387
0.931343 -4.20562 -4.07432 1.39502 -9.60064
-4.07848 3.91343 4.09977 3.07052 -3.37243
-3.91102 2.12603 -2.9273 4.23959 -20.7255
3.09492 1.97903 -4.70377 2.80831 -7.08468
1.48206 -0.932591 2.2689 -0.572793 -2.68176
-2.77429 4.7447 3.1734 2.02555 -6.73528
4.95538 -2.47034 0.871546 -1.75829 -13.7739
-0.420748 -0.707339 -4.03983 1.92799 -7.49116
3.17289 3.10372 3.02391 -2.30324 2.88301
-4.76531 -0.722605 -3.58671 -1.42731 8.56278
-3.14492 3.92018 -0.547287 -1.64528 -11.4282
1.54337 3.58787 -1.93618 -3.77843 12.8531
4.68685 -0.96966 4.07426 -4.58866 -23.24
2.04767 4.92545 -1.79174 -3.96097 17.1827
2.9181 3.37927 -2.16414 2.64675 4.1331
-2.20655 2.80719 2.59201 -2.10164 -11.6417
1.55465 4.70253 -3.0925 2.58817 -0.693136
-0.967518 2.8383 1.13317 4.02589 1.81589
1.24241 4.15783 2.56812 -1.4798 1.36541
-0.906191 -2.52302 1.59224 3.49993 7.85908
4.82658 4.18351 -1.15912 0.109685 20.0649
-4.814 0.388252 -4.70292 1.5654 -9.23101
0.176552 4.71078 4.15018 4.56348 19.771
-1.96248 4.81209 1.24729 3.377 -5.23155
-2.15681 3.99385 0.575712 -1.10379 -9.24946
-2.99269 4.8771 -4.65313 0.580301 -17.2959
3.89282 4.95282 1.71605 0.589629 20.2923
-0.220867 -4.10826 -1.27062 1.27985 -0.718826
-4.29441 -4.24908 -3.71372 0.242174 17.3479
0.193677 3.23663 -0.32646 0.714991 0.393445
-3.49938 4.72248 -1.9198 -2.69761 -11.3469
-2.73481 2.02708 2.24235 -1.92549 -9.86134
0.340726 0.857537 -4.87754 2.1837 -10.3589
-2.1874 1.66344 -3.22494 -2.92292 5.78763
1.99036 1.63872 4.36022 -2.65067 -8.29586
0.771202 -1.6557 3.18683 -4.87349 -16.8079
4.70406 -1.08077 -3.19878 -4.9543 10.7637
4.60836 -2.32432 -4.79378 -4.03948 8.6531
1.53416 2.64516 1.307 -1.46099 2.14859
1.73024 2.00086 -0.509109 1.6177 2.63838
2.21972 4.59989 -0.85369 -0.170281 10.3558
-3.20507 -3.11453 2.4914 2.02553 15.0287
3.71186 3.45556 2.248 0.474847 13.894
2.67117 0.779272 2.61292 3.10809 10.2028
-1.40823 4.52517 1.54863 3.17212 -1.46004
3.21537 0.153581 -3.40027 2.51781 -8.06742
4.42723 0.53463 -2.44293 -0.985555 4.77457
3.11939 3.55486 -2.30974 4.58207 0.505611
-2.24253 4.26953 0.241818 1.01333 -9.3295
3.62461 -3.80766 4.15696 0.159258 -13.1392
-0.538881 -1.55497 -3.21016 -4.00549 13.6962
-2.50287 -0.957377 1.87736 -2.89417 -3.0372
-1.87082 0.047196 -4.53161 2.59928 -11.8672
2.5986 -0.15336 -0.940782 4.29757 -4.4416
0.587346 -4.14766 0.270605 2.22056 -1.83522
-0.518398 4.64607 2.53067 -3.4994 -11.2643
-4.7722 -4.20455 -3.57336 -1.81277 26.5427
-0.0813648 -3.38034 0.57032 -4.09476 -2.06029
2.29052 3.47321 -1.2372 2.04124 5.43005
3.07974 0.436562 1.44646 -0.170693 1.09759
-4.98231 2.16207 -1.28022 -3.32784 -6.51173
-0.0914689 2.01471 4.83135 -2.86381 -14.0203
0.522032 -1.42548 2.54288 -2.6121 -7.38641
-1.24411 1.82201 -0.188408 0.398146 -2.3418
0.643162 -0.0509556 4.96883 -2.60905 -12.9967
-0.896324 3.55744 4.78481 -0.942349 -7.69758
-0.130016 3.9865 -2.76501 -1.63777 4.01014
2.93607 -4.55993 -0.725067 3.64861 -16.0337
2.96356 -3.26276 1.57162 1.32068 -7.59379
-2.86045 0.0428345 -3.46945 -0.183788 0.515116
2.53004 -1.63119 1.06655 -3.73859 -8.11438
-2.63078 3.90785 1.16386 -0.54883 -10.9194
0.0996428 0.842696 0.580099 1.48616 0.946089
1.78025 -4.53764 3.00097 -1.83358 -13.5807
-2.40518 -1.64281 -4.98297 -3.72305 22.5031
4.76177 2.19759 0.337328 1.24953 10.8859
4.41749 2.85594 2.28047 3.00662 19.4726
3.22599 4.1584 4.89556 1.15715 19.0799
2.47426 3.72068 -2.09972 4.08451 0.629612
0.521643 3.22708 0.781396 -3.18994 -0.809225
-0.601629 -3.82948 -2.22615 0.321532 1.58815
4.36349 2.82784 3.33959 -3.32922 1.221
-1.2176 4.83114 -0.134172 -3.97741 -5.34875
3.33346 3.158 3.97164 2.74646 21.435
0.152863 -1.50836 1.55628 1.31376 1.81402
3.64654 1.227 2.65139 -2.36542 -1.79735
2.09263 -2.85662 3.29212 -1.29463 -10.2399
-1.94562 0.0266698 3.95029 2.0868 8.19156
0.795562 0.58784 2.69104 0.371217 1.46662
1.49047 4.58595 -2.40326 -4.30905 17.191
1.34286 3.39327 -3.78017 -1.22037 9.16989
-1.58393 -0.0438871 1.23497 3.54757 4.45067
-0.805372 -4.46096 0.0534315 1.23858 3.65891
-2.47638 3.41699 1.21071 -4.34259 -13.7194
1.03961 -0.0750936 -1.19434 -1.43194 1.63215
0.0638606 3.37198 4.90158 -2.80449 -13.5311
-4.77591 -4.77488 0.307293 -3.01385 21.8782
0.322458 -1.63098 -4.11778 3.62709 -15.4615
0.451205 0.145441 3.74527 -2.30122 -8.55305
-0.911633 -1.54887 -4.2675 -1.87868 9.42927
1.22815 -2.71957 3.85527 -0.207083 -4.1384
-4.39396 3.49488 2.53923 -2.49548 -21.6929
2.73124 1.7555 4.91194 -4.60893 -17.8441
-0.438539 -0.600202 3.14553 3.38865 10.9223
-4.01735 2.59163 3.64519 3.33416 1.74219
1.12138 3.90354 0.749949 -0.358827 4.10824
-0.182839 -4.66713 0.33123 2.54036 1.69477
2.6332 1.91201 1.15344 -0.0219766 5.00935
-4.13508 -0.410632 4.16405 1.29723 7.09971
3.74696 1.71968 -3.84682 -4.54723 23.936
-0.757835 -4.02644 3.02363 3.40234 13.3388
2.7228 -2.65286 -2.4062 -2.01157 -2.38297
0.272689 -2.04948 -2.62049 -3.31422 8.12601
2.60846 4.4627 3.44224 -2.42694 3.28663
-3.86754 -4.91609 -0.499817 3.4186 17.3045
-4.57569 3.72117 -3.04675 4.00462 -29.228
-4.02811 4.00505 1.85428 -2.10174 -20.03
-1.15576 -3.1037 1.00504 4.84269 8.45424
4.7653 2.48659 4.89541 4.88422 35.7596
-2.02274 -4.29893 0.555705 -2.52201 7.29411
3.94221 4.66436 3.80951 -1.91146 11.1062
-2.66179 -4.3432 1.53208 4.99957 19.2205
-2.94097 1.53072 -1.5194 -3.41066 0.680369
-4.70471 -2.05141 2.60042 -1.63028 5.41189
0.443312 4.03144 0.25345 -4.41014 0.669437
-4.65731 -3.57816 -2.19888 4.77525 6.16441
-3.63247 -1.50131 4.30252 -3.44113 -9.35205
4.74216 -3.4024 3.30551 3.96926 -3.01432
-0.377151 0.45485 -2.74685 1.00227 -2.92464
-3.82627 0.234508 0.847139 3.69406 2.23209
3.92842 -3.40665 4.59998 -3.84348 -31.0627
-4.64789 -1.01957 -2.03035 -2.39882 9.60933
-4.73883 4.20457 -0.897063 -2.81451 -17.4
-0.267018 -4.51047 -3.73835 1.09159 -2.87635
3.81635 -4.65663 1.92937 -1.46994 -20.6074
-3.07938 2.92292 2.12407 3.98166 -0.543451
-3.06758 1.63624 1.88806 -3.73614 -12.0733
4.13149 3.49021 -4.99224 -2.23904 25.5976
-1.94991 -4.62902 -0.428024 -0.172021 9.0998
-2.54852 -3.82924 -4.81205 -4.31024 30.5
-2.89465 -1.01816 -3.8552 4.26547 -13.497
-1.89985 3.98071 2.3196 -0.25981 -8.16539
-0.276869 3.67609 4.27833 0.959461 3.0871
3.27397 -2.55241 3.18279 2.66663 0.130857
2.95027 2.31097 -2.96999 0.777174 4.50978
3.57543 -1.57297 4.34953 -0.889487 -9.49291
4.31225 -4.82104 1.30844 -1.8207 -23.1718
-3.83981 2.94204 2.91987 1.78908 -6.07298
4.04896 1.01687 -0.711368 -0.94005 4.78598
3.78441 -1.62088 -3.29499 3.66462 -18.209
0.811298 -2.25704 2.23732 -1.09878 -4.28945
4.70492 -3.20373 -0.555284 -4.38932 -12.636
2.92171 4.90587 2.92909 1.46651 18.6291
3.18243 1.39963 -1.58464 -3.59346 10.1486
-1.99055 4.29571 1.08052 -1.68305 -10.3694
1.29069 3.90445 -3.7411 -1.9578 12.3638
-3.10828 2.71195 4.00474 -0.108071 -8.86228
-3.53945 -2.38133 3.00061 3.03457 17.5342
-2.88099 -3.86161 -2.91494 3.59166 0.655779
-2.54301 4.40528 -0.0518243 1.07105 -11.2582
2.65953 -4.01723 -4.98951 -4.12434 9.8945
2.39114 4.74894 2.90824 -3.73599 0.490244
-3.6997 -2.85746 -1.65168 2.86227 5.8442
-4.16926 -0.713005 -1.09904 -4.76972 8.21482
3.57657 -3.87683 -4.34626 -4.53692 5.85288
-0.923213 -4.17676 3.43975 0.919966 7.0205
3.65487 4.78926 -1.37892 2.62607 13.883
0.586504 -4.79617 -3.18332 4.1544 -16.0377
-4.59951 -0.286537 -0.488736 -0.880202 1.74812
-2.80361 -0.810095 4.42757 -3.32674 -12.4582
0.218988 -0.288811 2.16653 4.22662 9.09387
2.11499 -0.601914 -0.761846 -0.285924 -1.05521
3.71476 -4.71314 -4.28124 -1.30018 -11.9418
-2.5538 -1.27117 0.0335958 0.860786 3.27523
0.616268 -0.630085 -1.86511 3.33363 -6.6059
0.0208695 1.50748 -1.23148 4.93722 -6.04863
-1.62925 4.38276 3.77728 -3.51946 -20.4346
2.79833 -1.89637 1.13856 0.137191 -5.15047
4.25758 4.74859 0.852235 -2.20791 18.3358
4.17123 -0.250937 -2.07454 3.89325 -9.12344
0.973039 4.62719 -4.78232 1.83702 -4.2828
-1.18066 0.983863 -3.52316 3.20027 -12.4367
3.59058 -4.73435 -2.4259 3.56115 -25.6381
-3.87872 3.80171 3.05778 -1.78463 -20.2027
0.480221 -4.41991 -2.82764 3.57146 -12.2213
2.9461 3.27205 -3.74585 -1.50888 15.2918
-2.91715 0.986105 -3.83709 -1.3596 2.34028
4.58083 -0.169172 -2.14415 0.125436 -1.0439
3.7512 4.86037 -2.4058 -3.88899 27.5883
3.38397 -4.12586 3.07463 2.24037 -7.07346
2.09685 1.69952 -3.45942 -3.40204 15.3327
1.01763 -1.56678 -1.70195 3.61834 -7.75265
3.57087 -1.91766 3.20937 -2.29861 -14.2248
-0.35385 -4.54417 -4.73382 1.77118 -6.77648
1.55868 -4.95885 -1.98919 0.47106 -8.66629
-3.99689 -4.96634 -2.9608 4.56585 6.33138
3.33376 -2.11877 2.18049 1.09084 -4.68489
-2.5467 -0.67525 2.198 3.58796 9.60599
2.155 3.3304 3.02994 -4.59958 -6.75943
-3.61763 3.20587 1.81869 4.63277 -3.17209
-0.103782 -4.6834 0.284676 -4.63378 -0.833072
-0.383049 -2.74463 1.80075 -0.511122 0.130924
-4.19557 2.65627 -1.93669 2.77662 -16.522
3.57475 1.68468 -3.95327 4.76946 -12.8326
-0.281948 -2.85996 4.86993 -1.55498 -6.76626
-2.4219 0.585872 2.48887 0.31821 -0.626937
-0.831109 4.16767 -3.21527 1.35989 -7.83619
-4.05442 -1.65448 -2.28308 -0.588897 8.05246
1.75113 3.68125 0.642729 0.647724 6.86267
3.63288 -4.93382 4.83552 4.93239 5.92673
4.05123 4.20384 -4.85362 3.81954 -1.50788
-0.401741 -1.13391 1.508 2.70073 4.52824
-3.5511 -3.93773 2.71262 -1.3128 10.4222
-2.79098 -1.33897 2.90472 0.295599 4.59566
0.182882 3.22127 0.590756 -0.96917 0.0165677
4.54578 4.55458 -3.52127 2.79275 10.8701
3.23016 -3.87994 -0.845073 4.04854 -15.9541
4.48268 0.663992 1.74331 -0.0684028 2.85721
-1.61416 -0.609011 0.177076 -2.24744 0.585073
0.137797 1.12739 4.93663 3.0347 15.1365
-2.94521 -2.38617 -1.15476 -0.569268 7.68514
0.329513 -4.8039 4.06805 0.837893 1.82564
-2.35785 4.87278 0.904489 -1.22065 -12.5934
-1.9642 -0.111732 -3.43679 3.6046 -12.1688
-3.47994 1.77698 -2.98925 -2.94349 2.61506
-4.18063 -1.22823 3.78186 4.77425 23.1903
-3.18287 -1.1481 -2.5968 -4.721 15.9138
1.93697 -1.78889 3.37822 -0.950368 -6.67559
4.01631 -4.07623 3.62656 -0.592513 -18.5202
3.96467 -3.36049 3.4453 4.76522 3.09436
4.93039 3.72586 1.90839 0.796071 19.8892
1.04676 -4.47812 2.98426 2.25274 2.03524
-4.75259 -4.05318 -4.25996 2.58462 8.25275
2.64783 2.57339 1.54924 -0.932086 5.36986
4.22183 -2.26622 -1.28243 -1.76049 -7.30989
-0.683633 -3.69378 -3.39028 4.42589 -12.4798
-0.265054 -3.31387 2.95206 -0.269367 0.0831677
2.63481 1.56459 -1.79172 -1.75989 7.27562
-4.22745 1.11037 1.73689 3.31027 1.05554
0.695434 -0.110838 -1.24745 -2.94821 3.60066
-0.571494 -4.87182 3.78162 2.45348 12.0624
-4.30051 4.71686 -3.77766 4.832 -38.5386
0.258614 -3.67849 -0.316541 0.0962097 -0.981762
-4.17865 4.34002 2.17115 -0.191576 -18.5514
-2.0795 -2.75545 4.34284 4.76627 26.4291
-0.383576 -2.08646 -4.92439 2.56162 -11.8141
-2.12958 -1.65378 -1.4533 1.69686 1.0558
4.2271 -4.86378 4.41796 -0.827344 -24.2149
-4.50701 1.91635 -0.300743 3.17783 -9.59273
0.338203 -3.30315 -0.3266 0.207811 -1.18501
-0.244339 -3.53413 -3.63726 -2.61826 10.3868
-1.16688 4.09865 -3.23912 0.488532 -6.36503
-2.43793 2.10843 -1.66559 2.51719 -9.33282
-3.17362 -4.68558 -3.81182 -4.95651 33.7636
-1.48041 4.96667 -1.14687 3.1536 -10.9695
-2.89316 -0.985509 4.57846 -4.41638 -17.369
-3.42947 2.28989 3.96018 -0.365952 -9.30236
0.841109 -0.389894 4.85424 3.66704 17.4728
1.50865 4.87409 -1.07736 -0.669159 8.07424
4.66265 4.68184 -4.83634 -4.89391 45.4984
4.52632 -0.834385 0.452028 -3.211 -5.22815
-1.81332 -0.430741 3.39335 -0.855833 -2.12307
4.53788 -3.48025 -2.66392 -1.71336 -11.2287
3.15373 -2.67755 -2.8207 -1.70208 -3.64322
-4.81643 -1.46373 -2.7375 -4.65434 19.7912
-0.562544 -3.772 -1.04641 -1.32926 3.51287
-3.50663 3.51787 -0.700771 3.33959 -14.6762
-2.90131 -3.80796 -2.21134 -1.47759 14.3155
0.774006 3.17919 3.67682 1.39116 7.57574
3.9199 2.87319 2.49668 -2.03454 6.18301
3.47976 4.62698 -3.52762 1.19464 11.8866
-0.415485 -2.58059 -1.78469 1.26251 -1.18098
-0.564888 2.43119 -3.50812 -3.38525 10.5025
-0.409235 1.63482 -1.77393 -2.3055 3.42077
-0.152716 3.67638 0.00931969 3.59371 -0.52795
-2.59801 3.81849 -2.9248 0.247142 -10.6433
3.08307 0.83188 2.30266 -1.9056 -1.82321
2.63188 -1.18438 -1.15476 -3.74984 1.21301
2.24636 4.75668 4.37302 -4.84168 -10.4876
4.31116 0.113511 -1.73735 0.649662 -0.639325
-2.51036 -4.67057 -0.667812 -1.52955 12.7463
4.37047 -2.31119 4.01702 0.383793 -8.55927
0.398658 -4.80397 -1.56423 3.96068 -8.11056
-4.86656 -1.1971 3.30897 -4.82241 -10.1314
-1.12032 3.05085 0.850907 -3.14282 -6.09216
-4.07093 -1.92563 -4.5879 3.52974 -8.35502
0.120249 1.031 -1.17635 -2.5106 3.07733
-4.99326 -1.32628 -4.97523 0.21797 5.53802
-0.30057 -0.220636 -1.40189 -3.54386 5.03443
3.89274 -0.724264 2.44109 -1.21622 -5.78829
0.486326 -4.40322 4.4855 4.76719 19.2419
-0.921112 -3.63091 -2.57577 -1.55644 7.3535
-0.260896 4.90248 -1.80389 3.3536 -7.32854
2.08841 -1.93865 -0.593377 -1.71062 -3.03365
2.95562 -2.30213 -0.623502 -4.60331 -3.93406
-3.05204 4.46027 2.62042 1.89444 -8.64868
0.0750596 2.91725 -1.72439 -0.297059 0.731211
1.28729 -3.84158 2.14475 0.931307 -2.94782
1.04131 -0.631415 4.46872 0.102511 -0.199406
-1.07364 1.97983 4.41179 1.73281 5.51915
-4.76593 -2.15492 -1.09826 4.47034 5.36063
0.839891 -1.72195 -4.2231 1.0958 -6.07393
0.822511 -4.19531 -3.34258 -0.909445 -0.410797
3.00275 -2.02581 4.55977 -2.18196 -16.0322
2.10432 -2.06252 3.41588 4.43766 10.8183
-0.0690808 -3.72472 3.76785 1.93231 7.53795
3.81082 3.43217 -3.01604 4.53942 -0.61165
4.83599 -1.09037 -1.63377 -4.95037 2.8148
2.11154 -3.67164 -4.93955 -2.97015 6.91838
-4.66892 3.71728 -1.86795 3.63941 -24.1539
4.32556 -0.352087 4.40788 -4.20501 -20.0581
2.81591 3.43916 -3.90497 2.67082 -0.745093
1.98927 -4.74879 -0.562105 -1.92194 -8.36629
3.50966 -0.215649 -0.443242 2.60244 -1.91036
-2.85901 -1.05258 2.47106 -4.6792 -8.55326
0.138682 0.14473 -3.78554 1.2871 -4.8523
2.95922 -2.31194 4.38758 4.2074 11.6188
2.93843 -4.13047 -0.613583 -4.11125 -9.61452
-1.4073 -1.98022 -3.16575 3.78161 -9.18487
-0.765861 0.623885 2.73642 -2.10423 -6.23587
-4.10971 -3.01607 -0.550712 4.33846 10.0059
-0.013728 2.36549 -2.07228 -1.63644 3.3587
-1.21351 4.06973 -1.54471 -1.70944 -2.29807
-4.18061 -1.72699 -3.24857 -0.257749 8.05718
-1.90152 -3.76232 3.83795 -4.71467 -10.9406
0.376684 2.22096 1.74633 -2.22288 -3.04528
2.07621 2.1362 -3.02989 -3.88077 16.1935
3.6224 -2.50548 -1.375 0.175003 -9.31646
3.88154 -1.19963 -2.37429 1.63259 -8.53267
-0.264362 -1.39043 -1.14141 -2.98786 3.77795
2.87622 3.4473 0.144772 -1.95396 9.63234
3.73567 -0.865412 -1.49385 -0.645708 -2.2683
0.218501 1.16854 2.88861 2.56343 7.66008
4.11887 3.83485 0.393187 -4.71372 13.9419
1.35516 3.76874 3.90673 0.463715 6.91887
0.753999 0.239878 0.495345 1.11234 0.73186
1.7392 1.7081 1.3321 -1.18403 1.39349
1.35574 -3.47529 -1.7967 3.33371 -10.7013
-0.283039 -0.139517 3.54915 -3.0202 -10.6797
-4.52011 3.43922 0.600545 -0.527223 -15.8622
-3.86596 3.27751 0.350843 1.53609 -12.1318
3.90265 -0.21356 -0.117013 -3.8408 -0.384029
0.471417 0.556652 2.20149 -2.91832 -6.16223
-2.85089 1.34411 1.72794 2.75195 0.92331
1.11802 -0.472977 2.89306 2.0541 5.41384
1.96504 3.80067 -1.90915 0.715494 6.10247
-1.08893 0.678283 -4.57134 2.80979 -13.5831
0.808373 -2.76141 3.21533 -4.27907 -15.9909
-2.96307 4.86923 -2.2423 1.23746 -17.2026
4.25406 4.12188 -4.53795 3.72893 0.613007
-0.895774 0.748886 1.20174 2.92694 2.84658
-2.76778 3.14265 4.45337 -4.21539 -27.4709
4.91693 2.90446 0.514502 -3.02782 12.7232
-0.25526 -1.40355 2.87603 -3.04176 -8.38991
3.82721 -1.16117 2.60134 -2.35178 -10.5618
-3.57687 -3.06385 -3.64743 -0.343678 12.2126
2.7251 3.792 -2.18477 2.08682 5.77435
-2.753 2.539 -4.02402 3.29287 -20.2405
4.03983 2.90907 4.27453 0.550369 14.1047
3.23928 3.16178 3.43059 1.95222 16.9391
-1.34498 -4.56165 0.620305 3.26613 8.16133
4.04942 2.90295 -0.557196 -0.93096 12.274
4.84906 -0.904943 -4.84334 -2.12055 5.88242
0.266396 0.57058 -1.29005 -1.98774 2.71629
-2.61651 4.03404 4.79927 -3.62281 -27.942
2.42104 2.85237 1.58661 3.89141 13.0798
3.32758 0.0784031 -3.05596 0.808289 -2.20921
-2.65301 0.679751 -3.03746 -3.37688 8.45373
2.33136 0.576966 4.62699 -0.778917 -2.25893
-2.38153 1.9523 2.69979 2.17482 1.2221
0.260719 3.45496 -4.2867 -1.16448 5.89254
2.42749 3.64173 2.73589 1.2856 12.3575
-4.99548 3.19702 -2.19174 4.56213 -25.9697
-2.86638 0.88929 1.71027 4.16321 4.57115
1.36227 3.15658 1.6976 4.21259 11.4514
-1.86048 4.0615 -1.20525 -4.90123 -1.64915
3.60612 -4.48989 -1.98812 2.55123 -21.2632
0.447405 1.48383 3.66018 0.488587 2.45219
-2.68224 1.56705 -1.39882 -1.42709 -2.20696
-2.30806 0.77599 -4.78064 -2.93353 12.2331
1.00182 0.469952 -3.8001 0.230474 -0.405017
-1.01012 4.58287 4.05081 -3.14999 -17.3893
-0.0813603 0.262961 -1.78431 4.4559 -7.97208
-3.57674 -3.45167 -2.82992 3.89632 1.31941
-2.64292 -4.28837 0.946433 -1.74727 9.68016
3.55012 2.70934 1.31369 -4.96218 3.09972
4.90318 -1.93275 -4.42921 1.57465 -16.451
1.44359 -0.0716682 4.63238 -0.168653 -0.884722
1.13626 4.41241 -4.65924 -3.27477 20.2716
4.64342 4.56331 -4.47802 -4.18513 39.9305
-0.781875 -3.34679 4.63376 1.88603 11.3562
-2.82219 2.59578 0.317784 -0.82448 -7.5878
-2.49619 3.75483 -1.42455 -3.89543 -3.82354
-2.36462 1.97154 -1.22684 4.16566 -9.77252
2.6096 4.8255 -2.42868 4.4964 1.67233
4.82707 -0.0434302 -3.13722 4.94108 -15.7109
3.65242 -0.931466 0.761406 -0.637799 -3.88773
2.2809 2.2753 -4.44873 -2.70081 17.2049
-0.417771 -4.66341 3.95312 4.18859 18.5063
4.57076 -4.24866 -3.78367 -1.60518 -13.3461
1.48281 0.727493 -2.22153 0.759442 -0.608389
4.88219 -0.939519 -0.600952 -0.201476 -4.46584
0.58093 0.361479 4.51286 -3.26902 -14.5426
-3.73243 -4.20533 -2.34448 -2.16118 20.7629
1.04872 -3.63759 2.28051 -2.59415 -9.73078
2.49411 -4.66419 0.285825 -4.10566 -12.8065
2.96781 3.49707 1.36014 -0.977159 9.04957
-3.44361 -2.57072 -2.00672 -0.229346 9.31281
2.44397 -4.30045 -4.94743 -3.70321 7.81116
-0.279429 -0.476034 -2.84328 -2.85586 8.25301
2.54329 2.0565 1.05388 -4.17258 0.832892
3.76935 4.54119 -2.0724 4.43322 7.92994
-2.75056 -1.92366 2.51707 -1.06841 2.60187
-1.85857 0.95397 -4.32067 3.09877 -15.1618
-4.65991 -4.97105 -4.63861 -0.504334 25.5041
4.79658 0.0321127 3.27651 1.60241 5.40434
-4.88089 3.91589 0.956888 1.54787 -17.6318
-0.126171 4.85489 3.17576 -1.95748 -6.82903
2.18807 -0.704348 0.0631229 -0.70135 -1.58543
4.74815 2.5905 3.66488 3.08694 23.6134
-1.48928 1.4306 -2.33668 2.64185 -8.30372
1.65797 -4.19001 4.54633 -3.90551 -24.7027
2.41412 -1.20668 3.30497 -3.61366 -14.8561
2.92431 2.46851 4.56881 2.22964 17.4055
0.394146 1.39994 -1.61944 -4.64359 8.07179
0.809066 -2.77393 3.48815 -0.644678 -4.49303
-4.31139 1.67912 0.453726 4.73314 -5.09181
-0.662657 2.88855 1.71328 1.77141 1.12081
-0.790397 -2.12379 -3.14443 -3.81585 13.6773
-0.817442 -3.01744 0.0988064 -0.817739 2.38578
-0.675121 2.08804 -4.84847 -1.38363 5.29878
0.819415 -1.88328 -4.02033 -2.02569 6.60077
-2.33556 -3.54066 -2.57941 -0.482949 9.51515
-1.72279 -2.07002 1.46285 -4.92285 -3.63517
4.82329 3.73693 -2.9219 2.89557 9.56375
2.61424 -3.67525 1.17095 -0.687765 -10.4133
1.12881 -4.65864 0.225452 1.52052 -4.9159
2.35457 2.2763 -1.31439 -0.974356 6.64038
-4.45193 3.53669 2.13703 4.77551 -5.53968
-3.03637 -2.06353 1.86268 -4.82925 -2.72971
3.86304 4.63578 -3.59659 -4.34347 33.5299
-4.55498 4.20776 2.79446 -4.52107 -31.8002
2.44172 -4.0882 1.23326 2.50399 -6.89416
-1.07448 -4.74045 -2.21833 4.2869 -4.41623
4.69511 -4.98538 2.27905 -4.10348 -32.7589
2.54924 2.89669 -4.59199 4.55061 -13.512
-4.30822 -0.313938 -1.32419 4.47579 -4.5743
-0.39594 -1.52998 4.95505 1.79723 9.51115
0.94647 -0.677792 2.42708 1.89666 3.96183
-2.5329 4.18922 2.40853 2.56797 -4.42583
3.05784 -2.03263 4.13147 1.80383 1.23701
-2.92362 3.05859 3.76699 -2.26499 -17.4744
3.53746 -2.55727 2.99875 1.83473 -3.54436
-0.310067 0.240794 2.06381 -1.56266 -3.2997
2.24748 -3.77711 0.143079 1.15472 -8.32379
-4.20485 3.49509 4.44708 1.30884 -8.87581
-0.868251 -1.29561 3.19272 3.19224 11.3169
1.77421 1.06692 0.00394622 3.72969 1.90767
3.35213 -3.94709 -4.56399 -0.960815 -8.84599
2.23382 2.06994 -2.28447 2.55099 -1.20382
-2.72221 -4.81957 -4.82305 0.982303 8.38219
1.35578 -0.564372 -2.32153 3.07191 -7.89671
0.635075 0.641271 -4.91774 -4.23395 21.2287
-2.68674 3.83764 -2.97411 -4.50806 3.09674
-4.76262 -0.382719 0.773386 2.30247 3.60344
-1.61474 -1.04088 -2.75209 0.271475 0.933614
-0.224729 4.887 1.82429 -3.3739 -7.25321
1.2956 -4.33531 -3.4891 -1.73786 0.446719
0.240232 2.52235 1.97141 -3.49883 -6.29167
2.87482 0.023061 0.970833 2.79707 2.78178
3.8432 2.06881 3.37945 3.54817 19.9417
-4.77095 -1.62697 4.16786 1.89784 15.6721
-2.54328 -4.84023 2.51033 2.71633 19.129
-0.576725 -4.43805 4.26145 4.5144 21.7974
0.204442 -3.63931 -0.0991563 0.72931 -0.816345
-2.72959 3.93352 -2.88768 -2.32007 -4.03729
1.89673 -4.07811 4.8471 -0.70207 -11.1381
3.06616 -0.293488 -0.665759 -4.18213 1.88441
-1.68334 -0.807179 -3.51656 3.48644 -10.9015
-1.4188 0.886059 2.75051 -2.53946 -8.24196
-2.95214 -1.53876 -2.43039 -4.80399 16.2182
1.30101 -3.08255 -0.25136 -2.10158 -3.48218
1.26736 -1.95513 -2.31442 -1.50057 0.995103
3.37334 0.448442 2.79234 0.520342 2.96572
1.63132 3.25337 -4.47611 -4.09622 23.6424
4.40266 2.19688 -2.10703 -1.6107 13.0659
1.58616 3.17913 -0.675486 3.83541 2.45184
0.768121 0.400059 -1.31308 1.94705 -2.24934
4.94849 2.19569 4.39704 4.25259 29.5642
-1.77037 -4.34021 1.71743 3.92936 14.4322
-1.08725 -2.98805 -1.18808 -0.807799 4.20848
-1.74996 1.14401 -2.51844 1.84096 -6.63833
4.11668 -2.18905 -3.22289 -4.49381 5.47142
4.10842 -1.69824 1.98943 -2.774 -12.4958
0.447697 0.0204576 -3.48708 1.85721 -6.46708
-4.96202 4.04584 -0.792188 1.39674 -21.182
-0.780601 3.7375 -4.15958 -3.56453 11.9095
4.98634 -4.73262 0.895758 3.83142 -20.1664
-0.593861 -0.139653 -1.09133 -4.77342 5.29232
-0.520601 4.93786 1.74391 4.45701 5.20198
-0.358746 3.89995 0.390908 3.92035 0.133403
-3.62093 3.35574 3.14413 -0.881921 -14.9238
2.62526 -4.84682 -1.71608 -2.15735 -9.02197
-4.21722 0.0207511 -4.81646 3.46661 -16.7843
-0.562425 -4.90529 -2.02502 2.21391 -1.72437
-3.83976 -0.533418 3.80089 2.9345 13.2019
-3.10918 3.30986 1.5829 -4.61514 -17.5962
2.05314 0.529956 4.87494 -1.78451 -7.61132
-3.96887 -4.81258 4.65145 0.309953 20.5422
3.01788 -4.45283 0.716115 4.32594 -10.3402
4.84123 -1.08505 -1.07438 3.76506 -9.29807
-0.0606608 4.73239 3.11282 -2.08762 -6.78546
3.54193 0.184883 0.102516 -4.7638 0.166478
-4.69009 -2.47301 3.29036 -0.379127 10.3512
1.41285 1.55864 2.50161 -0.809436 0.177246
-2.14454 0.310307 3.16247 3.34918 9.9262
-0.593095 -2.06701 3.96528 -0.0409737 1.06346
-1.09539 2.29715 3.22014 0.00656934 -2.49512
0.678098 -1.04044 -4.33613 1.68437 -8.00916
1.35406 -2.08825 -2.99421 -3.46738 7.55444
-3.06916 -4.03841 1.62311 -3.95731 5.97137
2.30635 -4.16659 0.891612 4.31437 -5.76288
1.89851 -4.19885 -1.5409 2.07516 -11.1692
-2.41665 -1.18779 -2.27519 2.5479 -2.92648
0.895384 0.996647 0.16581 2.2456 1.26472
2.96346 -4.83586 1.93116 3.37453 -7.81409
-3.22052 4.42028 -3.21794 -0.681477 -12.0426
0.0237173 0.0255477 3.85099 1.85621 7.14884
4.41236 0.732912 -4.72454 -0.335706 4.81993
4.20531 4.28756 2.52849 -4.69072 6.17009
0.218171 3.52277 -4.29637 -2.26747 10.5105
-0.468716 -3.444 0.206544 4.74433 2.59417
1.32143 -2.6608 -0.139424 2.86536 -3.91558
-4.01487 1.1568 3.16751 -2.80595 -13.5323
0.0522779 3.17088 -1.68506 -2.69131 4.70078
-1.55453 -0.795492 -2.57479 -2.46249 7.57702
0.177855 2.70649 4.43936 -0.116722 -0.036808
3.8856 0.735252 -4.44755 4.71283 -18.1036
-0.858234 2.3768 0.318984 -2.76516 -2.92189
4.1078 1.04693 -1.65605 3.34638 -1.24118
2.15418 -2.72235 4.48442 2.58258 5.71694
1.1408 -1.20032 -2.69619 -3.76587 8.7842
0.603457 1.89889 -3.79798 -3.22738 13.4034
-0.0670586 -2.28236 -3.24465 1.98926 -6.30138
-4.49178 0.31031 -3.35467 4.27532 -15.7361
-0.790705 -1.81817 -4.18298 -1.98053 9.72217
3.09273 -1.24255 -3.33624 0.843846 -6.65816
4.22148 4.39747 4.25435 2.32435 28.4524
-3.29729 3.04368 -0.87723 3.58427 -13.1801
-1.65921 -0.5529 -0.628749 -1.55257 1.89355
-2.93595 -1.1314 -0.572906 1.34703 2.54999
3.76238 2.78362 0.492486 -0.464269 10.2444
1.45666 1.59547 -3.7453 -1.48513 7.88631
-0.359045 4.65971 0.472443 -4.9738 -4.02288
-4.9516 -1.24538 -4.98865 4.17683 -14.6701
0.771104 1.25208 -1.20523 1.64268 -1.01432
-4.20065 3.07155 -0.513684 0.118773 -12.9635
-1.58997 -3.07402 4.17752 -4.41097 -13.5393
2.1922 1.51856 -1.45593 3.59802 -1.90947
0.881187 -3.57952 0.431075 2.07698 -2.25889
-1.02151 4.75086 -1.4543 -3.1811 -0.226782
-3.31248 -3.20159 4.48716 -1.31376 4.71014
0.401321 -1.48392 3.21199 -0.958844 -3.67533
-4.94523 1.48404 -2.37922 -2.21428 -2.07066
-2.2341 0.429702 -0.718934 -4.09493 1.98399
1.66201 -3.82957 3.60411 -4.93315 -24.1444
-0.951556 2.72232 -2.23894 1.36238 -5.64072
2.56518 -1.16399 0.406547 -0.682673 -3.26338
-1.09913 -1.80005 2.09522 -4.03195 -6.46934
2.06312 -4.04225 -2.08112 -1.67285 -4.85824
4.27814 0.97716 -0.897034 2.19959 2.20732
-3.49865 4.03507 -0.659803 -2.85413 -12.2341
3.80443 2.18678 -2.19061 2.23544 3.42248
-2.69837 -1.76051 -0.54566 -1.93437 5.806
-0.00227519 -3.46989 -4.21546 0.594622 -2.49871
3.96912 4.95711 -1.07293 1.9098 17.6263
-2.42638 -2.21262 2.40318 -0.267484 4.72583
4.66376 -3.13214 -1.05901 -0.390083 -14.1945
1.24959 -3.14451 2.59671 -4.09858 -14.5722
-0.652069 -3.39533 0.402889 -2.29753 1.28834
4.92118 2.6283 -1.27393 1.38758 11.1666
-4.42579 1.5465 -2.50372 2.33668 -12.6949
2.8002 0.202862 4.05721 -3.09561 -11.9915
2.82999 -2.17671 4.94043 4.25747 14.8737
0.593692 -2.60924 4.50101 -3.03088 -15.1911
-3.55146 2.97829 0.876484 -0.0257238 -10.5998
1.85806 -4.97772 -4.26093 -2.19266 0.0938697
-3.57607 -4.67365 1.49758 2.3915 20.2948
-2.82192 -3.25007 2.50856 -4.45301 -1.99924
1.96601 -1.89176 3.99621 -1.19155 -8.4809
4.80426 -2.94865 4.18947 4.82951 6.06703
-2.43264 3.57575 -3.61995 4.28035 -24.1932
-2.43314 0.390485 2.12915 -3.72204 -8.87489
0.435907 -0.274129 -2.58402 3.56476 -9.33091
0.785997 3.95095 -4.11901 -0.925125 6.91604
-1.96481 4.76344 -3.97596 -4.88213 10.0519
-0.579218 4.60523 -3.7488 -3.23376 9.45527
-2.83993 -2.32379 -4.93314 -2.3938 18.4083
4.46488 4.28631 -2.65797 -4.8935 32.1446
-2.31155 0.597191 4.56674 -1.01357 -6.00914
2.72412 2.8165 -3.41939 4.92885 -9.18119
-4.06197 -2.16534 0.19506 1.83775 9.15402
3.40015 1.34323 -1.93917 -1.81603 8.08877
4.62275 -0.617473 -0.534689 -2.44567 -1.54675
-2.589 1.98888 2.93405 -0.800224 -7.49711
-4.89716 3.13647 3.9583 1.57641 -9.11991
-1.13984 2.27335 -2.35764 1.26533 -5.57446
-3.84874 -1.15033 1.81381 4.3623 12.3397
-4.96161 -4.43602 3.77555 1.84692 28.9829
1.06262 4.02057 -0.0443037 -2.81454 4.39705
4.44091 0.545547 1.9445 -1.12954 0.226331
-2.4953 -0.759318 3.69529 4.18316 17.3527
-3.14144 -3.61167 -0.90189 3.7572 7.95726
0.818512 0.92141 -4.67908 -0.403934 2.64422
3.3403 2.36268 0.967514 0.149681 8.03686
1.79324 3.72487 1.80541 -2.22845 2.65632
0.47035 0.277434 -2.22055 -4.93103 11.0801
3.17177 0.397816 2.16513 3.96557 9.84775
-1.85662 1.20354 2.79904 1.15129 0.988004
-3.94729 -0.360594 -2.89263 0.729253 -0.686086
4.76844 3.81113 0.940758 3.47929 21.4463
2.7838 2.93045 -2.16408 2.15954 3.48435
-1.4527 -3.82553 2.55911 2.47599 11.8937
4.22097 3.08623 3.20924 -0.56563 11.2116
-1.31825 4.05868 4.88632 0.0926907 -4.89743
-3.8102 -3.99578 4.25327 2.11594 24.2244
-0.0391887 -0.690184 -0.240765 0.610757 -0.120001
-0.0520594 -3.27268 -2.87424 3.5413 -10.0081
3.65221 -0.222159 -4.15488 2.17071 -9.83039
0.0625502 2.72835 0.775465 4.28821 3.49601
1.28256 0.285725 1.1563 0.794214 1.28481
-4.51133 0.910529 -3.02715 4.11011 -16.5496
-2.42241 -1.50249 -0.363346 -4.34933 5.21996
4.13508 0.600182 -2.81359 -0.181572 2.99267
4.26991 0.893169 3.15159 2.2264 10.8305
1.2062 -1.83277 -3.25435 3.5865 -13.8824
-0.724841 -2.15947 0.64037 -1.95685 0.312168
-4.59398 1.62918 1.20913 -2.44209 -10.4372
1.12834 4.51423 -0.0650866 -2.03228 5.22584
-0.612308 2.54215 -2.21457 0.56854 -2.81565
-3.22071 -1.72279 1.52835 3.87135 11.4654
2.10246 4.00297 -3.25293 3.1138 -1.7129
-3.35518 -3.11008 4.72889 2.07684 20.256
-0.231981 4.74531 1.9875 -2.49489 -6.05941
4.90755 4.08453 1.73417 3.27152 25.7184
-2.56642 0.274676 -1.89942 1.47203 -3.50095
-0.427193 -3.77372 -4.57241 -3.23344 16.3967
-3.28358 3.07911 -2.64284 -2.49902 -3.50602
-2.69393 -1.55357 -1.68941 -2.66712 8.69106
0.0166813 -3.31378 2.34805 -0.0909978 -0.268946
0.864718 -1.19284 -2.72042 1.66507 -5.56116
-3.95993 -2.09825 -4.72371 2.45693 -3.29692
-2.79451 0.924324 -4.428 -3.75761 14.0556
-1.95339 1.67372 -3.68183 2.1171 -11.0642
-1.25944 -0.570144 -4.361 -3.96459 18.0076
-0.405717 -3.28017 -1.49644 -0.766914 2.47846
3.36943 0.979308 -0.159692 2.46364 2.90628
4.95586 -0.230486 2.43964 3.27055 6.83673
-2.85076 -4.02731 -3.96797 1.34816 6.13142
-3.30251 0.866414 1.20036 0.448399 -2.3231
-1.38497 -0.152257 -3.01836 -2.59394 8.04033
3.0784 2.85369 -2.59082 0.686107 7.00721
2.56365 -1.2762 4.81364 4.90159 20.3228
-0.570519 1.37532 -2.29839 0.0930311 -0.998469
-4.85139 3.76164 1.16745 0.35757 -17.8318
1.59962 -1.50603 3.41912 -2.66559 -11.5231
4.41802 -1.83784 -1.38309 -3.84586 -2.80044
3.93505 0.666226 3.91997 -2.69339 -7.93638
-1.01248 2.3903 4.64933 1.86334 6.24315
2.93232 -1.42398 -2.83413 -0.0852853 -3.93384
-2.42949 -3.32728 4.60211 4.56617 29.0976
-2.43553 3.13347 1.67708 3.14456 -2.35797
-0.966518 2.6444 4.05465 3.07387 9.9076
-3.40547 -4.91078 -3.66551 4.31242 0.916272
-3.829 1.69381 0.158901 -2.20152 -6.83541
-2.16638 1.7148 4.71914 2.04499 5.93569
-4.79413 2.95892 1.67385 3.04261 -9.09259
0.0758528 -1.67465 2.38386 1.40429 3.2206
1.30295 3.68139 -3.14435 -3.90952 17.0896
3.41636 4.61433 3.57636 -0.390738 14.3668
3.97432 1.10281 -2.9448 -3.30452 14.1141
-1.92478 4.68642 0.822829 -4.96145 -13.1028
3.91953 -2.14551 -3.73224 -2.73617 1.80265
3.61117 1.00625 2.09646 -3.85007 -4.43778
0.665742 -3.05051 0.855183 -3.70321 -5.19778
-0.958833 -3.71846 0.232698 -2.1713 3.06012
-0.582346 -2.64561 3.2514 -3.65988 -10.3591
4.82415 1.76076 4.94616 -1.37777 1.67947
1.15272 1.34711 -3.93796 3.77263 -13.3036
2.64151 -1.73493 -1.40611 4.53156 -10.9547
-3.68994 3.6042 2.48599 2.00479 -8.31541
1.62418 -2.76775 -4.66806 -3.88066 13.6198
-3.8314 -1.32212 -1.17277 -4.01714 9.77672
0.571281 4.49865 0.980192 -4.7751 -2.11052
-3.93868 -2.54065 1.19891 -1.25009 8.50806
-3.57628 -3.72818 -1.83396 -3.42288 19.6104
-4.25545 0.445209 -4.30343 -4.4275 17.1589
-1.7299 -0.712879 0.819347 1.37516 2.35994
-2.9626 2.83058 -1.64155 -1.8668 -5.32146
2.8509 4.33859 4.24857 -0.319625 11.0109
4.41637 -2.92217 -2.09378 -2.25003 -8.19431
-0.924386 -2.77333 1.96915 4.46669 11.3592
2.97893 1.51313 -4.53244 0.259634 3.33074
1.0047 2.2724 -1.94314 0.426215 1.45489
0.570807 1.734 1.34795 3.96484 6.33421
4.20473 3.45718 0.0947547 -4.50484 14.1096
-4.87094 -2.1976 -0.235806 3.94914 9.77314
3.97229 -4.45533 -2.191 -2.84959 -11.4544
-2.31363 -1.04491 2.97017 -0.563746 0.743105
-2.12773 -4.42862 -1.33719 2.13014 6.57451
3.37374 0.901562 2.51679 -0.130563 2.71304
4.26014 2.9178 -0.0501351 1.38483 12.3608
-3.88646 -3.41216 -1.23501 2.53049 10.136
3.52652 -0.316264 -2.15068 4.28791 -10.3372
-2.48716 -0.177915 -2.50268 -1.69389 4.68176
-3.90765 4.37088 3.51253 0.907182 -13.8934
1.44373 -1.12205 0.445818 2.52622 -0.493708
1.72856 1.66359 1.76653 0.93735 4.53147
3.02847 -0.628915 0.511695 -2.97673 -3.42783
3.51652 -2.48796 1.04943 -4.58569 -13.5613
-2.31613 4.0526 1.75777 -2.12685 -13.1249
2.47489 -1.4637 0.483528 2.58192 -2.37406
-2.53975 2.85509 3.74874 3.91089 7.4097
-4.91105 -4.94525 2.45116 -3.40434 15.9418
-1.5348 -3.40027 -2.31662 -1.92499 9.67818
-2.60745 -3.19947 -4.74604 -3.23101 23.677
-1.69983 -3.5628 2.69779 4.15268 17.2592
2.6837 1.26569 -1.49839 -4.06811 9.49234
-2.03129 -0.696733 4.43725 0.75657 4.77236
-2.38407 1.57382 -3.82466 -1.16727 0.712298
-4.98219 -4.3594 2.65476 -3.41233 12.6604
-4.05577 3.66109 -3.21211 4.98111 -30.8484
0.406198 -2.98761 4.52721 -0.165335 -1.96207
-4.11188 -4.02318 -3.83406 0.0622571 16.3041
0.577471 0.246936 2.64459 -0.0116476 0.111795
-1.24068 -2.64154 -3.58895 -1.60528 9.0386
-0.202143 -1.59875 3.27851 2.93104 9.9326
-4.6575 -4.22793 -1.95841 -3.76985 27.0745
2.21435 -0.37456 3.71367 3.2748 11.3321
0.894616 -0.132826 -1.79439 -2.53484 4.42967
2.93336 -0.425511 -1.81247 -4.37787 6.68656
2.62786 4.20822 -3.78586 2.31341 2.30036
-1.2708 3.57441 -1.4742 0.531057 -5.32525
-4.08732 -4.87583 -3.61932 2.45748 11.0347
0.717742 3.4986 4.69106 -4.06592 -16.5624
-1.70608 4.87445 -3.34982 4.81887 -24.4586
-0.928021 -4.71041 1.62146 -1.26139 2.32606
-1.63255 -0.777809 1.06258 -2.34277 -1.21956
1.62718 1.59869 -1.14656 2.6543 -0.441974
-0.216684 0.684259 -4.48608 2.54405 -11.5611
-4.34611 -4.16794 0.750512 2.75659 20.1832
-4.71417 -0.704594 -1.44101 -3.00761 7.65558
-3.16311 3.56071 -3.42163 -0.33826 -10.1055
4.58345 -0.976933 -0.0281191 2.28272 -4.54191
4.09135 -4.22731 -0.897625 4.95986 -21.7475
-3.99592 2.75092 4.11988 -3.5003 -25.4133
-4.43575 2.62795 0.16637 1.26009 -11.4473
2.37483 1.54543 0.906359 1.95348 5.44069
-1.84416 4.1919 2.07416 4.39087 1.37681
2.56956 -1.65247 2.38118 -4.78047 -15.6293
-1.71287 3.27003 2.4302 -3.41396 -13.8977
-1.90352 4.57389 -0.166347 3.3856 -9.26969
0.630763 -0.747732 -4.94407 -0.860347 3.78197
4.20833 1.56304 4.32082 -0.696638 3.56774
0.836587 -1.99958 2.93069 -4.86115 -15.9193
4.58912 -3.3905 -1.32037 3.36997 -20.009
0.510229 -2.57075 2.83349 -4.7236 -14.6959
2.61415 -2.19637 2.2638 -0.505502 -6.88598
2.95948 4.85894 3.94261 -1.74391 7.50439
4.82964 4.05774 -1.77787 -3.41283 25.665
-3.21684 3.93781 4.70248 -1.6679 -20.5106
4.0858 1.5853 1.23866 1.65499 8.52719
4.8149 -0.905868 0.445623 2.05919 -3.44404
-3.13616 -2.38055 0.857348 2.37801 9.50457
-1.11645 -4.5714 0.155418 0.0190667 5.10672
-2.93352 4.21617 0.487064 -1.76541 -13.2281
1.96738 4.95969 4.23793 -4.84125 -10.7593
-4.76284 -2.83012 2.03761 -0.941014 11.562
-0.125785 0.387581 -4.46465 2.83372 -12.7003
-1.74222 1.9063 4.98949 2.78906 10.5948
4.19549 -1.77273 1.27955 3.66946 -2.74221
4.85763 1.47579 3.10195 -3.96915 -5.14325
4.8608 -4.63187 3.04328 4.83749 -7.79272
-4.86384 -2.45093 -0.0615994 -1.38576 12.0063
2.14295 -4.18964 -0.512691 0.641691 -9.30719
-0.256566 4.19001 -0.864615 -3.77103 2.18547
-0.170561 -2.65372 3.27578 -4.15711 -13.1652
-2.4792 -4.38618 -3.83378 -3.89014 25.7882
1.33019 3.33689 0.921057 -4.58644 0.2143
-3.31076 1.12937 0.0999923 -3.27317 -4.06636
-0.938814 4.19276 2.40574 -4.86831 -15.6481
-4.22961 -4.40633 4.60147 2.22047 28.8545
-2.65525 4.4511 4.38478 2.78854 0.408349
4.75027 -4.045 2.06492 -2.02562 -23.3976
0.329513 -0.770107 -3.66021 2.77935 -10.4268
0.541516 -0.186432 -0.68253 3.92969 -2.78309
-4.14326 1.34932 -3.63427 2.83721 -15.9017
-3.84003 0.993859 2.64953 3.7639 6.15611
2.39967 -3.42194 -1.92151 -2.80077 -2.8298
-0.905345 -0.825242 -3.25373 -0.541148 2.50788
-4.8846 -0.463112 4.80516 1.63554 10.1211
2.1305 -3.69948 2.7383 2.86039 -0.0491034
-4.6119 2.9279 0.508759 -0.871938 -13.9468
0.0690127 4.09543 -4.84744 2.21486 -10.4537
4.99977 -4.53213 3.42243 0.881978 -19.6411
-2.2992 2.7572 2.46516 0.172734 -5.91353
-2.76354 2.67333 0.47584 -2.48622 -8.57091
0.196846 -2.25668 1.82907 3.57909 6.1022
0.299346 -1.72835 -3.34506 -4.86386 15.7525
3.92106 1.60536 -2.96714 0.061761 6.11144
-2.08683 -2.49083 0.473425 4.36665 7.26522
2.58736 -3.47719 -2.30046 -2.75926 -2.64916
-3.3399 -1.42469 0.873093 -0.272091 4.52076
1.56885 -4.09219 -4.04885 4.79761 -25.8448
-4.25026 4.67733 3.68252 3.57042 -6.73171
1.80093 2.43256 1.3243 0.685729 5.28899
3.42022 4.8559 -0.104841 -0.812233 16.6934
1.56274 1.6371 0.0599963 1.24663 2.63315
-1.98539 2.77214 3.20746 -2.56315 -13.725
-1.18722 4.96921 -1.54425 -0.33956 -5.3752
3.8921 -0.836665 -4.99205 2.46657 -15.5696
0.470389 4.42766 3.65912 -2.2554 -6.17007
-0.664572 -2.14414 1.85911 -1.34486 -1.07531
3.77154 -2.33219 -0.117443 2.39829 -9.0776
-3.31914 -4.79103 2.04032 3.9009 23.8612
-2.12691 4.56822 1.75099 3.59432 -3.42254
-2.04954 -4.75055 2.2558 3.84229 18.4039
-3.01581 -1.96362 0.206191 -2.7868 5.3473
-3.58314 -3.19668 0.718593 -0.432855 11.1431
1.65754 -0.17698 0.0881928 2.04623 -0.11289
0.277915 -0.337742 -1.14296 3.35195 -3.92501
2.63966 -2.71726 1.80427 -3.75153 -13.9414
-2.42823 1.98219 -2.16814 -2.04989 -0.368767
-3.42879 -0.306485 2.76118 -3.74286 -9.28385
-1.4474 3.51736 -1.13051 0.111096 -5.21663
4.02501 2.24934 3.04165 -0.822885 6.55067
-3.09821 -0.863194 0.949204 -4.26414 -1.37319
2.68665 4.20882 -0.107958 -4.08862 11.749
-2.52169 3.30726 -1.59552 -3.83105 -2.22736
-2.21836 -3.38969 -0.380658 -2.83863 8.60012
1.21722 0.504813 3.32247 -4.58038 -14.6037
-1.19489 -3.33591 -3.80996 -3.83531 18.5984
1.05935 -4.96385 -3.5744 -1.46575 -0.0192829
-1.74853 1.67273 2.12886 2.89398 3.23605
-0.063379 4.73599 2.12942 -0.0393012 -0.383851
0.890687 -3.03388 0.25309 -0.3121 -2.78123
-1.12043 -4.85516 -4.03767 -2.13978 14.0796
-4.93353 -2.11006 -4.90265 3.71743 -7.81522
-1.07724 -1.60693 -2.87012 -2.74243 9.60214
-2.53508 4.47508 -2.21067 3.58725 -19.2749
4.21069 4.5497 -2.57207 -2.254 24.9548
-0.561127 -4.90051 1.95737 3.72875 10.0484
1.24765 4.05145 4.70878 1.14215 10.4329
4.76665 -0.460115 -4.57663 -4.04129 16.3023
-4.27073 2.09283 0.503641 -2.85721 -10.3769
-3.93266 -2.82621 2.43133 3.28454 19.1003
3.99308 -2.17529 -1.61949 -4.27568 -1.76172
3.7968 -4.35987 -1.26291 -2.90845 -12.8804
-0.106688 3.3232 -2.36803 0.77917 -2.19964
-4.35723 -0.716778 -4.24008 -2.76481 14.8462
-0.927112 0.362866 -4.26299 3.12085 -13.6406
-3.66494 3.65883 -4.7623 1.48573 -20.4849
3.68656 -3.01454 4.65622 0.3462 -9.50129
0.580228 1.8724 4.51775 4.53233 21.5624
-4.77938 1.17979 0.705674 1.72171 -4.42371
-1.29537 1.9484 0.884669 0.136812 -2.40286
-1.23361 -2.67116 -3.58868 -3.78193 16.8673
-3.97937 2.13309 -0.452037 -0.234333 -8.38242
-2.89934 3.40936 2.25441 1.15166 -7.28856
1.78011 2.80108 0.161247 -1.58764 4.73022
0.609564 -3.50144 -3.56255 -0.586779 -0.0439217
-2.04325 1.84206 -4.2106 -3.93023 12.7848
2.83492 3.27351 4.83186 -3.59043 -8.06831
-3.63582 4.42678 2.10473 -3.82195 -24.1391
-2.64335 -2.72148 -0.226143 1.9376 6.75565
-1.74502 -4.65725 0.735666 -0.968281 7.41465
-0.319708 3.17834 -2.19041 0.160261 -1.36718
0.171057 0.973821 3.79819 1.89572 7.36689
1.81853 -0.178382 4.03798 -0.530612 -2.46699
-0.151889 3.95499 -3.79162 -2.82025 10.0926
-1.29694 -0.290312 0.86337 -2.00809 -1.35721
-0.817309 3.11637 2.13878 4.33236 6.71894
0.757711 -2.33213 -1.80559 -4.86922 7.02475
-3.6139 0.655733 3.08347 1.90957 3.51835
-3.344 -2.17067 4.60915 4.49403 27.9724
3.70423 -3.97185 1.35202 3.66897 -9.75211
1.76748 2.52055 -4.03264 -3.09746 16.9459
1.51678 4.82297 4.36624 -2.19926 -2.28709
-3.53739 0.838257 0.954486 -2.72711 -5.56823
-2.3071 -4.79348 -4.88505 3.66994 -6.86879
4.24496 -2.1166 1.59192 2.31022 -5.3072
-1.29618 1.20673 -4.82504 1.49839 -8.79392
1.84517 -0.758368 -1.65537 -0.840699 -0.00764588
-3.39193 2.06305 4.53553 -3.37837 -22.3205
2.57124 -2.05783 0.576442 -2.08123 -6.49088
4.85363 0.715134 -2.61339 -3.30075 12.0971
0.248632 -2.31218 -3.74591 3.06837 -12.0687
-3.6704 3.35148 -1.50873 3.15051 -17.0545
-2.91343 -1.41301 -4.51765 3.97116 -13.8236
-3.13209 -3.37599 1.80679 -4.7175 2.05037
-3.23244 -0.240431 -0.43882 0.146148 0.713046
-3.48218 -3.93842 4.31253 0.436387 15.5962
-4.72228 2.98332 0.0573651 -3.31997 -14.2785
2.14034 3.17666 2.15939 -0.304735 6.1411
3.86073 -3.12456 2.23164 -1.07573 -14.4637
0.70612 -3.84835 -0.54831 -2.95733 -1.09586
3.68652 -0.278839 1.98346 1.58801 2.12182
-0.954846 2.73687 -3.9 -3.92875 12.7088
2.14492 -4.79273 2.86807 4.71343 3.23841
-4.45918 3.59772 2.44826 -4.40062 -26.8167
-1.12829 4.53517 0.151806 3.27349 -4.62004
-3.65785 2.42057 3.10021 4.91073 6.37022
-0.94081 4.92946 -3.29813 -4.21294 9.25714
-3.74728 1.14682 4.53065 0.333659 -2.78576
-3.0666 3.3611 -2.67957 4.05152 -21.1635
-3.11745 -1.39897 2.33985 1.58747 8.07566
-2.42412 -2.63209 -0.992084 4.40429 2.01107
-4.59646 1.63839 1.4976 -3.5197 -12.8019
3.6507 1.94253 -3.08621 4.28491 -6.13253
0.703227 2.75977 -4.45139 0.604586 -0.750505
4.24061 -0.940234 -3.08052 -2.19394 2.7713
-0.200101 -3.10562 1.36943 0.555139 1.38166
-1.98502 4.46503 -1.10242 4.33545 -13.6427
0.0986881 4.34086 0.627062 -3.42674 -1.72039
2.48457 -1.13799 2.16578 2.02431 1.55678
-1.46259 -3.219 -2.75665 -2.25666 10.9289
-1.49431 3.91528 -1.23147 2.21858 -8.58273
2.83129 3.38469 1.6102 3.54085 15.2845
3.37027 2.24766 2.22578 1.22686 10.3059
2.91434 -4.8864 2.84166 -2.63538 -21.7295
1.15412 -4.20248 2.98366 1.9772 1.04912
4.05532 2.96727 -1.81702 3.17019 6.27291
-1.42241 3.29815 -2.81108 3.63512 -14.9099
-0.865936 2.41779 -3.19518 -1.42897 2.47218
-3.13962 -4.86568 -0.417673 -3.94363 16.9235
-2.4209 -1.88099 1.37732 -4.64647 -1.846
0.125033 1.99243 4.28537 1.37445 6.13914
3.56688 -1.13892 -0.521095 0.106236 -4.11777
4.27874 -2.70113 -3.70089 -2.74996 -1.38014
0.816942 4.37149 -3.02349 -2.65835 11.6088
2.55396 2.66121 0.000927795 2.23908 6.7987
2.86008 1.49101 3.61684 3.86109 18.2294
-1.59836 -1.30357 1.27325 2.78813 5.63355
4.18409 4.6175 -3.90598 -3.36431 32.461
0.38405 0.991254 2.92226 -2.20491 -6.06265
0.790651 0.7956 1.54904 1.89061 3.55766
-1.42433 -0.322144 2.72118 3.59878 10.2518
2.45936 -4.30448 4.4876 -2.62536 -22.3678
0.690659 -4.27513 -0.168673 0.256999 -2.996
-4.58095 -0.506226 -1.35386 4.09877 -3.23017
-4.10532 2.95209 -3.44844 -4.8348 4.55325
0.367416 3.50451 -1.71463 -4.06929 8.26493
4.40271 -4.71247 1.60284 -1.14312 -22.5798
0.708057 3.9789 -1.91929 -4.022 10.5367
-4.23021 0.180068 -4.51485 -3.65384 15.7348
4.27447 -2.23645 -4.81979 3.47487 -26.3078
-3.75318 1.94495 -3.14998 -0.972586 -4.23612
-1.77421 -1.4411 3.35254 -0.27803 1.62471
3.68176 2.31036 -2.61907 2.44166 2.1113
2.06411 0.793648 -2.1556 4.8745 -8.86927
-3.93526 -0.146655 -1.90663 -1.59733 3.62264
1.26077 2.12154 1.38935 1.91609 5.3369
-3.20937 -4.42324 -1.50401 1.28539 12.2626
4.21736 -1.99626 0.268212 4.21178 -7.28929
-1.76477 -1.83062 -1.73507 2.7531 -1.54621
-1.88785 3.79469 -2.61109 1.65399 -11.4825
2.30866 -4.0978 -2.73383 -0.47522 -8.16124
-2.96781 -3.81906 1.36686 -0.550977 10.5811
4.05879 0.289376 4.19443 -1.40458 -4.7169
2.70675 -1.48446 2.65095 1.43876 -0.203961
2.36455 -0.756601 1.61257 4.90664 6.12328
-0.592055 -3.04514 -1.93259 -2.06048 5.78496
-4.63534 3.25711 -0.535104 4.63887 -17.5801
3.52757 1.55258 -4.96819 3.07075 -9.77924
-1.29981 1.94697 2.01446 2.93521 3.38215
3.21844 4.03204 -1.22115 -3.19191 16.8747
-3.44426 0.469242 -0.697492 -4.93274 1.82435
3.35722 2.75611 -4.25531 -4.42991 28.1035
-0.931908 -1.67179 3.31158 1.87584 7.76994
3.87921 -3.73064 -4.90758 -2.03078 -4.50573
-1.87748 2.46208 -1.30467 4.78445 -10.8646
1.04484 1.91073 0.528992 2.79056 3.47259
0.98956 -2.90479 -4.24761 0.596917 -5.40994
2.08881 -4.1414 1.67785 0.938974 -7.07512
3.48311 3.09376 -2.7002 2.41734 4.24861
2.30354 -1.22892 -0.284243 3.39442 -3.79571
-1.27838 -2.34867 4.7774 1.41582 9.76644
4.9076 -0.0841067 4.0037 2.69805 10.3894
0.906844 -4.96614 3.59822 2.56712 4.73357
1.32175 -4.41815 -3.06451 -3.99123 6.39149
4.82466 -0.202774 3.21265 -2.9974 -10.6079
-0.177806 -3.28346 -0.545865 3.14334 -1.13202
-3.02844 4.40615 -1.5826 -0.676563 -12.273
-4.96277 -2.08776 4.21866 2.67808 21.6589
-0.432096 -1.01847 2.655 -3.77238 -9.57559
4.81493 3.98894 2.61544 -0.493006 17.9171
1.10519 1.65744 1.24408 3.20115 5.81429
-1.65698 0.197149 -3.6457 -0.299258 0.764334
2.06544 -2.52276 3.89596 -4.6928 -23.4935
3.91313 -3.87747 -1.37321 -1.76829 -12.7448
1.13634 3.38385 -2.32439 -1.21875 6.67804
3.77106 3.91597 3.79342 -0.835203 11.5991
0.706689 3.40491 -3.99157 4.96213 -17.4004
-0.0539109 1.78073 4.87351 1.17744 5.64227
-0.783188 -1.34173 -3.76584 -4.43837 17.765
-2.3987 0.567245 3.75917 4.1275 14.1553
2.96451 -3.52674 3.98422 4.27941 6.59505
0.152325 -1.87387 3.87603 -0.819062 -3.46014
2.31523 -3.74022 0.648073 -3.44711 -10.8934
3.37034 3.42725 3.11756 -4.40458 -2.18053
2.10014 0.385697 3.55437 -3.00953 -9.88696
-1.31845 -3.36562 2.13244 -2.93399 -1.81918
-3.39647 -3.53718 4.81889 3.0255 26.5935
-4.2118 4.80835 -0.483154 1.17626 -20.8201
3.4847 -0.247465 4.26984 -2.18179 -10.1782
-2.14447 -4.38997 -4.50245 -0.825323 13.1301
-4.18179 -2.55526 -3.14322 -2.46407 18.4307
0.217245 4.15827 2.84559 2.35643 7.6088
0.731945 3.52297 0.918983 4.08456 6.33226
4.77497 0.32834 -4.83943 3.49887 -15.3647
2.90551 -3.18133 -3.21186 3.16345 -19.404
3.42251 -0.693219 -4.25825 -3.53435 12.6776
-4.35643 0.985229 -4.99319 -4.19872 16.6729
-4.60656 2.39122 1.54476 2.29042 -7.47716
-0.613728 -3.63645 -2.1016 2.00507 -1.98208
3.5382 1.56829 0.573282 4.27019 7.99695
1.85695 4.66451 1.73592 3.0088 13.8848
-4.46474 -2.04962 -3.22912 0.976738 5.99702
3.02684 -2.55492 -4.00123 4.49981 -25.7381
2.58241 2.76745 1.76689 -1.47605 4.53866
-1.53046 4.01518 -4.29915 -3.85392 10.4235
4.94254 3.82652 -2.87906 2.93982 10.4488
-1.1039 -1.42557 1.7197 2.00678 5.02474
-2.14175 -1.6934 1.83499 -0.835537 2.09364
0.277112 0.122274 -0.256789 1.12598 -0.255255
-1.51917 1.57038 -0.917781 -3.90146 1.19501
4.25107 -4.29235 4.82042 1.37834 -11.6029
1.64105 -0.415984 -4.76192 0.400013 -2.58748
-0.737532 -2.45162 -2.34558 -2.67996 8.0942
3.90351 -2.31759 -4.61945 -4.60545 12.2279
3.40577 -4.12659 -4.72415 -4.71766 8.23276
-3.48885 2.08388 1.9166 0.0367159 -7.19997
2.28324 0.255011 3.85634 0.609711 2.93351
-3.86362 -3.04003 -4.67572 -1.18046 17.265
2.8253 -4.46745 -3.40074 4.92918 -29.3847
2.91706 4.53804 -1.15371 -0.549977 13.8723
-4.33188 -3.36207 -1.31187 -0.508837 15.2316
-3.56589 4.74642 3.50761 2.28525 -8.90942
-1.49335 0.970568 2.09529 -1.8916 -5.41284
-4.75617 4.25723 -1.10248 4.49014 -25.1984
-0.263466 1.65951 3.1035 1.03461 2.7737
-2.52552 2.44598 2.8657 0.376735 -5.09776
2.80613 2.65261 -2.79873 1.58094 3.01895
2.05902 -3.71375 2.4617 -3.38879 -15.9889
4.15511 -4.52357 -0.75965 2.48701 -20.6852
4.27591 -2.92864 -0.218452 0.66306 -12.6675
2.64037 -4.94269 -1.1247 4.83925 -18.4932
2.76957 1.19971 -4.78421 -0.610254 6.24227
4.92297 -4.29332 2.55845 2.72617 -14.1611
2.74961 1.68142 -4.01886 -4.83016 24.035
-4.95797 1.03811 -2.87085 1.71704 -10.0763
4.87471 -0.667938 2.29812 2.49072 2.46798
-3.46467 4.80724 2.44533 2.74546 -9.94191
-0.441602 -2.4329 0.878591 -3.55674 -2.05054
-4.61525 -2.54302 2.10052 -1.49239 8.60189
0.899422 1.60097 -2.87104 -2.24747 7.89252
-2.25436 -0.110514 -3.59662 4.78616 -16.9649
4.42377 4.36516 3.56213 -4.86353 1.98595
-4.01734 -3.19389 1.52537 -0.641553 11.8523
-4.41264 -4.04771 1.04916 2.24728 20.2189
3.73008 3.61899 -1.06034 0.878093 12.568
-4.36065 2.2213 -1.97814 0.895938 -11.4586
0.672162 4.82537 1.82318 -4.16995 -4.35914
1.10091 0.955509 2.91165 2.29922 7.74644
1.75855 4.83486 -2.07992 -0.91578 10.4071
3.75106 -3.67523 4.22673 -2.67414 -25.0889
0.185746 4.329 2.65645 -1.49581 -3.16945
2.02692 -2.82573 -3.22546 0.727517 -8.0741
2.10468 -2.57348 -1.40603 2.88192 -9.46842
2.20731 4.02548 4.6885 -0.981707 4.28273
4.6803 -0.062649 1.64374 1.14117 1.58257
3.91925 -4.32312 1.96263 0.913216 -15.1511
3.94656 -2.48999 -0.204122 -0.638039 -9.69665
-2.20066 -0.756757 3.4031 -0.752324 -0.894863
-2.72555 0.324236 1.45408 2.58056 2.86862
-3.72048 -0.413814 4.53182 -2.37315 -9.21513
-3.45724 0.654449 0.0377454 1.6186 -2.20149
-0.118939 -0.401017 3.65578 2.90546 10.6694
-4.47113 4.42298 1.25415 -3.12631 -23.6966
3.608 0.325157 -4.36089 -3.42509 16.1096
-0.820919 -2.47161 -2.45503 -2.68822 8.62865
0.768529 0.472176 -1.19927 -2.4304 3.27759
-2.32915 -3.58694 -4.01305 4.99946 -11.7086
-1.77534 -1.90619 1.50392 -3.83032 -2.37636
2.19701 -3.99915 3.98822 -1.37293 -14.2617
-2.74976 1.51005 -3.9412 4.2474 -20.8921
-1.47972 0.0492862 -2.69792 -0.883203 2.30988
-4.13075 -1.18938 2.51189 3.06979 12.624
-1.28824 -4.34542 -3.93376 3.48203 -8.09955
-1.34166 4.83594 -0.0673672 1.90106 -6.61626
4.69102 4.70407 -4.79829 4.61444 -0.0745707
-3.15809 2.73394 -4.41648 1.13934 -13.6659
-0.261871 -3.39112 -3.25262 4.94107 -15.1834
1.1835 -4.66405 -0.993902 -0.277628 -5.24398
3.99383 -4.31107 1.9474 1.14842 -14.9812
-3.45706 -4.28572 -4.93407 4.2188 -5.99988
-4.13361 1.74408 -2.04394 1.46878 -10.2114
-0.304354 3.83969 4.65933 0.2125 -0.178516
1.69771 -2.26642 -2.79883 4.76632 -17.1879
-0.592065 0.851461 -3.14694 4.5292 -14.7572
3.91138 4.74255 2.79125 -1.38931 14.672
-1.14047 -2.58689 -4.33118 4.89123 -18.2345
4.68101 0.324894 -0.44212 -4.4022 3.46714
-3.00966 0.863382 3.62144 -0.688565 -5.09208
-2.88203 -2.76282 2.69428 0.41285 9.07485
-1.57946 2.49189 2.05373 -4.87761 -13.9531
-3.40869 -1.86352 4.99646 3.33537 23.0172
4.47683 4.8836 0.212988 -2.36609 21.3591
1.76378 -3.01192 0.360927 0.798939 -5.02401
4.43552 -4.88278 -2.30521 -2.91601 -14.9357
2.33619 0.749687 -2.75259 -2.98247 9.96091
4.70555 2.54858 3.99455 2.84788 23.3685
-0.0890265 1.89703 -0.646589 3.85124 -2.65905
-2.95133 -0.465581 4.0345 -2.02222 -6.78458
1.50971 -3.17752 4.87858 0.741339 -1.18046
-0.0746117 -1.64542 4.2501 -2.86502 -12.0539
-2.79934 1.84782 -1.69901 3.01911 -10.3022
-4.72053 4.51464 0.794288 -4.20567 -24.652
0.0256215 4.31209 0.0284676 -4.68843 -0.0229862
-0.536757 -0.586001 2.58673 -2.50886 -6.1752
2.06019 1.81956 2.04284 1.05203 5.89777
-4.90623 4.43014 -3.33984 -0.873762 -18.8171
-0.398941 0.184614 -0.936417 3.71344 -3.55098
1.76236 1.71803 -0.659966 -2.70819 4.81511
3.98636 -2.9899 -4.75585 1.68164 -19.9164
1.56028 3.33361 -4.62225 2.8326 -7.89161
-3.71287 -0.498192 3.83498 0.00347802 1.86306
-2.22065 -2.02276 3.51019 -1.70443 -1.49102
-4.56282 1.6807 1.45034 -4.4026 -14.054
-2.10487 -4.08673 -0.853863 4.87263 4.44149
-1.55142 2.88573 -1.0168 0.692482 -5.18111
2.22952 1.71699 -3.84816 4.91008 -15.0667
4.67843 0.682914 3.80924 1.27465 8.05041
4.4032 -1.11102 -4.56899 0.250925 -6.0385
0.311808 -1.11775 4.41854 -3.47932 -15.722
3.55205 -0.399431 2.35647 -3.50813 -9.68562
-0.282425 4.03149 -4.16098 -4.34124 16.9252
-2.87996 -0.322984 4.18024 2.87336 12.9415
4.99243 -3.35046 4.73797 -0.454986 -18.8826
-0.713165 3.78581 -4.80826 3.35402 -18.8269
0.164637 -2.294 -4.77357 -1.90785 8.7296
2.43683 -1.3134 -3.38796 0.757434 -5.76669
1.19381 -0.674252 -3.57196 4.73466 -17.7169
4.90079 -1.88007 4.80782 3.88501 9.4646
-2.92062 -0.587936 0.113165 -2.38121 1.44767
-0.845006 0.912584 3.65316 4.58274 15.9703
-1.76786 1.22243 0.75046 2.95904 0.059569
4.30151 -4.39391 4.93866 3.77338 -0.265026
2.68932 4.55169 -2.48839 -4.31439 22.9768
-2.45401 2.85815 3.01732 1.61491 -2.14122
-3.1702 1.54919 2.17683 2.34951 0.203257
4.83724 2.19027 0.0114701 3.41308 10.634
-3.95397 0.860078 2.85141 -4.71932 -16.8574
-0.485669 -3.62615 -2.99638 3.59452 -9.00945
0.771232 -1.6403 -1.84851 4.3049 -9.22272
2.552 -4.23149 0.82288 -4.29637 -14.3341
-2.23064 -1.14551 -2.60772 -2.87998 10.0654
4.54182 -0.132566 1.04447 -0.405633 -1.02576
2.16405 -3.19847 4.46018 0.174643 -6.14273
-1.20217 -1.84297 0.764185 2.00177 3.74529
-4.23303 4.49083 -2.82166 -0.538041 -17.4917
-4.11202 2.94625 -3.11236 2.14718 -18.7978
-4.87139 -1.33803 1.46982 1.33805 8.48474
-3.72703 -4.63634 -4.02701 1.26248 12.1958
0.779936 -0.328923 3.74174 2.64337 9.63427
2.94351 -0.46255 -2.098 -2.89872 4.72
-3.09798 4.82907 -0.859062 3.50204 -17.9688
-1.85403 0.267983 1.41436 -2.63678 -4.22619
-2.11394 -4.31909 -0.97667 -2.32818 11.4041
4.43506 -2.5864 -2.7111 2.71212 -18.8237
-3.87927 -0.694237 0.455598 -1.98401 1.78922
4.9394 1.97645 -2.35804 -0.77145 11.5816
-4.89818 2.41673 -1.27144 4.53205 -17.5998
-4.17015 -3.77418 0.296189 4.84154 17.1729
-4.16332 1.18261 4.04795 -2.73609 -15.9992
-2.65577 -0.443517 1.67555 3.99121 7.86535
3.73452 1.9527 -1.14784 -3.61182 11.4382
1.76921 -1.93718 -3.68257 1.6172 -9.38273
-2.92742 4.44265 -0.49761 -1.16086 -12.4278
4.90875 -1.55015 -0.0270331 0.254989 -7.61617
-4.90541 -2.60043 2.58605 -0.138467 12.3981
2.3484 0.676304 -3.43896 -2.43467 9.96095
1.77888 4.12517 2.88013 1.45638 11.5328
1.63366 -3.08867 -3.14407 -2.53352 2.91973
2.15519 2.32232 3.87884 -0.160646 4.38191
-1.14982 -0.85114 3.70713 -1.26636 -3.71592
4.13489 0.852146 4.79413 4.12524 23.3005
-1.89245 0.157558 -1.70013 -4.35717 7.10958
1.59637 -3.26919 -4.3554 1.67302 -12.5055
1.16168 -2.74598 -1.38939 -1.21715 -1.49885
-0.777227 -1.29574 -4.60381 -3.77783 18.3995
-2.77301 -2.90899 1.59266 -2.4487 4.1667
2.95954 1.29954 3.53308 -0.275735 2.87185
3.61122 0.652339 1.47552 -3.73868 -3.16076
-1.8282 -0.764116 -4.6138 -2.92992 14.915
-1.57327 -3.7385 -4.50728 3.88113 -11.6117
-2.86179 2.84914 0.621052 -2.40639 -9.64814
-3.31827 -3.71963 0.463926 -2.2433 11.302
-3.33901 1.74245 -0.165569 1.28935 -6.03151
0.85834 4.13227 0.111169 -3.82636 3.12151
-4.36016 2.76683 -1.95006 1.03766 -14.0873
2.6614 -3.87561 -1.67856 3.97961 -16.9945
-1.12451 0.414251 1.63065 2.07316 2.91475
-3.3244 1.89745 4.11879 -4.98583 -26.8435
-3.47896 4.41737 -4.7673 2.41342 -26.8733
-4.60342 -2.72982 0.00515837 -3.036 12.5508
2.89089 2.80703 4.91906 -1.72853 -0.387934
0.823298 -1.13605 1.48595 3.53179 4.31278
1.58441 3.4522 2.42405 2.98188 12.6979
4.71088 -2.94682 3.48345 -2.12856 -21.2968
-1.39569 -4.22012 -1.58929 4.67267 -1.53625
-0.208399 -0.678082 3.95618 -4.2295 -16.5913
1.09543 -2.23429 1.44452 2.11863 0.612888
3.08206 -2.63822 0.728513 -0.531953 -8.51869
-4.31254 3.74624 -2.96233 -1.37349 -12.0871
2.54555 -3.20022 -1.5385 -2.57611 -4.18296
-2.68009 -2.99279 -3.97361 1.7801 0.947567
-2.69247 1.50948 -2.9272 -3.85172 7.2105
-4.22794 2.1735 -0.790451 -0.778479 -8.57406
4.50305 2.99122 -0.754528 -2.09492 15.0503
4.35024 2.81113 -2.97779 0.717977 10.0911
-2.14477 4.41136 4.15575 3.96015 6.99607
4.37881 1.94751 -2.36622 4.64105 -2.45395
-1.55732 -1.98426 0.0185393 2.11884 3.1294
-2.16801 4.12231 -0.526903 0.690155 -9.30086
-4.09409 -3.5729 -4.24437 -2.38791 24.763
1.56564 -2.11825 -1.12282 2.24238 -5.8342
-0.167209 -2.20685 -0.767535 -2.6004 2.36491
4.12233 2.00027 2.90797 0.548937 9.84204
4.52625 3.7207 -1.5076 3.08842 12.1847
-0.547372 -3.62638 3.66022 -2.65555 -7.73493
-3.65079 -2.38325 3.62234 3.07975 19.8566
0.694094 3.16202 3.18838 1.90868 8.28034
-3.46041 1.42537 0.623117 -1.28816 -5.73503
-2.65694 -1.50563 -0.580391 -0.250919 4.146
-1.12541 -2.89874 1.20184 -4.16977 -1.74913
2.82959 -1.42472 1.45908 0.826596 -2.8253
2.65525 -1.30988 -4.82181 -1.62026 4.33455
-4.26713 -4.4751 -1.88309 2.90592 13.6237
3.0359 -3.56009 0.718482 3.02357 -8.6357
2.08597 -0.625113 -3.57001 2.18952 -9.12059
1.9912 -3.01124 -0.880912 -1.23219 -4.91052
2.05304 0.734356 -4.9622 4.74096 -22.0179
-3.13567 1.90962 -1.75265 -4.45253 1.81578
-0.423911 0.818229 2.23237 2.81531 5.93797
-4.5287 3.43855 -4.90355 -2.04836 -5.52792
3.91501 4.69327 4.72957 1.72579 26.5364
-3.69064 0.948997 4.39934 -0.20024 -4.38333
-3.96766 -2.68303 -1.98401 -0.538551 11.7139
-1.26527 4.57796 1.49326 -4.836 -13.0138
2.89155 3.42681 3.23819 -1.72172 4.33354
-0.718413 -4.03756 3.12307 -3.88946 -9.24641
-0.251554 -1.90645 3.61728 0.822047 3.45315
3.50229 -4.10105 -1.73789 -4.764 -6.08376
-0.801435 -4.78776 0.190514 1.06788 4.04053
-3.59821 0.0261035 2.91247 1.79449 5.13248
2.22126 2.4034 4.55474 1.11524 10.4182
0.216142 0.570907 3.71764 -0.611374 -2.14947
4.15686 -1.73022 1.80569 -0.35979 -7.84193
4.26587 -1.44173 -1.86489 -1.76545 -2.85786
-4.08658 -2.56019 -0.286804 -2.73194 11.246
-0.162403 -1.72226 0.677697 -4.45402 -2.73878
-3.60633 0.886296 1.3824 -3.41326 -7.91478
-0.0593176 3.13388 -2.81318 -4.04992 11.2073
-0.872862 3.44636 0.754396 4.55706 0.429635
-3.00526 3.83663 4.9087 -2.55195 -24.0568
2.34738 -3.22373 -2.29355 -2.6273 -1.5415
2.17554 4.29576 -4.86007 -4.266 30.0787
4.09588 1.31624 2.88501 3.88829 16.6089
3.61357 -3.75021 -4.40227 1.24826 -19.0469
4.88775 -0.023796 0.384161 4.60616 1.6532
-4.67237 3.83155 -1.92676 1.42012 -20.6387
4.28833 -0.35899 -1.84587 -4.62782 7.00289
3.01816 -4.12185 -0.285207 0.979619 -12.7198
4.72716 4.98066 0.306202 1.35196 23.9584
-0.261243 4.19541 4.93171 4.89399 23.0397
3.69337 3.02073 4.28657 0.989868 15.3998
-3.36062 -1.88776 1.5115 3.70129 11.9385
1.10714 3.10844 0.182202 -1.5345 3.16187
0.196447 3.66408 1.29641 -1.37879 -1.06768
-3.23705 0.440013 -4.26246 2.95022 -13.9995
4.23556 -3.26346 -2.155 -4.79784 -3.48325
4.10367 -1.97893 1.30246 -2.25989 -11.0643
4.41701 0.215536 4.24477 -0.190941 0.141523
4.04231 3.46866 -4.96614 3.3924 -2.82573
-4.57817 0.116753 1.44762 4.86057 6.50173
0.718353 -4.70614 -3.89696 4.85345 -22.2944
-4.55472 -2.39584 2.28272 -3.61891 2.6514
0.0757974 0.858033 2.53259 -2.82435 -7.08787
-3.36083 -1.18207 -1.76807 -1.91502 7.35862
0.669015 -0.00842984 -1.79507 1.95896 -3.5221
1.14335 -4.71881 -3.88468 3.80027 -20.1581
2.77814 1.62265 1.20426 -2.17666 1.88669
2.39197 -2.62264 3.99495 0.167955 -5.60231
4.39288 4.29859 4.63758 1.45284 25.6209
2.92837 0.281704 -0.947331 3.55375 -2.54165
-3.9049 -3.9512 -3.90398 -2.55273 25.3948
-3.41853 -0.708393 -2.05482 -2.73196 8.03536
-2.17772 3.63987 0.516288 3.59977 -6.06811
4.98344 3.17875 -4.58308 3.80835 -1.61282
2.56219 -4.83685 3.7988 2.24232 -3.8748
-1.86142 0.343443 -3.21605 4.05427 -13.678
3.5649 0.827698 -0.582573 -3.20376 4.81708
1.84731 -4.62278 4.68489 1.25196 -2.67441
4.55317 -0.416376 -4.28068 -4.40906 16.9779
1.02398 3.42497 -1.63436 4.1553 -3.28417
3.31181 2.65181 2.80447 -3.31681 -0.519586
2.83512 -2.3676 -2.0226 -2.36148 -1.9361
-3.70315 1.7458 4.28363 -2.54961 -17.3865
2.39493 1.1546 -1.99396 -4.29346 11.3261
3.46522 -0.0101241 -0.0709766 0.664514 -0.0822472
1.08355 -1.04286 -0.821021 3.4906 -3.99585
-3.12145 0.133688 -4.81483 -4.13612 19.4974
0.571169 3.09252 3.03023 2.97445 10.7796
-2.0734 0.488073 -4.53409 -2.98786 12.5353
3.24616 -0.855767 0.498899 1.88561 -1.83723
0.439963 -0.602541 4.19162 -3.6453 -15.5448
-3.58377 1.05746 3.86802 1.72611 2.88693
2.84503 4.26154 -4.7418 -1.2875 18.2293
-2.95074 4.38992 -1.05703 3.18914 -16.3245
-3.25908 -1.75409 3.13098 3.85128 17.775
-3.1829 -2.4578 0.402312 -3.55332 6.3934
2.35611 -3.02203 -0.0924576 3.08084 -7.40509
2.9343 3.02485 -2.29498 3.42147 1.02363
-1.67927 2.74063 2.27847 2.119 0.225825
4.71657 -3.48783 3.18067 -2.88586 -25.6296
4.82085 -2.68834 -2.72215 1.24787 -16.357
2.64797 2.90858 1.39072 4.27301 13.6444
4.76485 -4.52476 -0.385661 -1.7697 -20.8773
-3.97089 -1.27763 -1.47656 -0.930798 6.44772
-1.50814 4.88377 -3.75464 0.515159 -9.29963
1.06838 -0.299536 -3.95096 -2.19336 8.34584
4.32432 3.5573 -1.18125 -1.6489 17.3306
-4.43561 4.55888 4.22088 0.702862 -17.2547
2.02239 -0.797974 1.46077 3.71671 3.81544
-4.76816 3.81702 1.60588 2.38123 -14.3762
0.550934 -3.01797 4.62886 -2.81679 -14.7012
3.93848 -4.23835 0.52792 0.44325 -16.4586
4.74789 3.20373 0.154303 -0.599493 15.1184
-1.17677 0.103265 1.45777 1.62988 2.25447
2.53737 2.69582 -4.38367 -4.72093 27.5353
4.37391 3.94291 -3.94792 -0.904604 20.8172
-1.16289 -1.45984 1.37444 -1.51431 -0.383706
2.04176 2.08066 0.840334 -0.797805 3.57777
3.92411 -0.0637526 -3.50384 -0.232073 0.562973
-3.60116 3.46329 -1.93451 -3.20295 -6.27572
4.21097 -0.848912 4.18245 -4.10841 -20.758
-2.0231 2.33483 1.27089 3.15257 -0.717018
-2.60328 -0.643331 3.99172 0.524388 3.76798
-1.70008 1.17253 -0.433765 -3.85302 -0.322082
-0.441816 -1.73804 4.9279 -1.68029 -7.51239
-2.20086 0.523193 -3.8838 -1.26264 3.75235
3.21049 0.0577791 -3.16112 3.26388 -10.132
-3.78297 4.15217 4.56403 3.9342 2.24825
0.124867 -0.946712 -3.88898 2.88719 -11.3464
0.462241 -1.26578 2.21865 -0.122429 -0.856724
-1.67397 -4.02286 -4.11785 -0.751021 9.82674
0.869592 -4.73259 -4.29659 -3.15144 9.42499
-3.75929 4.83343 -4.57443 3.12354 -32.4587
1.1695 -2.82045 -1.69346 -0.787632 -1.9647
-0.325384 1.87648 -3.02801 2.3582 -7.75123
-3.04518 0.959499 -0.545272 2.24928 -4.14832
4.68311 0.46503 3.16885 2.76068 10.926
0.731715 -1.17355 1.26547 -4.29226 -6.29045
3.56787 3.82699 1.66835 -0.482859 12.8486
1.28823 -3.68251 1.87612 -3.83198 -11.9332
0.464264 -4.56082 2.28011 -4.90249 -13.2956
-3.57598 -2.90911 -2.62444 1.45569 6.58255
-1.05391 0.387422 -1.99989 2.07777 -4.5636
-1.73053 2.20821 0.585931 -0.64532 -4.1995
-2.97968 -1.58801 -4.20096 -4.65201 24.2747
1.75032 -4.44177 -3.31798 -3.34971 3.33976
-1.76271 -4.71705 -0.431499 0.654827 8.03223
1.85402 1.64473 -2.79504 -4.1875 14.7536
-4.66623 4.4035 2.23239 -3.77257 -28.9696
-1.90043 2.61387 3.30034 -3.42965 -16.2865
-2.41961 3.80603 -2.57408 -0.608214 -7.64352
4.18214 0.421581 -3.98557 0.598872 -0.623732
3.5836 2.01164 -3.80767 -0.782572 10.1887
-1.42716 1.87225 1.49393 -3.89186 -8.48615
4.24672 -1.9259 0.697058 -2.16324 -9.68665
-0.232139 -3.03619 -0.391767 1.97674 -0.0696055
-4.51565 1.05606 2.33856 1.36344 -1.58033
0.227257 2.86249 -2.92541 2.21295 -5.82328
-0.15401 -0.0518434 0.58272 4.63816 2.71073
-3.40307 -3.2486 2.38407 3.76307 20.0266
1.37803 -3.59828 -1.9847 0.241115 -5.43707
2.35085 -2.32939 -0.55949 -2.8799 -3.86478
2.20096 3.14508 3.7153 2.41417 15.8915
-0.179076 0.180751 2.67672 -4.15741 -11.1606
1.00593 -2.24097 -3.59695 2.22806 -10.2685
0.952602 2.92928 -1.43494 1.57961 0.523795
-4.24943 -1.80193 2.83192 4.53145 20.4899
-3.65741 -1.47851 -3.72503 -0.247544 6.32963
-2.78191 -4.81574 4.4678 0.493974 15.6039
-0.139275 2.43867 2.33725 3.76624 8.46297
-4.53954 2.67816 -0.973671 0.080115 -12.2356
4.16564 4.66532 2.73886 -2.16112 13.515
2.1466 0.189041 3.10145 1.90182 6.30421
3.05063 -3.41482 -2.98284 -2.33619 -3.4489
-3.14504 -1.72007 -2.79895 2.37475 -1.23713
-0.536112 -1.78687 0.286992 3.08114 1.84223
-1.03948 2.04038 3.84962 -4.15285 -18.1078
1.01711 4.03661 2.86437 1.59537 8.67542
-4.14997 -0.501268 -1.52878 -1.99817 5.13501
-3.79482 1.70301 -3.43689 0.577275 -8.44666
-1.81204 -3.66074 -0.956805 -2.10668 8.64909
-0.244671 2.53188 -2.60166 3.66413 -10.1523
-0.886794 -4.49219 -3.56621 2.55788 -5.13828
1.71595 -3.3986 1.70232 0.847012 -4.38993
0.455406 -3.10099 -2.27561 1.31046 -4.39431
0.913472 3.85941 4.9105 -3.48695 -13.5972
-2.44725 -0.754196 -3.17901 -0.472297 3.34714
-3.22601 0.789121 -4.37328 1.60193 -9.55141
-4.23433 -0.23323 -4.2649 -1.60107 7.81599
2.3625 -1.65084 -0.413562 0.574331 -4.13763
3.07783 4.13738 4.36083 -2.47621 1.93583
4.9699 0.832888 -4.18284 -4.13655 21.4419
4.25601 -2.09931 -0.888305 -1.40437 -7.68719
4.17653 -3.5728 0.0213616 1.78634 -14.8837
-3.29961 -2.9344 -2.77966 2.1176 3.79617
-4.65839 2.9221 4.4668 -3.51397 -29.3085
0.166817 2.28482 1.83461 4.00023 7.72002
4.99243 3.19556 -4.50183 3.49063 0.239427
4.46232 -3.98519 1.83146 -2.21481 -21.8395
0.926655 3.3885 -4.77103 2.50492 -8.81106
-3.93736 -0.414774 0.164347 -4.1167 0.956552
-2.31312 4.44764 -4.76021 2.70206 -23.1503
-2.38069 4.67629 -1.30924 1.74949 -13.4233
-1.13845 -0.923563 -3.17062 2.69948 -7.5076
-3.88121 4.82296 0.449404 -0.585449 -18.982
-4.78321 3.48448 1.92486 4.88581 -7.26256
0.512531 -1.63897 0.191194 -0.966882 -1.02488
4.89996 4.16597 2.33331 -0.491246 19.2669
4.81586 1.04344 1.27161 3.95178 10.0502
-0.725914 -4.11104 0.24907 0.332324 3.06704
-0.769579 3.05384 -1.51071 -0.605597 -1.43529
1.31758 0.0574094 1.6209 -0.250698 -0.330713
-3.3656 -1.47542 -1.40606 -3.10955 9.33787
3.92891 2.65412 3.78297 -2.18279 2.17035
3.68219 2.12213 2.83311 3.69366 18.2786
-1.15888 -2.87532 1.30992 -1.2263 1.72579
3.42952 2.24347 1.92033 2.129 11.7824
0.68558 -2.21896 -0.949401 -0.0779539 -1.44726
-1.51706 -2.20059 4.9824 3.75887 22.0666
-3.8069 1.40867 -3.94868 -1.3281 -0.118449
3.72253 -3.73947 2.16434 2.3978 -8.73064
0.221865 -1.76063 3.77091 0.741619 2.40596
2.30072 -2.41311 -4.94419 2.46369 -17.7329
-1.90164 0.862581 4.94564 -4.89672 -25.8578
0.0981968 -0.469653 -0.335889 -3.28481 1.05722
-2.95119 -4.32164 -1.49192 -0.238402 13.1097
4.51038 2.9623 -3.50139 -4.28116 28.3511
-2.50757 4.86067 0.159949 -4.57344 -12.92
4.13489 4.25888 -2.30097 -3.47127 25.5973
-4.77247 2.50338 3.12252 -2.35244 -19.2929
-2.44067 0.27137 2.88929 1.74119 4.36847
-3.40695 3.61442 -3.10375 1.51548 -17.0178
-1.86506 3.60197 4.90542 -2.39432 -18.463
-1.87028 0.948092 4.21462 -1.6692 -8.80823
-3.16953 -2.53951 4.96403 -3.39091 -8.78352
-0.627201 -0.506898 -1.47746 -1.09279 1.93249
-0.488088 0.498166 -0.388263 -4.5545 1.5252
3.8542 0.608432 -0.492891 2.88212 0.924449
4.81738 -2.43526 2.70998 3.21818 -3.01033
0.881192 3.20234 2.04506 2.8859 8.72372
-2.6686 0.681709 -1.38826 3.63488 -6.86537
2.00238 2.63289 -1.24865 -3.76363 9.9715
0.806863 2.58909 1.32603 0.0438049 2.14713
2.98614 -1.7814 4.58542 2.21208 4.8238
-0.977855 1.24331 -4.29588 -0.65277 1.58845
-0.403842 4.15544 -1.57436 4.42898 -8.65096
-0.0348927 3.86567 0.935856 0.545981 0.376076
-0.072411 1.23885 -1.87424 1.05785 -2.07237
-3.73359 -0.398015 1.12939 4.92202 7.0449
-1.90566 -3.66191 -2.74801 1.97442 1.55262
2.74165 -3.21948 -2.26307 -0.151998 -8.48271
-4.48842 -3.18587 1.9883 4.50969 23.2661
0.879773 -1.69408 -0.176829 1.99913 -1.84391
2.86459 -0.4816 2.98818 -4.43265 -14.6251
0.945059 0.84174 -1.09081 3.98978 -3.55661
-1.93341 -2.04518 -4.63289 -0.870758 7.9883
-4.98308 2.58357 4.41123 -3.85286 -29.87
2.80325 -2.09028 4.65898 2.38996 5.27517
0.726304 -4.10342 -3.52957 -4.80283 13.9716
-4.8016 -4.40643 -3.87922 3.63818 7.04463
-4.40871 -2.76929 -4.41175 2.84323 -0.334601
-3.55707 4.90807 -3.29306 4.49187 -32.2503
-0.845032 1.941 -2.4342 2.28279 -7.19697
-3.64912 4.52579 3.03789 4.80706 -1.91184
2.05296 -4.62327 3.2979 -0.493646 -11.1194
1.83762 -3.83607 -3.14736 4.05208 -19.8026
-4.28748 3.79821 -0.394451 -0.0639106 -16.2595
-3.49835 -3.19063 -4.44598 4.32889 -8.0842
-4.12328 0.289326 -1.93649 0.426328 -2.01855
2.86453 -0.585268 -3.32394 1.99509 -8.30808
-2.42398 0.878234 1.86028 0.569407 -1.06956
-3.69955 3.57547 -0.607914 -2.92289 -11.4507
1.74116 3.23507 3.62366 -0.271655 4.64838
-4.41897 2.0482 1.86599 1.59779 -6.06945
-0.0932308 -1.76058 -4.09595 2.83484 -11.4472
1.39823 -4.91812 -1.72321 3.20378 -12.3974
3.04284 -3.48524 2.2717 0.410176 -9.67323
-4.62245 4.43295 -0.0811887 -4.54924 -20.1218
-1.24593 -1.85772 -4.56382 -2.19892 12.3501
-1.27729 3.42176 -0.00116951 -1.26811 -4.36909
2.52855 -4.92824 1.50992 -0.0350286 -12.5142
-0.886886 3.75012 -4.95306 -4.9485 21.1842
1.45762 0.471756 1.52327 2.81878 4.98141
3.51116 0.268683 1.80382 0.291499 1.4692
-4.19892 2.74818 -3.57462 -1.07265 -7.70506
3.99253 1.18587 3.49719 0.805126 7.55032
-4.02761 -1.69626 2.57666 2.67694 13.7294
1.88772 -1.01543 -4.27408 2.67355 -13.3438
-3.01092 3.16093 -2.31203 3.23948 -17.0071
-4.25959 -3.65037 3.75121 2.93316 26.552
4.81779 1.35915 -0.968967 2.30104 4.31844
-3.62163 -4.98107 -4.43619 0.490146 15.8652
2.85923 -0.0521762 -3.48582 -4.59163 15.8564
-1.11631 -4.85894 0.741448 1.53365 6.56122
-3.38651 -4.25393 -4.43445 -1.16269 19.5619
-4.6266 -1.95694 2.71679 -2.58843 2.02176
0.213069 -2.86425 -2.33517 0.236309 -1.1621
-4.72042 1.69037 2.44918 -2.2611 -13.5171
0.831668 -3.05578 4.24308 -4.21698 -20.4344
3.60916 -0.376654 -0.264915 1.0956 -1.64965
-2.62423 1.10798 -2.13789 -3.01236 3.5325
-3.88201 4.58425 1.92989 -4.70951 -26.8849
-2.65027 4.94975 1.98781 -0.48389 -14.0801
-1.90924 1.15016 -2.53488 -1.48774 1.57531
-0.415927 -4.2973 -1.10183 -4.8289 7.10798
4.70565 -3.36297 -4.5022 4.9061 -37.9132
0.872443 -1.1273 2.5231 4.53612 10.4616
-0.437051 2.40304 -1.69366 3.9945 -7.81558
-0.0123977 -0.254866 -0.289594 2.09981 -0.604933
2.24265 2.80685 0.510265 0.881992 6.74484
3.17489 -4.84151 -2.91716 -2.62093 -7.72557
-0.366845 -0.176372 -1.74039 -2.75388 4.85751
-0.474054 -4.90698 -0.93057 4.33508 -1.70792
2.33735 -2.46165 -4.10831 4.87402 -25.7777
3.4253 2.46845 -0.235505 1.67931 8.05969
-0.763514 -0.313593 4.6896 2.95398 14.0924
-3.49684 -4.29075 4.05147 -3.8001 -0.391928
-1.38203 1.02864 4.49861 -4.13984 -20.0451
0.798517 0.641985 4.38982 -4.17063 -17.7957
4.93282 -3.71832 4.45347 -2.05999 -27.5159
-4.02199 1.05873 4.05029 -2.74447 -15.3741
2.83777 1.49592 4.79483 -4.93656 -19.4249
-1.16855 0.184178 1.99291 -4.10939 -8.40485
1.99023 -3.58111 2.29064 0.486948 -6.0118
4.6542 -4.47929 -4.20304 -0.132265 -20.2916
-0.547442 -0.14773 -2.49332 -3.66471 9.21816
-4.54733 -0.747901 0.47036 -0.385621 3.21957
4.4311 -1.95427 3.56415 -1.08493 -12.5264
1.53299 -0.303339 1.55156 3.97137 5.6968
2.25497 3.69471 -1.06174 1.77305 6.44893
2.96186 -1.02537 -1.46497 4.51928 -9.6576
3.06134 -0.230144 -3.07912 1.06656 -3.9886
4.71924 0.829585 3.32756 0.852883 6.75303
0.290886 0.154827 1.36767 -3.67257 -4.97781
-3.18115 -4.88815 4.71699 -0.222335 14.5012
2.26909 2.00437 0.192957 -4.33678 3.71128
-1.02359 2.22247 3.35924 -0.62364 -4.36986
0.11095 -3.28115 0.0951387 -0.795899 -0.439766
-3.37559 -0.669369 -1.31617 -0.869421 3.40382
1.68538 1.46209 -4.36135 -0.509629 4.68684
4.04073 -1.19223 2.54452 -2.91342 -12.2307
-3.88691 -0.752548 2.3008 -4.58814 -7.6313
4.32197 2.17315 3.85378 4.67359 27.4033
0.597064 4.41862 -3.65743 0.887187 -0.606619
3.48147 1.97022 -1.36194 1.49387 4.8247
2.06291 -3.47693 1.49583 -3.55001 -12.4828
0.0858606 1.55531 -2.41135 3.18308 -7.54199
2.09168 1.41593 -4.43142 -3.32957 17.7164
-4.56941 4.86626 -4.9926 -1.10079 -16.7401
-0.802824 1.68848 3.14287 2.49559 6.48776
0.216144 4.78892 3.60863 -1.86709 -5.70253
3.46302 -0.883285 2.34858 4.74708 8.09006
-0.708897 -0.877697 0.759767 -0.0158416 0.610161
1.16119 3.54522 -3.70055 -1.3225 9.01063
-1.28418 4.43661 2.10345 2.8653 0.329623
2.12138 1.74119 3.02543 -4.96688 -11.3332
3.64216 4.5365 -4.74813 4.7065 -5.82444
-4.21041 -2.92502 4.30482 -3.98474 -4.83807
0.0252823 -2.85561 3.73057 4.03406 14.9772
3.09127 -2.45633 4.10667 3.16508 5.40478
1.18799 -2.63757 1.61518 3.24474 2.10744
-2.96122 -4.9767 -2.72348 -1.08183 17.6834
-2.81482 1.56985 -3.45815 -3.6859 8.32756
-1.90801 2.83194 -0.279594 -2.45262 -4.71762
-3.91393 -0.832884 1.45799 4.83816 10.3138
-0.265045 3.80487 4.21817 -4.69005 -20.7919
2.27558 -0.163017 -0.929865 1.02681 -1.32575
4.94478 -2.14104 -2.56095 -4.86175 1.86372
-3.62735 -1.681 0.05425 4.44951 6.33898
3.68941 -2.5993 -1.00443 -4.48768 -5.08231
-1.72144 -3.0532 1.82849 -0.418437 4.49079
-3.79839 -4.72287 -4.33656 2.7267 6.11477
-4.45458 4.24228 -3.6525 -2.08384 -11.2863
3.18859 0.477978 2.86734 2.5704 8.89428
1.50593 -3.07358 1.54625 -2.33488 -8.23891
-0.20904 0.63054 2.17715 4.68824 10.0752
-2.30081 -1.29209 -1.41181 -3.83771 8.39097
4.77489 -1.41884 -4.14984 -3.86335 9.2575
-2.90373 -2.40057 -3.32748 2.98068 -2.94754
-1.91869 0.116884 -0.476262 -3.04307 1.22503
-3.02558 4.08948 -2.34884 1.06973 -14.8857
4.71058 -3.51947 4.43354 2.17459 -6.93763
3.31171 3.53693 -3.85382 -1.27348 16.6211
-0.804957 -4.32225 2.84455 -0.814957 1.16104
-4.92856 -3.67108 2.19563 2.45668 23.4871
3.96201 -1.88404 1.48464 2.72542 -3.4183
4.4095 2.92231 -2.88548 -0.305598 13.7677
3.76625 -3.62058 2.8834 1.91949 -8.10136
-3.07411 2.41936 -1.97527 -3.77563 0.0205068
1.87093 3.68672 -3.88136 -4.47004 24.2474
-0.80691 -4.90447 -1.28541 3.61847 -0.693755
-3.70499 1.3407 -2.91802 0.194304 -5.53424
-3.14589 -0.846064 3.27928 -3.17658 -7.75527
3.63498 -2.79909 4.94935 3.04632 4.90263
-2.91021 -2.82102 -2.11615 0.655534 6.82253
3.42508 -3.0557 4.12892 -0.156295 -11.1113
0.284615 -3.24085 4.79229 4.09918 18.7221
-0.339061 -3.3879 -1.83026 -4.90204 10.1207
1.32047 -0.250252 0.707292 -4.86004 -3.76792
-1.11213 3.23192 -0.663695 3.61639 -5.99448
-0.878277 0.887185 -1.7626 2.26826 -4.77722
3.54977 4.01227 0.96041 0.537717 14.7591
2.83988 3.77954 1.75382 -3.96236 3.78418
-4.03775 4.90539 2.05006 -2.19299 -24.3025
4.99494 3.12195 4.53153 -0.272388 14.3596
1.56475 -3.10383 -4.97392 -4.4732 17.3926
-1.31232 1.59786 4.66494 3.06617 12.2066
4.24892 0.807363 3.79129 4.77653 21.5396
2.06788 -2.34617 -1.23838 4.76377 -10.751
1.04895 1.44408 -0.812124 4.78765 -2.37339
-2.40264 0.278306 -4.60638 -0.633651 2.25017
1.06532 2.45312 4.92318 0.471732 4.93578
1.49002 -0.681555 2.37802 0.293472 -0.317644
3.35022 -0.0599069 -2.77697 -2.46601 6.64734
-3.13306 4.54436 2.58458 -0.0205187 -14.2908
0.127807 4.69954 0.77649 3.44352 3.27449
1.79475 -2.90054 1.60967 1.23346 -3.22027
1.38134 -3.24984 -2.30245 -2.99804 2.4137
0.402933 -0.218356 2.24245 -2.69199 -6.12464
1.08042 3.36369 0.682908 3.11364 5.76054
-2.50188 4.72165 -2.66234 -1.43566 -7.99078
-1.94631 4.59161 3.12048 -1.52874 -13.7071
-4.46648 0.257728 0.745225 -3.13127 -3.48464
-4.27394 -0.889942 -1.42726 4.10003 -2.04827
1.83023 4.94487 2.77401 3.06542 17.5538
0.186093 -0.165103 -2.71825 -0.54657 1.45499
0.966064 3.77301 -2.47944 3.84535 -5.88936
1.65703 4.66901 -0.537859 2.91322 6.16978
3.68241 4.86012 3.32829 -3.65122 5.7446
1.07925 -1.50981 0.598937 3.98299 0.756096
-2.17411 -0.0729692 -2.15453 -2.38519 5.29761
-3.03448 -0.958275 0.291198 -2.47788 2.18631
-2.80095 0.093728 -0.691966 4.25439 -3.20642
-4.99277 -0.188875 4.17583 -0.760352 -2.2321
-1.07462 2.93221 2.33647 2.14038 1.84992
1.9355 -2.06938 0.867532 2.818 -1.56058
-4.33117 -2.83724 3.18953 -2.1135 5.54752
-4.37109 3.6791 0.539003 2.59101 -14.6851
1.64366 0.743148 3.63052 2.38128 9.86675
0.0665465 -3.00782 3.91905 -4.54559 -18.0146
-2.45351 -2.17668 1.18094 -1.83041 3.1789
3.57853 2.06232 -1.41899 -2.21112 10.5176
-3.09088 -4.87659 -0.25538 3.20751 14.2538
0.389468 -0.0930873 4.94709 1.15729 5.68895
-2.11702 2.245 2.28006 3.59843 3.45192
3.26732 -3.57281 3.44719 -2.33275 -19.715
-3.29808 3.03519 3.55564 3.12899 1.11528
-3.80188 0.675731 -2.44301 -3.952 7.08576
-0.299826 -3.26469 3.53099 2.76743 10.7506
-2.41133 2.8972 -4.82863 -0.99506 -2.18133
1.75582 2.69181 -2.31581 -2.06456 9.50746
0.786135 4.67472 4.98105 2.9679 18.4582
2.70502 1.882 -0.866658 0.665568 4.51403
-3.32553 2.08678 1.447 -1.39637 -8.96022
-0.0884375 -4.15154 0.884813 -2.71006 -2.03074
-4.34814 -1.57661 -3.57175 1.12435 2.83941
3.43799 -1.97686 -0.954299 2.45732 -9.14142
-4.77505 -1.487 2.05265 4.90393 17.1665
-3.42456 3.73667 1.75152 1.25069 -10.6058
3.96652 -3.39901 2.56479 -4.72473 -25.6002
-0.66931 -0.285577 1.41013 0.693348 1.16885
1.67421 0.945984 0.302907 -2.12173 0.941092
-3.37685 -1.4377 2.78629 -0.728128 2.82612
-3.39409 4.43896 3.63422 0.569548 -12.9964
0.188344 2.21265 -4.98866 -3.48515 17.803
-1.22784 3.82441 4.16383 3.11944 8.29309
-3.93415 -2.63101 -4.49512 -4.84224 32.1172
4.13382 1.63507 1.46098 -3.14608 2.16273
0.271397 0.574079 -0.460401 0.228757 0.0504834
2.14313 -3.10665 -0.859111 4.83645 -10.813
-0.769318 4.56589 4.05473 -0.729068 -6.46879
-0.360949 -0.096112 -3.10318 2.408 -7.43774
3.40178 -3.64406 -0.311062 0.875853 -12.6687
1.11503 -1.75013 1.093 -1.89227 -4.0197
2.59101 -2.9738 -0.728481 -2.03073 -6.22579
2.97302 -4.57217 2.70658 2.11349 -7.87282
-3.15738 -3.50498 -2.48744 2.60371 4.58996
3.40739 -1.50806 -2.46383 2.84995 -12.1603
3.20325 -4.9832 4.19204 0.631686 -13.3144
-2.75516 -3.56709 -1.77075 -2.86499 14.9011
-2.95187 -4.20262 -1.03118 3.50637 8.78989
-2.57234 -2.30434 4.57839 2.17502 15.8856
-3.67122 -3.26952 4.09397 -4.9962 -8.45118
4.14289 1.91605 1.29625 1.60119 10.0135
0.790755 -0.303222 0.33729 0.773554 0.0211376
1.35593 0.979595 -1.55191 1.2779 -0.654926
-4.30796 -2.15385 2.76102 2.43099 15.9907
4.13933 3.61082 1.4548 -2.69662 11.0234
0.896845 -3.09756 0.887036 -3.93322 -6.26695
-0.613171 0.355462 0.370464 -3.45758 -1.49887
-1.10474 -4.73954 -2.85502 -2.5588 12.5414
-1.4295 -2.34714 2.22032 4.60209 13.5734
-1.16027 0.0616411 -0.685985 -4.8021 3.22265
-3.64208 -0.215519 0.413588 -4.24206 -0.969527
4.27171 -0.396455 -3.84929 -2.00523 6.02519
-4.21917 3.06513 -2.37334 -0.594223 -11.522
-2.98613 -2.39499 -3.06024 -0.473861 8.60188
4.52149 -0.061308 3.27386 3.60976 11.5406
-3.7981 4.87271 0.339008 -3.70262 -19.7622
2.10443 4.20572 -0.106195 4.39968 8.3834
2.61216 -1.25935 -1.52968 3.66586 -8.89721
-1.52208 -3.0198 -1.09375 -1.75286 6.51359
-3.27109 -0.656586 -4.96365 2.99821 -12.7343
-4.38297 -4.21979 0.364444 -2.2078 17.6906
-3.61482 1.48418 1.76967 -3.49152 -11.5439
-2.1508 3.84041 0.961759 4.29985 -4.12452
4.70694 0.0256816 2.5404 4.17326 10.7226
1.56324 -4.55658 -2.97254 0.642711 -9.03349
3.84593 -1.07114 2.28222 2.45179 1.47598
-2.28934 -0.252973 4.30109 -2.32829 -9.43506
3.9576 -2.57219 -4.53434 4.99714 -32.8384
-4.0339 3.09073 -4.34905 0.927344 -16.5008
2.8107 1.55558 -1.26497 1.74512 2.16474
-1.37385 3.94284 -3.96808 0.932915 -9.11877
2.65369 1.67956 -3.65169 -3.68588 17.9167
3.91405 2.44366 -2.17399 4.87188 -1.02678
-3.01347 -0.538189 4.83256 -2.94944 -12.6316
0.932884 0.365631 4.65892 -2.10926 -9.48578
1.78823 4.65311 -0.146812 -4.33283 8.95693
4.58184 3.08458 -3.81889 -3.91201 29.0726
-2.51447 -1.13556 -4.00299 -2.2054 11.6835
4.37415 -2.07301 4.80783 3.1312 5.98662
-0.939709 -4.49193 1.16108 -3.90695 -0.315179
3.62844 -2.47507 1.38893 -3.27538 -13.5299
-4.59107 0.946322 -0.0230292 -3.55012 -4.26288
-4.75214 4.84158 -3.30896 0.130766 -23.4406
-3.4892 -2.14559 0.49389 2.59742 8.76923
-1.14697 2.15461 -0.84189 2.28463 -4.39468
-4.38212 -1.56891 0.362602 3.45281 8.12716
3.34945 0.179459 4.27013 -3.82957 -15.7517
-4.6487 2.50296 0.653645 0.955219 -11.0111
-0.79587 3.04259 -2.29789 -2.81668 4.05091
-4.91179 -4.9443 3.6196 4.8906 41.9873
-3.52471 3.03243 2.99575 -1.69314 -15.7607
3.15309 -2.91148 -4.66338 2.11989 -19.066
0.816933 4.75656 0.576507 1.33114 4.6532
-3.43956 -2.16838 1.13219 -1.43428 5.8344
-2.71899 -2.80835 -4.40148 -4.59727 27.8707
4.95526 -0.0778769 4.79422 -0.809077 -4.2648
-2.59668 -4.47099 -3.01199 -0.563594 13.3073
4.45766 -4.18035 2.69338 -3.91766 -29.1863
4.59623 -2.72965 -1.77673 -3.21449 -6.83483
-1.45257 2.67684 -0.113503 4.79379 -4.43241
4.20996 -3.36466 1.58746 4.42847 -7.13509
-0.113175 1.97721 1.16132 1.15053 1.11236
-2.40263 -4.3421 -0.213861 -3.27626 11.1331
-1.63345 -1.45206 -0.53458 3.68648 0.40116
4.18656 3.81804 3.78655 -0.451696 14.2741
4.00313 -3.11891 -3.60618 -0.466574 -10.8029
2.07577 1.97055 3.10216 -2.07484 -2.34608
2.56168 -0.335011 2.02688 1.05353 1.27718
-3.43463 0.711054 -3.17974 -3.40667 8.39013
4.51032 4.66359 0.190254 -3.59986 20.3494
-3.00088 -4.79767 0.387124 -4.4425 12.6775
-0.847081 2.37603 -1.58859 4.32973 -8.89085
0.0161584 4.53735 1.9766 4.49762 8.96331
-4.17059 -3.58552 3.30912 0.45622 16.4634
1.11155 1.38209 -1.82392 4.00252 -5.764
-0.835979 -0.61808 -1.50613 0.939276 -0.897966
0.287825 2.02505 -4.87802 2.30322 -10.6523
-0.519265 2.23638 1.13272 1.11141 0.0976435
1.00374 2.77192 -0.633395 -0.831876 3.30919
-1.05347 0.0284409 -0.0539693 3.86704 -0.238663
-4.84357 2.26085 -2.9463 -3.06145 -1.93061
-2.98622 1.18699 1.33403 -4.09389 -9.00597
1.58611 3.05909 -2.80438 3.92187 -6.14637
2.71837 4.20862 3.14228 -0.7711 9.01755
1.33829 -1.25561 -1.28327 -0.567803 -0.951725
-0.926584 -2.38485 1.04697 0.362561 2.58935
-4.90126 -3.18356 -1.33762 0.258211 15.2581
-4.06969 -4.68222 -4.77056 2.13997 8.8463
-2.68915 4.91586 2.28285 -3.88896 -22.0974
2.05765 0.780632 0.588402 3.41986 3.61852
1.13586 0.536925 3.57223 -1.38277 -4.3297
-1.1049 -0.872678 0.108721 -1.88853 0.758902
0.00755711 -4.74511 0.891839 4.84415 4.28435
2.02612 0.300563 -3.81427 -2.38936 9.72266
3.21278 0.199852 2.23619 -0.796585 -1.13923
3.16772 1.63542 -1.7678 -2.03395 8.77616
-4.59686 3.97664 0.0536585 -4.64541 -18.5293
4.50476 -2.98233 3.0876 -0.84475 -16.0429
0.534498 -3.25379 1.90076 1.70949 1.51019
-0.140904 4.96749 3.04653 -4.81592 -15.3718
-1.89398 2.73461 -2.47661 2.93435 -12.4465
3.41297 4.2562 2.15672 0.284622 15.1401
-2.59728 -1.45429 -1.68335 -1.7936 6.79646
-2.91957 -3.49413 2.46356 -3.84562 0.727425
3.01197 -3.54636 -4.68011 1.03411 -15.5213
-0.991586 4.18593 -3.54627 0.274191 -5.12306
2.43343 -4.87248 -1.13032 1.85274 -13.951
4.42649 -3.36188 -2.59541 3.3516 -23.5801
-1.74895 1.40774 -1.51394 -0.18769 -2.17791
2.20951 -3.60033 4.28348 -0.247927 -9.01695
1.9356 3.3354 -3.62987 2.79298 -3.68212
1.28103 2.85453 -4.45867 -2.01703 12.65
1.03976 -0.98218 1.38588 4.87453 5.73429
3.02935 1.91568 2.12858 4.4956 15.3725
2.22965 3.30883 -0.0741614 4.686 7.03
3.75 0.677535 -1.74756 0.773552 1.18893
2.79225 -1.66997 -2.59031 2.10233 -10.1086
-4.05678 -2.56095 2.99928 4.96939 25.2938
-3.27767 -0.763852 3.63598 -1.61386 -3.36432
-4.16699 -2.29557 4.33728 -4.17775 -8.55442
2.56895 1.55562 1.94526 4.94527 13.6161
-1.17576 -3.18035 1.52467 1.24571 5.63861
-1.93886 -2.0579 4.44589 -3.45382 -11.3653
-4.06015 -2.79195 4.22105 4.39917 29.9049
0.800673 -0.0780311 2.47555 1.92984 4.71492
-2.27827 2.61569 2.96909 4.74555 8.13075
2.56159 2.87083 1.17245 0.277222 7.67891
1.2097 0.617012 2.58354 1.94458 5.77029
-1.40749 2.33328 -3.94675 1.62598 -9.70139
1.80994 2.92423 1.75855 -3.42152 -0.724227
-3.84146 -1.54887 -4.87212 -1.96756 15.5361
-2.64668 -3.40256 -3.06019 -3.13363 18.595
-3.1666 0.603864 0.938282 -4.69066 -6.31336
2.07692 1.107 1.8199 3.60338 8.85694
-2.06508 2.52506 2.36639 -1.63701 -9.08826
4.27821 -0.282863 -2.31007 -0.716021 0.443912
3.09513 3.82007 1.36526 0.0647763 11.912
2.34825 0.302379 2.07782 -4.63287 -8.91623
-4.94055 1.59251 -2.9028 2.56434 -15.3116
-3.92934 -3.97475 -3.08003 -4.13904 28.3665
-3.84738 1.98839 -3.09969 -2.21448 -0.785895
-3.83001 2.60906 -4.53074 3.98165 -28.0326
3.96188 -2.30256 0.0498285 -1.42065 -9.19325
-1.11219 -1.43611 -3.97058 -3.16562 14.1666
-2.4696 -2.1589 0.488823 0.667684 5.65798
-3.27486 -1.56156 4.54118 2.39733 16.0006
4.12807 3.92599 -4.46854 4.49386 -3.87417
0.518568 -1.45981 -3.87768 2.05889 -8.74072
0.165652 -3.5934 -4.53683 -4.19242 18.4251
4.79132 3.0327 4.04618 4.99684 34.7488
2.09765 4.66895 -0.921806 -0.542903 10.2943
4.07231 3.05816 -3.32196 -3.95058 25.5775
-0.0926004 3.33343 1.63057 3.71727 5.75259
2.07088 -2.34644 1.48608 2.65694 -0.910757
-1.04449 -2.03134 1.68212 1.72775 5.02799
1.41043 4.89343 -3.72638 0.584955 4.7221
2.24112 3.13351 2.97125 3.30475 16.8418
-0.212474 0.183406 1.2747 -1.84864 -2.39544
-3.45644 -4.09765 1.93228 -4.22463 6.00009
-4.18631 -0.556261 4.72114 0.48429 4.61508
-1.4575 -2.99896 -1.51438 1.04404 2.7899
3.37919 -2.38545 -2.22002 -0.94708 -5.95835
2.5242 4.99172 1.27219 1.49437 14.5012
4.67002 0.946335 2.08155 -1.40096 1.50324
3.65477 2.5844 3.78301 -1.87442 2.35443
3.32039 1.10054 -4.53796 1.32716 -2.36839
1.13102 -3.06285 2.19449 4.3029 5.97854
-1.44033 4.96321 2.69097 -0.566101 -8.67203
1.67299 -1.75096 -3.02813 4.22474 -15.7224
0.55718 -3.29729 -2.66233 2.2388 -7.79762
2.70342 -2.06519 2.88158 1.92918 -0.0239983
-1.61514 -3.88804 0.995935 0.996835 7.27249
1.90432 -0.51507 -4.38358 3.63324 -16.9074
3.68377 -4.42102 -3.54728 -2.74795 -6.53824
-0.149788 -0.979185 -1.66902 -1.87935 3.28334
-0.759987 -3.25368 3.44228 1.10042 6.26069
3.24677 2.89616 -3.03152 2.18938 2.76602
-3.05066 -1.03094 -1.56276 4.46873 -3.8385
1.45286 3.21483 0.645239 -0.0327085 4.6496
-4.81887 0.983836 -1.27626 -2.51523 -1.53091
-3.80253 3.67054 -3.0297 0.48782 -15.4353
2.81996 -1.29788 -4.74152 -4.61498 18.2221
-2.15339 -0.512182 -1.40143 1.96939 -1.65704
-0.0328327 -3.69737 0.109711 1.95882 0.336299
-3.84165 -1.11701 0.403809 -2.86467 3.13436
4.60222 2.34742 0.465706 -4.55692 8.68113
1.4869 -4.77083 1.38453 3.97266 -1.59347
3.06688 -0.596111 -4.23318 -2.28516 7.84529
1.36352 -0.0733802 -2.28433 -3.34999 7.55244
-3.62394 -0.865767 -1.12847 2.37193 0.460851
1.74665 2.58059 3.54793 3.92157 18.4209
2.18236 -4.69281 0.795262 0.441939 -9.88993
-1.72925 -1.06115 4.8449 -0.175736 0.983571
2.65029 -3.37319 4.15977 -3.08194 -21.7601
2.81947 -3.66586 -4.13155 -4.5099 8.29709
4.49609 1.1446 -3.95725 -4.83956 24.2976
-3.3263 1.49859 -4.35249 -3.35904 9.63544
-1.73159 -2.05952 4.68188 -2.1242 -6.379
3.70255 2.11649 2.42039 0.930227 10.0879
3.73958 -4.25247 -0.576232 -2.38893 -14.5258
-4.0522 3.46423 2.9054 2.9002 -5.6115
-3.12683 0.808807 0.581739 -0.271179 -2.68676
1.03735 -4.60422 -1.74194 -1.68472 -1.8415
-4.44022 -0.715166 0.167488 -0.0355077 3.16955
3.78414 0.796583 -4.08033 1.63606 -3.66127
-0.260305 -2.24439 -0.921203 -4.6535 4.87105
4.38732 -1.74044 -0.552735 3.52103 -9.58208
-0.0562917 4.19181 -3.70361 1.72932 -6.64068
-0.589875 1.69369 -0.0390459 2.02658 -1.0782
0.657296 -0.118595 -3.81146 4.78212 -18.3048
-1.63718 1.42704 3.69501 -0.833931 -5.41771
-1.48723 -0.00651312 -0.99808 -0.0493221 0.0589139
-2.1044 -1.6974 -1.4634 -3.90881 9.29218
-3.13877 -3.57246 -2.16079 2.86607 5.02014
1.82041 2.99248 1.70133 1.10291 7.32395
-3.42059 -0.919972 -1.26994 -1.42097 4.95139
-0.22783 2.03568 2.04659 1.11511 1.81839
-0.53129 4.94481 4.94113 -3.82917 -21.5475
-0.0737663 -4.35203 -1.59724 0.164938 0.0575882
-0.20283 0.014965 0.240695 -1.21825 -0.296262
1.02597 4.62697 3.50582 -4.23115 -10.0865
-4.15161 -1.36736 1.64145 3.93996 12.144
3.60193 -2.43602 2.52925 -1.62971 -12.8963
0.131944 4.12405 -2.7978 -1.51946 4.79528
-1.48266 -2.18759 2.58664 0.648986 4.92215
4.33778 -1.45367 2.12632 0.093737 -6.10637
1.22462 -0.172779 4.12542 -4.4192 -18.4426
-3.10884 1.18674 -4.56449 3.7816 -20.9505
3.55515 0.180017 -0.812286 2.94828 -1.75485
-4.38686 0.639469 4.80506 2.08299 7.20365
2.6694 -1.60317 0.249712 -3.79068 -5.22607
-2.81116 2.59026 4.94715 -1.98526 -17.103
-2.71294 -3.27828 -1.27051 1.83868 6.55771
-4.11016 4.463 -0.800695 4.78378 -22.174
-1.95776 -3.59754 3.24475 -3.40498 -4.00518
1.16604 3.26419 -4.48777 -0.351328 5.38284
-3.60609 4.22533 3.9921 2.05669 -7.02639
3.41035 -0.56036 3.36121 -1.66132 -7.49505
1.84788 4.58658 -2.04844 0.225673 8.01316
-2.17538 1.74564 -3.84765 2.96193 -15.1939
-1.37475 -0.477288 3.16242 1.71796 6.08907
-2.67651 4.74506 -1.30866 -2.94587 -8.84504
-0.0379209 3.94527 -4.70603 1.74461 -8.35978
3.76725 2.29519 1.46051 4.4593 15.1594
1.88119 3.76761 2.92221 -1.66072 2.2346
0.507403 4.31149 2.08615 4.03288 10.6008
-1.85945 1.17736 -1.41625 3.94413 -7.7751
-0.389201 0.778017 -4.79381 -0.318776 1.22535
-1.56976 -2.34015 3.61399 3.58312 16.6228
4.56466 -4.7805 -4.96295 -2.73226 -8.26127
3.07174 -3.88176 -1.42314 -3.82123 -6.48561
-0.456003 -3.62856 -0.0331959 0.446064 1.63983
-2.11446 -4.77883 -3.33323 -3.57013 22.0047
-1.13684 -1.91694 2.06626 -0.346422 1.46346
4.23603 -4.04911 -0.450538 3.57376 -18.7623
2.48104 -2.38662 -1.74981 3.75494 -12.4918
-4.96545 -1.56962 -1.17316 -1.46277 9.50991
4.60628 4.31147 -1.66469 -1.62673 22.5678
-4.90278 4.48191 -4.92313 -4.2087 -1.25383
4.43112 1.93813 -3.80854 -1.96975 16.09
-4.92222 2.02812 -2.49972 0.630885 -11.5599
1.15792 3.70175 1.62636 -4.43272 -2.92288
-4.73612 4.41947 -3.25985 -4.86161 -5.08307
-2.86482 2.10015 -2.91709 0.333202 -6.98853
2.28924 -4.43474 0.859607 1.19295 -9.12672
-2.51384 0.841785 0.449357 -0.913912 -2.52678
3.39536 4.38053 2.9887 -3.78029 3.57533
4.94418 0.624485 3.65895 4.08274 18.0261
2.00092 -3.34613 3.85575 -1.70986 -13.2881
-2.59074 -4.77854 -1.90938 -3.97178 19.9636
-3.38501 -4.8039 0.0416305 -3.32198 16.123
-0.579264 -3.84542 -1.12063 -3.25987 5.88062
0.674377 -4.97764 3.34797 2.26171 4.21532
-4.54597 1.86402 0.690727 1.47404 -7.45563
-2.01052 -1.14247 1.5666 0.679421 3.36133
-3.39647 -2.00334 -2.83913 -0.66798 8.70078
2.28549 -0.578603 -4.67995 -3.57699 15.4177
-1.55958 -3.80256 1.95875 -4.31294 -2.51756
-3.09974 3.86903 4.43096 4.89562 9.69932
2.07318 2.96726 3.23706 3.06129 16.0612
-1.35992 1.20053 -3.19247 0.200095 -2.27143
2.95442 2.26643 -2.87936 3.55689 -3.54557
-4.05643 -4.40505 2.24106 -2.80961 11.5723
3.17473 -3.6604 -1.36002 -3.92811 -6.27846
0.359451 4.68882 -1.58244 -3.45042 7.1455
0.901038 4.73271 -0.33733 2.50131 3.42058
-4.35266 4.82028 -1.45298 -2.38065 -17.522
2.38058 -2.08899 -2.443 -3.995 4.78677
3.14687 0.523385 2.62072 -3.84031 -8.41733
-4.67398 -4.72287 3.60656 3.52037 34.7711
-1.30504 -1.35815 -3.26763 -4.54612 16.6274
-3.88523 1.39014 2.66938 -4.70092 -17.9496
-1.61411 4.66127 -2.69147 -2.21831 -1.55326
2.85679 -0.0491781 -2.24441 -1.40856 3.02091
-2.63122 4.08408 -0.489907 -1.78856 -9.86989
4.53253 3.38098 -3.24439 -0.657951 17.459
-1.24247 2.38759 -3.86773 1.13895 -7.37167
2.21497 -2.91191 1.66604 -3.49303 -12.2693
-1.69779 2.22028 2.83809 1.64833 0.908543
-0.450088 4.95364 -3.53508 3.42119 -14.3238
0.373194 2.33734 3.79406 -1.47712 -4.73201
3.84525 1.90019 2.10676 4.56424 16.9225
-0.672042 1.30946 3.67433 1.34358 4.05673
2.95628 0.970618 2.76103 -4.726 -10.1792
-3.63831 3.47533 4.21137 1.03826 -8.27184
2.66097 -2.11512 -0.611689 4.92064 -8.63817
-0.26916 3.93693 1.57539 3.20533 3.98999
-4.46606 4.55912 1.93349 -4.54287 -29.1449
-0.907494 4.46431 2.35518 -3.22631 -11.6499
1.03796 -2.11665 -1.46886 -2.1861 1.01408
-3.23615 2.17152 -0.386387 -4.81536 -5.16676
-4.29416 3.22441 -1.1067 -3.65682 -9.79916
4.72642 0.282293 1.025 0.872721 2.22878
2.56204 4.79798 0.436071 -2.02116 11.4113
2.92445 3.26618 -2.72708 -4.85962 22.8044
-0.515312 -1.1753 2.23941 -0.995377 -1.62342
-0.240589 -2.65502 -0.0443509 -2.72394 0.759579
0.565034 0.245859 -1.79693 -0.90141 1.75869
-0.909482 4.96542 3.69533 0.563466 -2.43377
-3.24754 4.40118 -3.14583 -2.9811 -4.91497
1.22331 -3.62204 -4.88465 1.76174 -13.0364
4.69068 -1.78471 -0.388595 -0.847341 -8.04225
-2.04893 -0.884032 -3.13769 -0.777956 4.25231
-3.67346 -2.01564 0.208327 -4.27864 6.51303
-4.90486 -0.249388 3.94257 0.586216 3.53441
3.75291 2.73568 1.95838 1.93309 14.0525
2.97792 -1.89661 -2.58156 4.79909 -18.0371
1.16498 -3.55579 -3.79067 4.22527 -20.1591
3.63091 -5.60585e-05 -1.36132 -1.90654 2.59521
-0.751909 -0.850861 0.845766 -4.67559 -3.31469
-2.2668 -1.2941 0.146437 3.32188 3.4199
-4.67539 -2.30438 1.46089 4.20044 16.9103
-1.73191 -3.3802 4.01561 -0.417845 4.17631
-2.30717 2.66143 1.68499 2.0895 -2.61959
0.542126 -1.04346 -0.947181 1.55929 -2.04262
-3.90785 -3.3025 -0.80466 -1.2265 13.8926
-3.55308 -2.30919 -4.76518 3.58895 -8.89721
-4.53222 -2.12385 -1.06556 3.3327 6.07454
-0.0052423 2.22417 2.02264 4.11609 8.31374
-4.21132 -1.32494 0.479281 2.23593 6.6514
0.667869 -1.76305 0.410939 4.60314 0.714129
-1.43687 3.46301 -1.82393 1.66946 -8.02088
2.63643 -4.72958 0.396175 -3.46242 -13.8409
3.31195 -3.44774 3.68633 2.19297 -3.33473
-0.699639 1.12327 -3.93444 -2.97407 10.9154
1.22063 4.91519 0.352967 2.12876 6.75102
2.72268 -1.40725 2.059 0.607522 -2.5806
-3.39519 1.43655 0.413271 -2.17736 -5.77721
3.19031 -3.13677 2.80695 4.16989 1.69737
-4.09425 -4.30711 0.60932 2.50333 19.1597
-0.125941 3.16096 -4.53824 -0.641838 2.51472
2.41438 3.48359 -1.12018 -0.638489 9.12594
-3.81733 -0.786916 3.06114 4.41766 16.527
-4.3651 -4.62769 1.52188 -0.0686346 20.0959
-4.26171 -1.16575 1.14326 4.91194 10.5837
-1.43595 3.94135 -2.16316 -4.76598 4.65
-0.109015 -3.892 -3.77719 -4.95107 19.1255
-1.87997 2.4255 0.879456 -0.110837 -4.65735
-2.7845 -2.56504 -1.73885 1.19754 5.06
4.12726 -2.07068 -0.125363 1.98814 -8.79547
-4.36849 1.3198 -0.251888 -0.187264 -5.71837
-4.28618 -2.34691 -2.41092 3.62095 1.32947
2.3827 -0.695341 1.87347 -3.16698 -7.59004
2.10283 -3.47387 4.37884 0.990722 -2.96674
-4.45913 1.80577 3.67912 -2.2481 -16.3232
3.87664 4.5944 2.10189 4.81212 27.9254
2.63611 2.32535 -2.57903 -1.05539 8.85176
-3.51411 2.6682 1.64987 2.32457 -5.54111
1.44717 -1.558 4.15814 3.98288 14.3067
0.63696 -1.59645 3.5131 -3.47982 -13.2419
1.03443 4.91202 -0.248924 4.81633 3.88224
1.05343 4.96619 -4.8113 -4.28804 25.8626
2.61653 0.573279 1.90148 2.35862 5.98488
0.574751 2.37331 -2.44307 -2.02049 6.30025
-3.83928 1.87913 1.56964 0.683422 -6.14178
0.127244 -1.02884 0.487196 3.25755 1.45615
-1.46428 3.69423 4.72502 1.39864 1.19924
-1.65986 -4.72627 0.440407 -0.0696816 7.81427
-1.87996 3.39978 4.85947 -0.242655 -7.57063
-4.37939 -4.35504 -1.65812 -3.2418 24.4477
0.116372 -0.730307 2.28636 3.94529 8.93536
0.904343 4.89333 -4.73352 4.60758 -17.3848
-3.82614 4.61212 1.32793 -1.17255 -19.2037
-4.08954 2.84891 3.95809 2.61884 -1.28514
-0.125401 -4.46692 -4.25361 -2.84149 12.6467
0.594471 -2.44893 -4.51159 2.87193 -14.4128
-4.13389 -3.92242 -1.85622 -1.545 19.0827
3.971 1.82978 4.01387 -2.55587 -2.99288
2.46659 3.62067 -1.54441 -2.41553 12.6613
-2.17607 -1.2689 -0.102458 -3.89862 3.16066
-2.46618 2.9321 3.68639 0.0827683 -6.92598
3.68442 1.62061 -4.2922 -3.54655 21.1935
-2.60606 4.66325 4.07663 -2.84103 -23.7345
-2.89146 0.0606396 4.91277 -3.06837 -15.2495
0.72376 4.46122 0.377819 1.34855 3.73836
1.65612 4.27491 -3.06132 4.9373 -8.0349
3.46869 -2.5139 3.20257 0.240468 -7.94983
-4.3765 2.22387 4.35414 4.67048 10.6032
-3.7806 0.3504 2.99468 1.37709 2.79921
2.94127 3.21842 3.64549 -3.88612 -4.70057
1.78017 3.14128 1.16732 1.78596 7.6768
0.497531 2.36317 1.07859 -3.4194 -2.51239
-0.181522 1.99218 2.08577 -0.0452573 -0.456021
-0.629905 2.64984 2.44528 -2.77438 -8.45329
0.888935 -2.24912 3.08319 3.46869 8.69533
1.68744 -1.9626 0.310616 0.0554272 -3.29455
4.49676 -1.03797 3.33951 -0.5117 -6.37635
4.20632 4.46627 1.45627 -4.10157 12.8135
-3.82123 -1.41353 1.36781 1.11121 6.92133
2.51052 -4.06031 2.14023 0.197776 -9.77023
0.692133 4.2706 -4.93937 3.84204 -16.0214
2.63784 2.00465 -2.59632 -3.31173 13.8863
-3.76034 -1.38062 -0.982686 1.99533 3.23083
-0.21416 2.82879 -2.47002 0.0798059 -0.802936
-0.219343 3.90327 -4.23459 0.968447 -4.95713
-3.37834 -0.878627 -0.0718992 1.49289 2.86096
-1.71932 2.29671 2.30382 -4.0295 -13.232
-0.3166 -2.3721 -3.50456 -4.07519 15.0327
-2.22395 -1.00714 4.39002 1.9433 10.7709
1.26764 1.278 -0.0333026 2.32749 1.54253
-1.51295 0.0193134 2.72694 4.5052 12.2562
2.13496 -4.96809 -4.24103 1.72455 -17.9206
-4.29168 4.11004 -2.7398 -3.01642 -9.3746
2.35051 -4.13481 2.45038 -2.70277 -16.3417
0.15045 3.33776 -2.5536 -4.69729 12.4972
4.02867 -1.76605 4.61289 -0.25354 -8.28439
1.04266 0.582514 -3.81821 4.24355 -15.5954
-3.80421 2.29415 4.52187 -1.38335 -14.9828
-1.47439 -0.711711 0.568979 -4.63334 -1.58693
-0.303128 -0.645859 -3.51836 -2.34624 8.45068
1.14167 4.99429 -2.6656 -1.77395 10.4305
-2.10928 -2.96723 -3.85929 1.64668 -0.0963128
-2.87642 -1.78217 3.91523 -4.5115 -12.5373
2.76515 -3.58127 0.624085 -1.62647 -10.9178
3.39776 -1.87263 2.679 0.121596 -6.03701
-1.44052 1.06028 0.562786 -4.45716 -4.03577
-0.679568 1.47766 4.60303 -0.027844 -1.13234
0.515891 -2.71524 -0.87873 -4.55674 2.60338
-4.54889 -0.428652 -3.25413 3.12089 -8.20589
-3.84002 2.61032 -0.552345 0.693589 -10.4068
2.09588 3.47661 0.377331 -4.38248 5.63291
-0.773384 -1.45121 2.59799 -2.01796 -4.12029
2.3066 -1.55694 -1.43997 4.40891 -9.93992
0.665027 0.0134379 -1.39665 -3.12692 4.37616
4.87148 4.84651 1.45525 2.98542 27.9543
3.82064 1.88684 -3.95095 2.36544 -2.13677
-1.34548 0.47686 -0.477605 2.82822 -1.99238
4.44547 -4.41976 -2.00076 1.16589 -21.9806
-3.97817 2.03272 -2.21774 1.02738 -10.365
-2.45235 -0.325515 1.55331 3.54252 6.30089
-1.17813 1.79951 2.68344 0.667834 -0.327961
-4.9617 2.13947 -2.43736 1.72139 -14.811
4.71856 4.11556 -3.30472 2.53044 11.0571
0.772428 -3.02993 -2.06966 -4.03466 6.00997
-2.11962 -1.10672 1.34454 1.79303 4.75662
1.02282 4.96989 2.17784 2.79558 11.1717
4.47166 2.05371 -4.51969 3.99781 -8.88533
-4.95284 -1.69859 -2.73265 -3.29429 17.415
3.27068 1.90039 -4.47608 2.72065 -5.96226
1.55098 4.78404 1.698 3.368 13.1388
-2.84721 4.74853 1.96811 -2.36764 -18.1798
-4.92109 4.73459 -4.03863 2.72408 -34.3009
2.47346 4.40982 3.21532 3.11729 20.9306
-1.57265 0.856143 -2.45557 -0.0929965 -1.11806
3.98569 -4.90848 -4.83858 -0.416999 -17.546
-3.34156 1.79565 -2.73929 -3.38853 3.2819
-3.59233 -0.125977 1.61352 -2.37843 -3.3851
1.4022 -1.98703 4.20801 0.180284 -2.02757
3.75762 4.61688 -4.67489 -4.84336 39.9906
-3.70865 -4.50674 1.65109 -0.126601 16.5049
2.62957 0.324701 -4.62948 -0.791141 4.5164
2.94938 3.42431 -4.05487 1.97812 2.07857
-2.41087 4.9395 -4.66447 -2.1899 -1.69377
-1.71027 -0.157162 -1.56075 2.81131 -4.11895
-1.34602 4.97857 -2.88359 0.59037 -8.40361
0.505653 -1.75507 -1.52409 -2.23782 2.52319
-2.58816 2.52895 -4.88446 -1.71187 1.81624
3.47782 0.086071 -2.24116 2.47459 -5.24662
2.82201 -4.06914 -0.226314 -3.42095 -10.7089
2.67235 -0.502702 -2.61724 1.20179 -4.48878
-3.07225 -4.04681 -2.57301 -2.26535 18.2616
4.11152 -3.98045 -4.33964 2.00814 -25.0803
-2.99232 -4.60658 4.88244 1.91098 23.1146
3.34098 -4.70704 1.40842 -0.269871 -16.1062
-4.53496 -0.374035 2.4253 2.86459 8.64371
4.67886 2.23048 -3.63438 -0.903673 13.7204
-0.21712 -1.87699 -0.850413 2.24111 -1.49834
-0.871075 2.87553 3.79083 -4.72811 -20.4283
-3.315 -4.69818 -2.05128 -1.66627 18.9924
2.16311 -0.747363 -3.75529 3.92323 -16.3495
4.00037 0.527946 1.24756 0.573102 2.82696
-1.27697 4.95975 -3.16521 1.8973 -12.3388
-1.03749 3.37192 3.43206 0.28979 -2.50375
4.69819 4.78441 -1.42012 -3.00447 26.7448
-1.75004 -0.0753269 3.38631 -2.13277 -7.09041
-3.65967 2.33255 -1.32825 0.575345 -9.30056
1.60262 3.01014 3.7412 -1.99892 -2.65425
-0.180362 -0.332472 -2.76492 -3.36482 9.36342
4.08954 1.08394 2.72812 2.98368 12.5727
-3.8597 3.65929 3.59147 -4.01774 -28.5534
2.82953 -2.6867 -3.46684 -4.1975 6.94997
-0.0138172 -2.25069 -4.55627 4.81829 -21.9224
-2.45085 4.04142 0.731012 -2.45484 -11.6994
3.03379 0.265587 1.09575 -1.89682 -1.27271
1.7258 0.691236 -0.306692 3.25015 0.196144
1.29501 -3.80217 1.68129 -2.7751 -9.58956
-4.28665 0.708239 -1.98065 4.74457 -12.4333
-1.14061 -4.70201 -3.13577 -3.82725 17.3646
-2.08367 0.072879 1.29687 2.60147 3.22191
-4.88163 -1.76139 4.79564 1.38313 15.2315
2.21285 4.37907 -1.28383 3.91348 4.66598
2.47589 -0.830517 3.25655 -2.83688 -11.2947
-3.89674 1.10783 2.24841 -0.386521 -5.18597
2.78523 1.35236 -3.19567 1.2991 -0.384878
4.48194 2.82844 2.71244 2.97352 20.7424
-2.13491 -2.6675 -0.538941 3.26482 3.93533
0.0760984 -1.4336 -0.811143 2.6311 -2.24329
-0.301544 -2.29418 3.40417 -1.34572 -3.88928
3.37873 3.00509 -1.94522 -4.17615 18.2769
-1.11928 -1.68464 -3.7459 -4.46127 18.597
-3.92896 -3.31688 -0.571186 4.27306 10.5912
-2.92852 0.547937 -3.10859 2.49998 -9.37604
0.730725 0.493761 -3.14099 1.47733 -4.27947
2.31095 -0.109004 -1.79978 -1.10034 1.72847
-2.02609 -0.682432 1.60475 -2.05553 -1.91594
-3.60948 -1.45696 3.15877 -1.80912 -0.455706
-2.12505 -1.31942 -0.49644 4.30291 0.667708
1.02969 1.62544 -4.44477 -3.94938 19.2278
1.29929 -3.87105 0.475553 2.58896 -3.79844
-1.02571 1.4135 -0.272076 3.40753 -2.37696
-4.72738 -2.63686 -2.33621 -1.60338 16.2113
-4.91334 0.759068 -1.95453 -2.13038 0.434337
1.67498 2.10826 1.96462 1.06327 5.62021
2.20288 -2.1423 -0.50345 1.3021 -5.37478
0.607138 3.63894 3.68185 4.0654 17.1775
2.36921 -3.36162 2.33326 4.08568 1.56856
-4.08379 4.50152 1.17664 0.109977 -18.2538
-3.64099 -4.66727 -0.925964 0.465565 16.5624
-2.55812 3.32908 4.57956 1.57998 -1.28055
-2.98238 -2.41733 0.778306 1.29683 8.21872
-4.31682 1.02921 1.74977 0.596235 -3.39965
-3.05102 4.89587 4.64044 2.19561 -4.74881
-3.75683 0.562458 1.31431 0.939441 -0.878346
4.19063 0.813573 -2.40252 4.45186 -7.28629
0.437103 -1.30473 -1.17202 2.25743 -3.21606
4.47265 0.963704 3.76381 4.39149 20.8391
4.81389 4.94578 -4.57223 -4.56078 44.6614
-0.483303 2.55102 2.47973 -1.91154 -5.97302
-0.238484 -0.357704 -0.368918 4.97851 -1.75135
-0.974074 -3.94135 3.29845 2.07302 10.6769
-0.740556 -1.29294 -2.16521 -2.35126 6.04846
4.94686 -0.0750013 0.187117 1.53858 -0.0831247
-0.451431 1.48148 2.31909 4.41279 9.5649
3.65624 0.109482 -2.45695 -3.40275 8.76068
3.06175 4.11909 -2.33589 4.42578 2.27347
2.73082 -2.34067 4.14679 -2.76288 -17.849
-1.41967 -3.5693 -2.45411 -1.4208 8.55403
4.11778 1.54651 -1.8786 4.16501 -1.4562
-1.15446 4.02729 -0.464729 4.66647 -6.81796
-4.79986 4.21738 0.310819 -3.94928 -21.4703
4.47773 -1.55133 -1.26587 -4.07713 -1.78531
-2.87291 -1.70972 0.820107 -3.85521 1.75019
-0.389423 -3.07276 -0.715555 -1.8522 2.52195
1.42046 -0.625532 1.26975 -3.04048 -4.74919
-0.527153 -2.86332 2.104 2.85685 7.52023
-1.34721 2.61824 -2.466 -4.49802 7.56476
-4.04081 3.11667 1.91332 4.0525 -4.84016
-1.1715 1.25604 -3.31879 -0.17063 -0.905161
4.01398 3.92637 3.47888 -3.23627 4.50181
-2.24601 -4.05231 3.97896 2.80124 20.2475
1.96378 -3.98181 -3.1599 -2.55104 0.241634
3.24941 1.55767 -3.61471 -0.345819 6.31153
-1.87753 -1.73192 2.10847 0.915362 5.18175
-1.41017 -2.37805 -0.258423 3.16886 2.53456
-1.77414 1.06587 1.07417 -3.11992 -5.24233
4.22135 -1.02071 2.09653 -3.78783 -12.2501
-0.15108 0.431498 1.28628 -2.89858 -3.79357
-3.69893 4.9195 -4.45388 4.675 -39.0188
1.52944 2.92587 0.0571292 3.23273 4.65962
2.41703 4.79022 -2.2651 1.17908 8.90735
4.71155 2.10304 2.71261 4.82196 22.9886
3.94298 -4.20049 4.9016 -3.40226 -33.239
-2.76587 -2.05852 1.42578 2.60296 9.40483
-2.49119 4.14761 3.97808 1.6978 -3.57849
-3.48158 -0.217227 -0.498215 0.0186186 0.747017
-1.17013 -3.37013 -0.181921 -0.795497 4.08822
1.33769 3.13541 -0.115097 0.71286 4.11216
1.60703 -3.4492 1.9484 3.02526 0.351455
3.00148 -4.49487 -3.98562 -4.19644 3.23416
-3.08416 -0.722926 2.42507 4.73246 13.7061
4.43145 3.63414 2.2474 -0.886787 14.1116
-4.07944 2.9641 -4.14908 2.73946 -23.4581
2.1561 2.68478 3.35893 -1.99693 -0.918896
1.61552 -0.858899 -3.54517 0.670219 -3.76361
-4.12378 4.11122 1.61753 -0.799279 -18.2466
3.43104 -0.206705 1.66923 -2.80238 -5.38702
2.63466 1.74675 0.397532 -0.33632 4.4684
-3.45956 -2.81164 1.31598 3.2749 14.0367
-0.61876 4.69582 4.22976 0.536645 -0.635706
3.33374 1.1855 3.84345 4.04816 19.5111
1.90111 -4.32562 -2.60523 -0.190271 -7.72777
4.4708 -3.61854 2.03282 4.05681 -7.93097
2.25199 -3.87823 4.25272 2.12242 0.292283
-1.31539 0.0548363 -4.59029 3.48568 -16.0724
4.00773 -4.00456 0.0456188 -1.56151 -16.1204
0.270869 -1.28328 0.414575 3.74888 1.20659
1.69012 2.50972 -1.78873 1.60691 1.36739
-1.46656 -4.84222 -3.28574 -1.65894 12.5522
-3.04813 -3.24658 -2.95233 0.276824 9.07872
3.83291 -2.28485 -1.83597 -0.458248 -7.91629
-3.94029 0.561289 -4.64911 -1.43023 4.43766
3.291 0.507384 0.909769 -3.09324 -1.14433
-4.67359 3.33291 1.93852 1.35153 -12.9567
1.35476 4.94334 -0.51659 -2.05389 7.75804
4.92987 2.14758 -3.73986 -3.34649 23.1027
0.757983 -2.60911 3.19135 -0.599898 -3.89215
-1.4876 0.443252 4.99233 2.23446 10.4958
-4.13994 4.36322 -2.92469 0.368831 -19.1422
0.659411 -4.92738 2.81869 3.33184 6.14228
3.51317 2.96622 0.176544 0.880612 10.5763
0.589539 3.20463 1.40965 0.300929 2.31346
-1.23896 2.21567 -2.94697 -0.569849 -1.0658
-3.67355 1.52465 1.16697 4.83277 0.0388012
3.15851 1.54915 4.14594 -3.84653 -11.0545
2.58615 -0.877086 1.28839 4.58838 3.64336
-4.50758 -0.954718 0.909449 3.37101 7.36923
-2.84737 -2.55857 2.99777 1.9106 13.0127
4.77011 -1.42706 -2.14704 0.555283 -7.99945
4.58905 -4.91222 -3.51029 3.32485 -34.2136
4.93723 4.27815 -0.231574 2.50244 20.5427
2.14515 -4.56703 1.32164 -1.71052 -12.0577
0.943636 0.782439 -0.945313 0.958378 -0.167629
-3.24088 1.38773 2.57286 -2.05506 -9.78484
1.9335 3.24921 0.944161 1.25677 7.46892
4.54149 -1.38986 4.12675 2.61394 4.47506
-0.0210067 1.44541 4.29942 -4.36013 -18.7764
-1.81875 2.11314 -4.35586 -4.66219 16.4645
-0.495163 1.28223 3.9206 -0.545769 -2.77466
2.37374 3.81752 3.94053 -2.6723 -1.46844
-2.60163 1.97418 0.662145 3.07631 -3.09912
1.43134 -4.69633 4.68998 -0.461477 -8.88638
-0.469245 0.914762 3.40411 -2.54778 -9.10218
1.93506 -4.44604 -4.10402 -0.0398535 -8.4398
-3.68526 2.90321 3.97742 -1.31075 -15.9125
1.87099 3.67156 1.18953 3.15315 10.6202
-2.52137 -4.57709 4.70117 -1.70115 3.54313
-0.753553 -3.72363 1.17303 3.58028 7.00573
4.8572 0.264694 -4.21798 -3.73404 17.0358
3.6879 -4.48406 0.241024 -0.579365 -16.6764
4.1923 0.347915 2.6633 2.88941 9.15395
-1.65851 2.54237 -1.67308 -1.85255 -1.11706
-0.573673 2.07023 0.7316 -1.96523 -2.6254
0.575886 3.73001 2.04351 4.43578 11.2126
3.58048 2.88406 4.35621 3.86186 27.1494
0.455426 -0.489154 4.93662 0.880519 4.12401
-0.919643 -1.52668 3.93653 -3.72629 -13.2647
1.46863 3.10667 -3.11302 2.05872 -1.84628
-1.95942 3.45786 -2.30811 4.09772 -16.2334
-3.84477 1.78192 3.39342 1.87957 -0.4729
-0.466662 -2.06736 -4.45585 -3.2163 15.2961
0.870006 4.0784 1.05449 -4.09655 -0.771549
-4.51699 4.56942 -1.08333 4.56232 -25.5825
-1.61136 -2.33686 -2.13306 1.99858 -0.497548
3.95806 -3.34181 1.87972 0.733819 -11.8477
-4.02563 -3.48469 1.79167 -1.25845 11.7733
3.70799 -3.94813 -3.64646 -2.51982 -5.45124
2.87274 -1.94709 -3.96835 -4.35516 11.6893
-0.222729 -1.3694 -1.91646 2.15583 -3.82656
4.21799 -2.40933 -1.06375 -1.44105 -8.62958
-3.68994 -3.17184 2.61232 2.86719 19.1939
4.34237 -0.729524 -2.83851 0.670788 -5.0719
-4.30945 -1.73449 -4.87661 -2.34256 18.8984
4.00097 -4.998 1.29085 1.61533 -17.9117
-3.78511 -3.74246 -2.99202 4.1288 1.81216
-3.1902 1.57506 2.14107 -0.938864 -7.03493
3.25941 0.670389 3.7614 -3.19583 -9.83572
3.85833 -2.03396 -0.790151 -3.87064 -4.78931
-4.84255 -1.59961 -0.109329 -1.92089 7.95619
-1.82484 -0.107011 1.6035 2.96782 4.95419
-0.199135 -4.73888 -0.262442 3.89963 -0.0797496
-1.87976 -2.40051 -4.14675 -3.98535 21.0386
2.40402 0.342921 4.69769 3.81515 18.7468
-3.45562 -4.93333 -3.97764 0.770571 13.9827
1.10803 -4.0901 0.123989 -3.9108 -5.01686
-2.9535 -4.93288 -1.69362 -4.67307 22.4836
4.97872 -4.24949 -4.69861 -0.193967 -20.2456
-0.502169 -4.58575 3.02839 -1.86894 -3.35704
-2.91446 -2.34506 3.9253 1.49641 12.7085
4.10278 3.26922 1.13988 4.38005 18.4056
4.34445 -3.60802 0.428711 -1.94819 -16.5101
1.90565 -3.85505 3.68272 -2.37525 -16.0937
3.34488 -2.3808 2.12277 0.636377 -6.61262
2.81278 -4.46467 2.40577 4.8951 -0.781623
2.64058 3.51984 4.27479 3.77106 25.4149
1.77851 0.695057 -1.095 -1.86928 3.28303
3.43814 0.215852 -1.16913 1.08071 -0.521368
0.630832 -3.35529 4.77596 2.03378 7.59663
2.76621 -1.41865 -4.84452 -4.25529 16.6905
-0.304064 4.16564 -3.40258 -3.57011 10.881
4.74632 -0.0493575 0.0326665 1.99235 -0.169183
3.22936 3.27723 -3.98327 -4.11885 26.9898
-3.07928 2.73435 0.594014 -2.14231 -9.69238
1.60702 -2.43951 -1.29668 0.790107 -4.94487
-1.25075 -1.55976 3.46818 -2.98968 -8.41787
3.08744 3.34949 1.47247 -4.20766 4.14569
3.36626 2.59486 3.04787 -3.51713 -1.98479
1.6859 -2.43075 -1.46125 -1.56842 -1.80615
0.516652 -3.1742 -0.413772 -2.37767 -0.65614
2.10205 -2.31889 0.401838 -0.197572 -4.9538
-2.83651 -4.66557 -3.70821 0.991289 9.55801
1.20129 -3.30953 4.43416 -2.43749 -14.7839
3.37753 2.28416 -0.573314 -2.22026 8.98771
1.19551 -2.41052 2.36001 -2.47319 -8.71857
2.7107 -3.7663 -0.385305 3.07206 -11.393
-1.52912 -0.0955782 -1.76205 -4.60964 8.26855
3.35342 1.66575 1.41043 -2.74739 1.71095
2.13483 0.032917 0.931707 0.883313 0.893261
-4.1267 -2.15394 2.29307 4.32178 18.7988
1.64848 0.706334 -4.22293 1.78481 -6.37276
3.77898 -2.46498 4.1559 -2.19496 -18.4371
2.34495 -4.22628 -0.844969 -2.11474 -8.12353
-4.22299 -0.904326 0.459553 3.5609 5.45538
-0.223607 4.27433 -4.94206 1.66874 -9.20279
-3.34587 2.06648 -1.54634 2.86093 -11.3382
3.80716 -0.875805 2.16336 -4.08665 -12.1752
2.1578 4.77171 -1.01018 4.21414 6.03937
4.25514 3.74158 -3.03543 3.43025 5.50868
-0.632678 2.53586 0.441884 -4.39639 -3.54708
2.66472 1.13923 2.92252 1.14253 6.37481
-4.3487 -2.96073 -3.21417 -2.03783 19.4252
3.64342 -2.8299 -0.774891 -1.7494 -8.9549
0.953274 -0.0437354 -4.24422 3.15565 -13.4349
-2.05305 4.88454 4.75384 -0.847856 -14.0588
-2.6373 2.71401 3.13179 2.54794 0.821968
3.42503 -1.29437 -4.97386 3.93021 -23.9816
1.87344 -3.69869 -3.1087 4.98478 -22.4254
-3.1813 -3.68872 0.584775 -0.285153 11.5682
2.50096 -3.14531 1.76897 -3.21389 -13.5516
-1.41542 2.41614 3.07874 2.70148 4.89729
3.02597 -4.31583 -2.3279 -2.16737 -8.01413
2.29226 4.20119 -0.968105 -0.769501 10.3752
3.73408 -4.48108 -1.03562 1.13407 -17.9072
0.721503 4.96558 4.31206 -0.629224 0.86943
3.85143 3.10395 -0.891049 4.32083 8.10458
4.02158 4.58391 3.2836 -4.62121 3.26037
-0.482696 -4.12902 -0.871849 1.54197 0.648693
3.34483 4.07462 3.00632 -3.63133 2.71198
-2.37039 -2.5769 -4.97615 4.92779 -18.4132
4.43912 2.15593 -0.472288 -2.45027 10.7276
-2.59619 3.74087 -4.3819 2.54342 -20.8571
2.6461 3.91277 3.08684 -0.746271 8.04997
2.62996 -3.60637 -1.38531 3.59123 -14.4596
-0.676518 -0.527351 -2.08185 1.18251 -2.10504
-1.89297 3.68544 -4.89862 -4.74435 16.2643
0.157033 -1.99926 -2.90544 3.83873 -11.4671
4.95792 -0.48266 3.81368 4.16331 13.4846
-1.92547 3.8538 4.31657 3.01885 5.61067
2.76681 1.56676 0.066142 -3.47813 4.10487
-0.405982 1.75305 0.728039 -0.779725 -1.27938
3.27329 0.849057 2.93204 2.01969 8.70101
-0.778039 -4.21443 -0.185061 -2.64482 3.76844
2.35066 -0.213712 4.853 1.67985 7.64995
2.63353 2.03973 3.40379 -1.9384 -1.22624
4.48887 1.10867 -4.08312 -0.99672 9.04639
0.456453 -0.556808 -4.1684 1.99123 -8.5544
4.20667 -3.35843 2.17647 -0.303979 -14.7894
1.16262 -2.75148 3.26427 1.6371 2.14503
-2.18233 -4.40136 -3.76195 -1.52645 15.3476
-2.68681 -2.43444 -3.79332 -0.200122 7.29999
-3.02768 -1.80085 -0.197474 -0.1162 5.47534
1.70038 2.19889 3.84844 2.15439 12.03
-1.07804 1.58095 -4.64661 -2.18072 8.42864
0.367438 3.08354 -1.01825 -4.92068 6.14349
-0.796174 2.531 0.576423 -4.14598 -4.40495
-0.496965 2.02391 1.51178 3.25386 3.9133
2.66867 -4.09524 4.55763 4.95638 11.6605
-1.30036 0.510377 -0.158668 -1.60446 -0.409097
1.14387 -0.0959311 -4.59735 -2.98512 13.6139
-0.897045 3.139 -2.1347 4.52546 -12.4763
4.73485 -3.96057 0.622949 -3.8685 -21.1626
-4.06823 4.06519 2.03006 0.672461 -15.173
-2.55671 -3.65163 3.0455 -0.595085 7.52381
0.409945 -3.42858 1.91415 2.37276 3.13629
0.0526314 -0.432703 -1.76311 4.61142 -8.15323
-4.58726 -1.16017 -2.11561 2.58838 -0.153993
-4.24573 1.52708 0.644563 -2.66065 -8.1985
3.18641 4.5794 2.21595 -3.43694 6.97575
2.76537 2.66783 -4.61905 0.360685 5.71152
2.15061 1.82788 2.86403 4.72783 17.4717
-0.715408 -4.03376 -2.21631 1.39607 -0.20835
3.81207 4.3465 -3.59871 3.40219 4.32568
0.199115 4.13766 2.71775 -1.775 -4.00013
2.30908 -0.909298 -3.05634 -2.22069 4.68755
1.14604 -3.06698 4.18134 2.99888 9.02447
2.96034 2.12596 0.593146 2.11062 7.54547
0.804229 -2.07257 -2.76433 2.50343 -8.58711
-3.67174 0.632502 1.44648 2.31211 1.02204
0.111823 0.543952 -3.97127 2.41761 -9.54016
-2.35545 -0.313514 -3.62569 1.00585 -2.90843
-0.847049 -0.654735 1.62203 3.67455 6.51481
2.91874 -1.92619 2.42496 -3.63227 -14.4302
-3.82322 -0.348245 1.1763 -3.2356 -2.47463
-4.0426 2.11685 4.03177 -4.13264 -25.2195
0.333982 -0.975935 0.794065 2.23274 1.447
-3.89442 -2.61197 4.15952 -1.37959 4.43371
3.67871 -0.95485 1.24383 -4.83564 -9.52735
2.69837 -2.43073 -2.67563 -3.01517 1.50848
-1.51638 1.56338 1.6706 3.07162 2.76077
2.62894 -1.28519 0.0892133 3.74263 -3.04479
-1.81284 1.46813 -3.61584 3.6428 -15.8333
2.38967 2.34133 -0.43426 0.716777 5.28374
3.49429 -3.01561 -2.89089 0.84096 -12.9686
-3.25386 2.44245 -1.11018 -0.777854 -7.08383
4.82316 2.32474 1.81094 -2.95414 5.8628
-1.20232 0.74577 -2.56963 3.98527 -11.1373
1.14899 -0.331667 -0.0891707 -1.37385 -0.258576
-3.62174 0.896992 4.88816 -0.0411561 -3.44985
3.8438 3.98588 -1.93466 -3.83239 22.7353
-0.0522621 2.00327 1.66854 -4.29293 -7.26764
2.87931 0.38142 -3.33914 -3.8739 14.0337
-0.0493051 -3.40428 1.60231 -2.28718 -3.49692
-1.69443 -0.0367991 0.604424 4.31616 2.67114
2.18875 4.33719 1.75586 -0.603575 8.43323
1.97062 2.60157 -0.761909 -4.72911 8.72987
-3.76154 -3.24065 -4.74152 -2.92212 26.0451
3.49626 -3.1826 -2.20742 -2.71025 -5.14453
-3.93981 2.12883 1.26241 2.4971 -5.23484
-4.11169 2.66722 -2.66166 -4.13745 0.0456874
-4.3962 -4.84832 -2.82616 -0.921092 23.9173
-2.50734 3.23198 -4.51592 -2.87188 4.86553
-4.05242 3.24727 -1.27572 3.61806 -17.7749
2.09188 -3.32641 -0.183514 2.13507 -7.35027
-4.01104 -3.64281 3.91366 4.76405 33.2563
-0.708541 -3.16358 -0.34615 -3.90484 3.59318
1.04772 -0.0153361 1.81674 -4.94901 -9.00712
1.87078 -2.91743 4.14866 0.869468 -1.85075
-1.65821 -2.31363 3.56798 4.43096 19.6461
-1.01046 1.86436 1.47059 -3.28166 -6.70985
3.19457 4.00135 -0.375273 -1.07784 13.1871
1.11642 4.00447 -2.98692 -1.1701 7.96566
2.88333 -1.02685 -2.44989 1.5781 -6.82693
4.50314 -2.15344 -3.89589 -1.9913 -1.93934
-2.61581 3.27287 3.81609 -0.210361 -9.36399
-2.25599 -2.88313 -1.09653 2.36021 3.91625
-1.20879 0.0670599 -4.91757 -0.37137 1.74518
-2.54458 -1.55895 -4.74176 0.471425 1.7315
1.34779 -0.812955 1.30206 3.55076 3.52762
-1.06123 4.10568 0.00383954 2.51794 -4.3474
-0.145075 3.3468 1.95721 4.91155 9.12742
2.47358 -0.957454 -2.04522 -0.764979 -0.803783
-1.43882 -0.805916 -0.071845 2.98034 0.945444
-4.49743 2.36188 -4.41513 -3.83295 6.3006
-1.8418 2.46272 0.786226 4.6486 -0.88099
-2.01452 4.3533 -0.153429 -1.82034 -8.49052
-3.75709 3.26535 1.69792 -4.59139 -20.064
4.57081 2.12956 3.10249 -2.01902 3.46986
-4.54794 2.56666 -0.826372 4.13293 -15.0883
-1.94844 1.22971 -1.21478 -2.4987 0.639354
-1.65726 4.6304 -1.4631 3.32514 -12.5388
-4.50457 4.27747 1.03345 -0.790012 -20.0846
2.12614 -1.48163 2.99404 -4.81147 -17.5559
3.43021 -3.71966 -4.85741 -4.13348 7.31881
3.44137 -2.01319 2.82754 -2.49672 -13.9877
1.80792 2.28822 -1.12661 -4.26042 8.93677
-3.98875 2.83247 0.63139 -2.10353 -12.6262
3.77075 1.89934 -3.85709 4.71432 -11.0216
-1.20364 -1.51658 1.88848 1.47733 4.61533
-1.41536 -2.13846 1.56448 1.12118 4.78077
4.63578 -3.51842 0.631137 -2.61467 -17.9608
-3.4438 -2.74995 3.72843 2.59781 19.156
4.34042 3.9516 2.2182 1.06544 19.515
4.7598 -1.50228 -4.55394 1.81564 -15.4188
4.80262 -2.44086 3.96577 1.84863 -4.39126
-4.15256 1.39712 -2.63053 -0.592947 -4.24187
-2.20701 2.36688 4.81424 0.646545 -2.11109
-0.212354 1.72499 2.37887 -0.871882 -2.4404
-1.38432 -2.76002 -3.51378 4.86244 -13.2648
3.84187 -0.228509 2.44246 -4.98423 -13.0517
2.83668 2.23451 4.3425 3.04671 19.569
0.590554 -0.640262 2.22974 3.46005 7.33689
1.56597 0.898219 1.98419 -3.56575 -5.66853
3.40894 2.45974 -3.80029 -3.44031 21.4593
4.67705 -2.30873 0.625759 -2.03278 -12.0701
-0.691385 4.34241 0.804912 -0.508305 -3.41141
-4.20294 3.66008 4.28868 -1.29886 -20.9535
2.77638 -3.93325 4.47258 -2.01945 -19.9524
3.54881 -0.506154 -3.59592 -4.47669 14.3015
0.494082 0.344658 -0.771582 0.758598 -0.415031
-0.586432 0.427791 -4.73215 0.513547 -2.68105
-0.867142 4.10352 -4.13961 -0.860424 0.00348542
-3.5254 4.57088 4.46984 -2.72418 -28.2908
2.60636 -1.42685 1.30135 -0.196741 -3.97492
1.67948 4.32925 -4.56988 -1.00439 11.8608
3.70836 -3.37247 2.92551 -2.01374 -18.3975
3.39681 0.0993432 1.75635 -2.43959 -3.94733
2.00388 3.04551 -4.13067 -2.12661 14.8872
0.184036 4.75811 0.732296 -4.90133 -2.71356
-3.14395 -4.74841 -4.67234 -0.561359 17.5516
-4.70929 4.73449 -3.58875 0.181658 -22.948
0.749249 4.93999 1.89323 -4.48756 -4.79471
3.87425 4.62599 1.24581 2.29546 20.782
2.71269 2.46342 -4.08487 0.703522 3.8087
4.08929 0.426751 3.27057 3.71961 13.9103
2.78314 4.78622 4.74536 -1.2088 7.58454
3.49279 0.13677 -4.54967 4.01871 -17.8061
3.8786 -3.72562 -3.44221 1.8047 -20.6623
-3.32149 -2.5045 1.20984 0.124753 8.46959
3.37339 1.7629 -3.84231 -4.10375 21.7148
0.628962 0.186959 -3.00918 0.33434 -0.888498
0.0661127 -2.31916 -2.82987 1.72489 -5.03455
1.87495 3.06247 3.53222 1.37992 10.6162
-2.04772 -1.44039 1.08514 2.39121 5.54431
-1.0695 1.16473 4.68483 1.30524 4.86915
-0.481404 -1.27638 -4.20882 0.484089 -1.42299
-1.70501 0.65177 -4.95663 1.59328 -9.00858
4.64929 -2.31588 -4.75423 2.71216 -23.6614
3.55542 -4.40343 -2.20204 3.80763 -24.0406
2.36463 -1.1076 -0.989758 2.54271 -5.13574
-2.5341 1.29922 -2.27821 -1.76492 0.728511
-3.82401 -2.3358 0.482116 -0.228602 8.82191
3.99901 -0.0309334 0.31374 0.531506 0.043052
-1.76132 3.84712 1.3532 -2.56081 -10.2413
3.00281 -1.67193 -0.719374 -3.7518 -2.32155
-0.591635 -2.28087 -0.435604 -3.1413 2.71781
-1.59824 2.15205 4.17993 -0.42986 -5.23627
0.20064 4.45631 -2.34423 1.28963 -2.12908
-4.84618 -4.74628 0.600723 -1.62132 22.0274
3.56968 -2.59725 -4.45601 -0.551048 -6.8159
1.88397 -1.92913 1.02342 -1.47296 -5.14189
-3.71501 -0.68038 -4.11408 0.782959 -0.693543
3.73174 2.97624 -4.00761 2.00901 3.05522
4.28196 1.12975 1.56916 -2.3129 1.20825
-2.53725 -1.43589 1.2359 -0.827642 2.62032
-2.19477 -4.74537 -4.66101 -0.00557162 10.4409
-4.1711 -4.00366 3.65808 4.07336 31.6003
-2.94813 -3.74589 -3.68618 0.320971 9.86022
-1.50653 -4.74672 -4.99955 -2.28629 18.5815
2.87399 2.66751 -0.886026 -4.25609 11.4374
0.823278 -3.93863 -3.26533 1.30701 -7.51042
-3.94835 -2.67698 -1.79303 3.53161 4.23738
0.635886 -0.911463 -2.09827 4.29511 -9.59187
-1.06618 -1.06583 4.85916 3.48679 18.0792
-2.1553 -2.60774 3.16019 -4.25142 -7.81482
2.00336 -0.348487 0.818988 2.34826 1.22505
3.35207 4.95935 -3.10166 0.713405 14.4113
-0.806901 4.98069 1.19939 -2.09172 -6.5277
-1.98354 -2.00049 -2.59313 0.0626964 3.80548
3.91489 -1.4906 -3.41697 -3.02005 4.48386
-3.12046 -2.93728 -2.4643 -3.84471 18.6402
3.4444 2.30737 1.79976 -4.51511 -0.178631
0.161763 1.28315 4.22047 -1.27276 -5.1641
0.221644 4.10191 -0.0985817 -4.52912 1.35565
-3.04536 -1.5694 -3.28324 1.31817 0.451521
-0.0957861 -3.20138 1.21225 -0.11016 0.173106
-1.33994 -2.78066 4.56776 2.54942 15.3711
3.44302 2.66894 1.19606 3.90253 13.8569
-1.99903 -4.20818 -2.91059 2.63822 0.733487
3.17662 2.55693 2.23928 -2.20843 3.1771
3.06187 3.78706 0.974287 -0.300484 11.3027
1.93361 3.48683 -4.57519 -4.55494 27.5819
-1.71828 -3.32998 2.898 4.29834 18.1784
-4.26511 -3.44731 3.69593 -4.9407 -3.55734
1.70637 -3.49183 -2.05528 -1.10739 -3.68235
-4.97009 0.0663802 0.963529 -3.50745 -3.70945
1.74481 3.44453 1.41975 -3.35433 1.24772
-3.11695 4.80422 4.32357 2.06099 -6.06365
0.578423 2.79668 -0.324039 2.55096 0.791052
-1.70716 -2.58039 1.88427 -4.55073 -4.16968
-0.103493 -0.990538 -2.127 2.27833 -4.7435
0.558921 2.75388 0.95935 1.40407 2.88619
-4.57625 4.48723 4.07047 -3.46352 -34.6329
0.703005 -4.10937 -2.07289 4.44134 -12.0953
-2.27747 3.79816 0.00288582 -1.53991 -8.65463
-0.419296 -2.03744 4.84012 1.48994 8.0658
-4.18658 -0.445042 -1.15776 -2.12798 4.3269
-4.11009 -4.2989 1.73399 -0.280819 17.1819
-2.42025 -2.61058 0.882503 -3.50143 3.22822
1.39638 -1.37053 3.18756 1.34212 2.36431
-4.44425 1.27256 1.56347 -4.64151 -12.9124
1.33736 -3.09728 -3.93692 -2.83253 7.00926
3.65032 3.73137 -3.73653 4.36759 -2.69892
-3.34703 -1.74917 -3.09844 -4.86667 20.9336
-2.37696 0.0546153 3.17765 3.83134 12.0449
4.40908 -1.0141 -2.15685 4.37035 -13.8974
2.97533 -1.6238 1.18286 -4.28015 -9.89413
-0.478338 -3.56728 3.06096 3.52912 12.5088
-0.598738 2.71604 3.22459 -2.45905 -9.55562
3.61836 -4.15354 2.25119 3.08408 -8.08618
-0.379213 2.60446 -3.25556 4.81811 -16.6733
3.50147 0.56547 -4.7326 0.470429 -0.246378
-1.76332 -4.09128 0.860487 0.656418 7.77906
0.0796831 2.88337 3.72695 -2.99076 -10.9167
-0.567257 2.74948 1.5874 1.75229 1.22192
2.97684 3.39755 0.0455808 -4.94909 9.88838
-3.2105 -4.98242 1.58874 0.512752 16.8107
4.53832 -3.56733 -0.109066 -4.01813 -15.7514
4.82498 -0.877313 2.77892 -4.65171 -17.1597
-1.23243 2.29046 -2.07052 1.64797 -6.23497
0.50889 -1.96529 2.59439 -2.69674 -7.99649
4.89435 -0.770517 -0.15965 -2.48223 -3.37489
2.36539 -2.99069 0.509685 3.88361 -5.09473
3.14476 0.789697 1.30881 -3.28433 -1.81516
-3.61133 -1.45447 -0.88415 0.673068 4.65749
2.72108 -3.84427 1.15452 3.21781 -6.74553
1.65287 2.85118 -0.504607 -2.1446 5.7948
-3.47739 -3.15106 0.795788 -3.7372 7.98345
-2.41924 -2.14756 -4.366 -4.2508 23.7545
4.97887 4.1812 -4.03629 -1.06714 25.1249
-4.83669 2.84167 -4.71155 -4.32494 6.63285
-3.95028 -4.09284 -2.22807 3.48851 8.39521
-4.66772 2.72107 0.857469 1.5126 -11.4042
-4.15124 2.33339 1.26659 -0.400749 -10.1941
-3.40294 0.489484 4.07859 -3.1713 -14.6001
2.07739 -4.08541 -2.63254 4.12333 -19.3418
2.52977 -2.40114 1.6652 2.03506 -2.68555
-2.82193 2.74611 2.81606 -0.358417 -8.75867
-4.31324 -3.88063 4.4223 0.486137 18.8879
0.675582 -3.73387 3.79341 2.17679 5.73491
-0.832722 2.03778 -4.7488 0.627101 -4.67488
2.71096 1.55904 2.13479 3.74426 12.2197
-3.08215 2.11844 -3.49346 4.50753 -22.2762
1.96441 -2.49075 1.06229 3.22289 -1.4692
-2.15977 -0.777041 -3.93968 -2.67022 12.1981
-1.52704 2.12623 3.76569 1.862 3.76487
-2.03597 -0.397633 -1.28132 -0.76515 1.78997
4.45751 -4.34188 -0.893695 0.35498 -19.6712
-1.82587 2.00744 3.66295 2.47109 5.38613
3.29364 -0.695559 1.59101 2.2549 1.29665
-2.06762 0.565486 -0.805772 2.43169 -3.1286
-0.330665 -1.43743 -3.55541 -2.06103 7.80312
3.32385 -0.836567 -4.61998 2.21969 -13.0355
-0.423452 2.89891 4.17381 0.793158 2.08294
-0.462406 -3.39446 -3.7334 3.26108 -10.6053
-0.65147 1.39381 -1.22573 -2.34928 1.97155
3.27262 0.0022062 1.4631 4.70967 6.89795
2.79922 -2.10063 -4.32718 0.812332 -9.39523
-3.41259 -4.80614 2.38128 4.08147 26.1205
3.48499 1.09598 -0.57615 0.081557 3.7725
-2.92708 -4.10099 0.739608 -1.69584 10.7497
-0.460046 -2.95411 -3.92124 2.13859 -7.0269
4.76508 3.82566 1.78942 -0.78443 16.8259
-3.25419 4.94991 2.11101 -2.33252 -21.0319
-2.25101 -3.92051 -3.38567 -0.530267 10.6204
4.29613 -3.38642 -0.279677 0.60809 -14.7186
-2.29752 2.4339 -2.72101 -4.33291 6.19799
-3.93401 4.69923 -2.06882 -0.540979 -17.3676
-3.4215 0.302947 -4.67947 4.82969 -23.6369
0.365171 -4.04781 -3.21592 -0.765049 0.98219
0.76575 -4.10847 -3.09217 -2.26186 3.848
0.222611 -0.400747 2.56412 -3.04579 -7.89898
4.17609 2.96524 2.83976 -3.74271 1.7547
-1.12828 -4.1025 -3.39735 2.61811 -4.26586
1.5639 1.3598 -3.30968 -0.951591 5.27605
2.15213 2.43998 0.655729 -4.04149 2.60104
2.40054 0.765146 -2.20953 -4.06968 10.8288
-4.77761 -2.61166 -3.88825 -2.45595 22.0268
-1.82004 1.9123 4.34081 -4.71316 -23.9394
-4.58203 1.97607 -3.39569 1.56421 -14.366
2.20743 -0.0688635 4.79496 0.942083 4.36524
2.80951 1.07529 -2.60865 -4.77048 15.4656
-2.79533 -4.14246 0.601391 -3.73727 9.332
-0.400918 4.46445 -4.02185 2.82996 -13.1715
1.00272 -1.50741 -4.07326 -2.0747 6.93927
3.91634 3.96967 -2.45006 -1.77993 19.9075
-3.31428 -0.708077 4.04438 -3.69951 -12.6155
-3.29322 2.11274 -4.60273 0.105169 -7.44177
-3.03446 3.94475 -2.79443 2.38441 -18.6332
-2.71142 3.48178 2.73994 2.12448 -3.61962
2.88491 -1.94802 -0.806099 4.60202 -9.32956
0.761438 -3.63364 4.27014 -2.37156 -12.8937
1.74133 0.679464 4.49917 2.02612 10.299
3.22016 3.89529 1.05997 3.82854 16.6016
1.74675 -0.137466 -1.37768 -3.86949 5.0908
1.51101 1.26689 -3.62145 2.01529 -5.38399
4.60361 -2.00486 3.17147 -2.53334 -17.264
-2.68167 0.0347175 -3.78405 2.52212 -9.63693
-3.83783 -4.21819 4.58242 4.06904 34.8348
4.62945 1.34941 -2.13346 -4.61578 16.0946
4.23036 0.789742 3.47032 1.7197 9.30879
-0.439283 3.30804 2.08738 3.58958 6.03963
3.13958 -1.39952 -1.51123 4.50154 -11.1968
-4.0767 -2.39615 -2.241 -2.99903 16.4892
-3.11146 1.81035 -3.17926 0.860528 -8.36867
-1.39973 -3.12015 -4.90722 -4.48434 26.373
-2.13923 3.60272 -4.83837 4.87527 -31.2954
-2.78648 2.5512 -1.56324 -3.5679 -1.53141
-2.87881 -2.98939 -3.54136 3.21926 -2.79466
4.57675 2.41321 0.831136 1.30833 12.1321
3.3548 3.24414 -1.8278 1.38815 8.34617
0.0687449 -4.81289 -4.1784 1.69306 -7.40517
4.3248 0.23232 -3.57834 -1.57293 6.63323
-4.72256 -0.186552 -2.13599 -1.71197 4.53774
2.33269 4.72768 -2.32701 -2.21409 16.1804
3.74592 -2.63145 -1.02901 -4.48272 -5.24442
3.53546 -2.67339 0.0888934 4.67044 -9.03651
-4.88373 -4.59672 -3.84143 -3.47865 35.8121
-3.71898 2.5504 -4.10548 -1.14339 -4.79071
-0.937221 -1.33534 -1.47873 3.13988 -3.39153
-2.53676 -4.94568 1.72271 -0.444295 11.7806
-0.942368 2.72634 -2.33495 -4.03858 6.86068
3.89357 3.30435 -1.03881 -1.4742 14.3971
-2.17312 2.09713 -1.3749 -0.725683 -3.55957
0.337825 3.34621 -1.42604 -3.80395 6.55501
3.37015 2.37316 0.747177 -0.0572613 7.95515
4.6752 -1.09389 0.400741 -2.53253 -6.12903
-2.51117 4.42 -1.17305 0.130759 -11.2528
1.97781 4.31674 -2.15484 -3.37377 15.8076
-4.81322 -4.06304 0.385368 3.42884 20.8777
-1.02697 -4.33566 -1.23637 -4.6012 10.1414
3.09183 2.90664 -1.69583 -3.63916 15.1582
-4.16548 -1.58836 2.25733 4.87686 17.625
-1.86268 -1.96845 -1.34368 1.55533 1.57672
4.47163 2.27617 0.530734 -2.25037 8.98384
3.55522 1.61338 -4.79494 3.26393 -9.91445
3.23748 -4.05766 -0.400363 4.90229 -15.0993
-3.82034 1.07473 -4.31933 4.86697 -25.1279
2.40973 4.28051 -3.06644 0.73273 8.06802
2.33349 3.26537 -2.63622 -2.46942 14.1296
2.85763 1.05014 -0.896877 -1.18829 4.06666
3.96892 -4.03085 3.45693 -2.15317 -23.4415
-3.70812 3.54984 -3.47874 1.72741 -19.1724
3.58555 1.18332 -3.75378 -4.85292 22.4597
4.52119 -3.84353 1.95306 -0.795009 -18.93
-2.95812 4.40837 0.997983 -2.5133 -15.5487
-4.64596 3.2542 2.96111 -1.09668 -18.3663
-3.40659 -2.77475 -2.568 4.12173 -1.13216
-1.7038 4.91341 -2.18846 -0.317259 -7.67715
4.22212 1.10272 2.85606 -4.36034 -7.79754
4.4727 1.64231 -1.36241 0.237084 7.02255
4.03525 -1.30711 3.43936 4.32071 9.58595
-1.4775 -1.59416 -2.98851 1.208 -1.25473
0.676454 4.69016 -2.07616 -1.76661 6.84045
-1.64297 -2.82816 -3.67451 -2.86073 15.1583
3.39944 -4.09031 -4.26571 4.23775 -31.9818
-0.944792 -2.13997 -0.526877 2.121 0.904321
-3.90832 3.95565 -4.27677 -2.19598 -6.06822
-0.88576 4.53974 -4.2464 -3.03099 8.84966
1.84182 2.11748 -1.52606 -2.16837 7.2091
0.631989 0.516183 1.18019 1.69431 2.32583
2.2771 0.791876 0.697133 -4.35583 -1.23341
1.02642 3.03509 3.15581 -3.2664 -7.19287
4.50089 2.69746 -3.97828 -2.1952 20.8741
-3.18499 -0.883393 3.37548 -0.574013 0.876027
2.19396 -0.400029 -0.451779 -3.02927 0.490914
4.62839 2.1073 -0.565437 -2.23616 11.0178
1.11251 -4.68966 -4.46304 -3.7994 11.7396
-1.58654 3.12291 -0.0885178 -3.65014 -4.63153
2.09271 1.62387 -1.06892 -3.84976 7.5134
3.24237 2.99449 2.54355 -1.95973 4.72457
-1.61645 3.38534 -4.69763 -0.486019 -3.18909
-1.67586 -1.67575 4.05979 -0.171291 2.11292
4.08483 1.18673 4.52431 -2.48024 -6.37378
-2.12667 -4.80702 2.2471 -0.678171 8.69903
2.43381 -3.47128 3.79957 -3.80293 -22.8979
-3.79625 -0.901709 3.59457 -4.60518 -13.1305
1.19355 4.5794 -1.66366 -4.40747 12.7983
-3.37311 4.56021 -4.21501 4.10967 -32.7044
-2.25704 -1.52808 3.37123 -3.78192 -9.30079
0.595022 1.21563 0.751666 -0.527436 0.326869
-2.87035 -4.48959 -1.83866 -1.3359 15.343
3.66786 -4.25514 0.00786072 4.47133 -15.5721
2.66219 -2.53793 4.77807 -2.1112 -16.8439
-1.50495 3.69331 -4.27445 -3.86019 10.9419
2.76529 -1.66479 -0.0736321 -2.07735 -4.45066
-3.48386 1.0528 -1.91898 -3.33978 2.74118
2.98281 -1.96669 4.80864 1.86691 3.11104
-4.38427 0.278007 -4.53831 -4.07906 17.2932
-3.57866 1.4851 2.0501 -0.303573 -5.93704
-3.50445 -4.08424 3.45061 2.8446 24.1286
0.587803 2.94181 1.76765 3.98288 8.76953
-3.21164 -1.15671 4.80224 3.09748 18.5898
-0.955006 3.13984 0.397207 -3.51508 -4.39478
-1.30149 -2.87654 4.43081 4.7343 24.7206
3.35776 4.70576 -2.03567 -4.51099 24.9837
0.899295 -4.3378 -3.72806 -0.522992 -1.95121
1.62097 4.39521 -2.52874 2.41597 1.01514
2.79324 -0.779958 3.00586 0.0931541 -1.8986
-1.15941 0.922024 -4.52261 2.50296 -12.3889
-1.57569 -1.84734 -2.80594 -4.61397 15.8573
-3.72313 -4.60684 2.20468 -2.6333 11.3463
3.83857 4.32656 -4.78486 2.78623 3.27606
4.95379 -1.36752 -3.65996 -2.95099 4.02608
-0.5981 -1.26898 -4.03375 3.82036 -14.6514
4.81261 3.49037 -3.18243 1.6645 11.5006
-2.37701 2.378 -3.93488 -2.20237 3.01354
1.81885 3.56598 -3.41068 -2.43433 14.7887
-2.21615 -3.90567 1.15385 1.91018 10.8596
-4.09356 3.74282 -2.46184 0.414942 -16.343
0.557201 -1.10023 1.82035 0.355832 0.0346926
0.0797298 4.69328 -2.91808 -3.9573 11.9219
-2.3671 3.81274 -4.20911 -0.111763 -8.55472
-0.143029 -0.321837 -2.9913 -4.70254 14.1128
-4.59219 1.36568 -2.85761 -3.50509 3.74471
2.34901 -1.15829 1.23481 -1.86914 -5.02888
-2.83395 -1.9335 1.7518 -4.27808 -2.0149
3.74625 -2.973 -3.41607 -1.62971 -5.5704
-4.50081 -3.51871 -4.07655 1.90463 8.07274
-3.35723 0.591547 0.422139 2.0975 -1.10052
-2.9827 3.86394 0.145009 3.83635 -10.9687
1.12123 4.11168 -1.17173 0.547955 3.96807
1.26341 -3.1327 3.12885 3.15321 5.90802
-2.61723 -0.404184 -1.78895 -2.87832 6.207
-2.10209 -1.91507 4.61854 0.103775 4.50493
2.47983 -0.0325897 4.42277 -2.47636 -11.0332
-0.574428 1.12451 4.73517 4.04485 18.5071
-2.44114 -2.17661 -3.78774 0.122812 4.84825
3.9214 -1.91796 -3.98687 -4.76837 11.4898
0.362987 2.79253 -4.67351 2.2955 -9.71437
1.15527 -4.87792 0.34264 -4.52276 -7.18497
-1.91986 -0.930491 -1.95141 1.19089 -0.537511
4.12466 -2.15888 4.63856 0.742956 -5.45838
-4.53318 -2.78713 -3.56284 0.121288 12.2024
4.66447 3.73102 -2.05431 -1.99994 21.5117
4.59004 2.09101 1.88925 -0.888816 7.91864
-4.46005 3.85726 -1.82642 -1.72124 -14.0599
-0.97052 -0.211218 -0.974095 -2.84215 2.97352
2.06139 1.70873 4.32383 -0.670436 0.623498
-1.41639 1.04578 -3.48279 3.13555 -12.4017
0.973705 1.22847 2.94838 -0.701221 -0.871298
-3.70483 0.592347 -1.02561 -2.44243 0.310438
-3.60977 -1.02205 4.44261 -0.0195565 3.60249
-3.28412 2.71036 -2.60622 3.33297 -17.5876
-0.580786 -1.90307 -4.62012 -1.28576 7.04563
3.68671 4.789 -2.24516 -2.13555 22.4503
-4.12863 2.18407 -2.03046 -1.91148 -5.13603
4.59706 3.67416 0.235127 4.38185 17.9206
-4.14151 -4.80251 -2.6715 -0.653451 21.6353
-4.47202 -2.52229 2.02741 4.48044 20.3634
-4.88363 -4.4775 3.91721 -0.649688 19.3215
-1.31978 -2.02958 -0.692314 -1.81507 3.93519
2.75049 -3.20104 -4.00599 -2.87297 2.70467
0.0873682 -4.93641 3.94322 2.42159 9.1176
4.37612 -4.85117 -1.39934 2.08922 -24.1528
0.5837 2.0283 -3.62792 -4.57669 17.7878
2.45635 0.879092 -3.67538 2.56126 -7.25425
-1.54062 0.273877 -3.28598 -4.10161 13.0558
-1.22962 -3.8188 -1.91243 1.76679 1.3168
-3.42117 2.14001 -4.11921 0.218442 -8.22116
0.577725 1.52332 -4.79198 -3.737 18.7877
-0.452233 3.95203 -4.43964 -2.82215 10.7421
-3.81079 -3.31361 4.13281 -3.53578 -1.98527
-3.37778 -2.89219 -2.43999 0.476439 8.60667
1.49019 2.69233 1.14526 2.85653 7.28355
-1.36881 -4.78256 3.6038 -0.415068 5.05059
0.56398 -3.64313 -1.87161 -2.91233 3.3961
-0.0234185 2.29252 4.18546 4.47644 18.6823
-0.417152 -1.8329 4.50419 -1.21396 -4.7033
2.49313 -3.45904 1.52125 -1.83832 -11.4204
0.373526 2.37727 0.494369 2.74052 2.2428
3.40413 4.22174 -3.37981 -0.334188 15.5008
4.77367 0.68952 -2.04454 -1.04172 5.42138
-1.20172 -1.09843 3.97694 0.0492821 1.516
-3.80029 4.62315 -3.68218 -4.07165 -2.57675
3.64717 3.77059 -2.13978 -2.98151 20.1317
3.54133 -0.501513 -3.70453 3.54175 -14.8965
4.89078 1.45407 -4.30799 2.89573 -5.3632
-4.28941 -2.32045 -0.43205 4.05251 8.20246
3.62066 4.86026 4.39542 1.33445 23.4628
3.06442 -4.94653 0.750736 2.82403 -13.0382
3.57577 -4.12639 1.80819 3.05368 -9.23336
2.57813 -1.09575 4.25665 3.91451 13.8377
-3.24275 -2.52716 4.97845 2.91033 22.6839
-0.0299449 -4.32163 -1.04991 -3.44994 3.75153
1.64259 -0.248776 -1.98914 2.66735 -5.71437
-1.48297 -3.01377 3.33884 -4.03063 -8.98828
1.97384 0.657963 0.0232405 -4.73586 1.18865
-1.02198 -4.95883 3.56171 -1.35856 0.229017
4.40636 3.52665 -4.64697 2.72803 2.86262
2.26853 2.32391 3.43112 -4.48469 -10.1156
0.132604 -3.29984 -1.01246 -0.355148 -0.0780013
1.10181 -3.29765 2.63947 2.11998 1.96223
2.18711 2.26197 -0.251783 -0.513527 5.07648
-2.84848 -3.74316 -0.731703 -0.986785 11.3844
-3.46183 -1.94216 1.97838 -1.07805 4.59064
-1.3461 0.563968 -4.51442 4.28618 -20.1088
2.06572 1.55447 -2.66384 -1.38576 6.90257
-0.468987 -0.196154 0.346574 -1.42364 -0.401403
-1.6467 -3.85732 -2.39552 -3.17121 13.9485
-2.29352 -0.625135 3.27637 3.22683 12.006
4.46344 3.59676 2.59101 -2.79193 8.82
-3.41858 -1.58543 1.55269 4.24003 12.0034
-4.24814 1.65352 -2.10409 3.82553 -15.0736
-3.86297 0.220072 0.110397 -3.94747 -1.28592
0.695174 1.94438 2.82748 -1.79677 -3.72864
-4.91114 1.48939 -2.56118 3.45059 -16.1522
1.47915 1.34796 2.46713 1.54451 5.80436
4.75122 -0.914211 4.19866 -1.12745 -9.07739
-1.02795 1.07774 -0.891129 -1.55654 0.279209
-1.64303 0.335117 -3.33325 -3.44611 10.9361
-3.0611 1.18721 3.26382 -0.57362 -5.50635
-0.895842 4.43679 -3.05814 -3.20086 5.81402
-3.19272 -1.73749 -2.49119 -3.16942 13.4429
-2.43887 -0.744863 -2.12514 -0.233842 2.31357
0.746888 0.761371 0.231668 4.60362 1.63517
-4.39982 -4.80907 1.2651 -3.17931 17.1369
4.45797 -3.411 -2.25311 -2.54058 -9.48194
3.15448 -2.37571 3.53171 -0.79876 -10.3151
0.0628292 -2.26084 -2.06359 -4.75398 9.66823
-0.684634 -2.9765 -3.58123 4.64695 -14.604
-1.49715 0.652314 -0.914396 1.83835 -2.65759
-3.92653 0.679336 3.87602 -0.599463 -4.99096
0.547688 -0.586205 3.44438 4.20977 14.179
4.11999 2.47324 -0.293025 -4.33032 11.4586
4.07587 -1.02165 3.05954 1.95887 1.82913
-3.74692 1.32223 -1.32635 1.96289 -7.55778
4.33387 4.07884 4.98119 -3.63077 -0.408392
0.545226 -0.988638 -4.89555 2.12235 -10.9291
-2.95201 1.56622 2.69383 3.68395 5.30044
2.74499 1.10937 -2.31072 -4.1226 12.5714
3.06534 -4.4353 0.403541 4.68333 -11.7058
-1.55683 4.64989 0.476628 -0.0877671 -7.2809
2.16135 1.77066 0.110928 4.86456 4.36663
4.27201 -3.83783 3.76494 2.93581 -5.3421
0.328776 1.58238 -0.828653 -4.4546 4.21157
2.98429 -2.69117 3.78234 3.12772 3.79888
-4.37757 0.936556 3.58888 -4.11145 -18.8553
-4.6879 -4.84375 4.70113 0.679649 25.9021
2.50013 2.98525 3.27139 4.33536 21.6462
-3.14931 -2.85008 2.80622 -1.89617 3.65469
0.750808 -1.37706 -4.8534 -2.72054 12.17
-2.04999 -1.27974 -2.74782 -0.272422 3.37202
0.291684 1.01041 -1.77963 0.0982368 0.119895
0.726347 -3.80687 -3.50878 -2.10549 4.6226
0.925793 4.71058 -0.192955 -2.47311 4.83822
1.49848 -4.07908 4.46727 -0.651747 -9.02393
4.13562 3.87794 -1.8924 -1.35198 18.5962
-0.303546 -1.14682 4.11463 4.48548 18.8042
-0.0508802 -0.140574 -4.89339 -3.26035 15.9613
-2.42524 -4.47807 2.82541 2.20387 17.0872
4.28791 -4.5012 2.11862 -3.23743 -26.1596
1.90359 2.93997 -3.37696 0.299881 4.5838
3.35782 -4.1985 -4.09853 2.59442 -24.7311
-0.628242 -4.65655 3.09174 1.23294 6.73736
-3.32168 3.26392 -3.02901 -4.67182 3.30929
2.09847 0.367307 -4.81371 0.111549 0.233817
-1.5196 4.38777 3.18447 -0.0175167 -6.72345
1.89451 -1.96644 -3.26962 4.65635 -18.9499
3.82453 -2.71712 -1.84082 -1.49529 -7.63914
3.55751 -4.9436 0.834067 -0.00480661 -17.5909
3.65112 -1.88592 2.31564 -3.46182 -14.902
2.75837 1.70566 -3.64597 4.81085 -12.8354
0.0344817 -3.78998 -3.60311 -1.63129 5.74704
2.84156 1.56298 -2.27152 -4.37948 14.3894
-4.1775 0.206911 -1.58185 3.76162 -6.81469
-3.65744 -3.75216 -1.38523 -4.24891 19.6091
-1.84591 -3.85381 -0.608668 3.45487 5.0109
4.41566 2.7641 0.432568 0.849314 12.5727
3.04563 -1.9341 1.23759 4.69349 -0.0819102
-0.306224 3.68914 -4.66085 -3.95712 17.3138
3.79105 0.739483 2.98482 -3.78144 -8.48351
1.32763 -2.02067 -0.813333 -0.825943 -2.01093
-4.48498 4.26403 -1.76564 2.49615 -23.5314
2.20549 -0.361445 -3.67256 -3.95876 13.7416
-4.04831 4.52058 -3.82333 -3.49865 -4.92425
-2.60369 -3.16248 3.38797 0.993735 11.6009
0.402228 -0.704315 -2.1533 0.890438 -2.20067
1.39655 1.87508 4.26855 4.68981 22.6373
1.1091 2.81059 -2.77615 -2.59551 10.3228
-1.70068 1.54436 3.04286 0.610683 -0.768242
0.160211 0.222477 -0.00622596 -3.87955 0.0597973
4.37167 1.50697 -2.17753 -4.64682 16.7066
-3.67332 0.165313 4.07778 -0.842547 -4.04297
0.775612 -0.339128 -3.34995 -4.89743 16.1431
-2.14335 0.641457 2.66173 -4.08483 -12.2476
3.48415 -4.38274 1.78765 -2.3275 -19.4309
4.20849 3.46718 -2.41717 2.44152 8.69002
-2.16886 -3.65961 4.02447 -2.4473 -1.91188
-4.37775 4.22949 4.44311 -2.45877 -29.4402
4.74907 -2.37034 3.2654 -1.13397 -14.9598
-0.108031 -2.19412 0.599834 -1.96084 -0.939144
3.1945 0.287233 -4.78344 -3.5823 18.0533
4.78599 -2.84129 3.14059 2.86601 -4.59742
-1.54404 3.41899 4.02345 -1.52689 -11.4224
0.823241 -4.55545 3.94608 1.21362 1.03879
-1.94286 1.75318 1.25972 -2.17831 -6.15024
2.27907 4.2131 -2.15565 3.29704 2.49468
3.56664 4.48542 -2.67867 -1.97289 21.2826
3.72049 -2.39634 -2.94467 -0.236539 -8.21902
-2.67201 -1.31319 4.91489 -0.041601 3.30439
0.226207 3.34976 2.78535 -0.193125 0.219819
-0.22343 -1.95284 -0.712268 0.182941 0.306019
3.0229 -3.66285 -4.94186 1.12162 -16.6153
4.94956 -1.21576 -4.56057 -3.68008 10.7658
-1.43512 -2.35975 -3.82944 0.274665 2.33471
3.61836 -1.62868 -3.81945 4.65392 -23.6685
-4.65036 -1.09062 4.49691 -0.276018 3.83056
0.594819 0.658777 -0.14034 -1.22744 0.564113
-2.11225 4.06502 -1.50155 -3.09346 -3.94137
3.42808 0.892431 -1.34741 2.49263 -0.299277
-4.65345 -0.0848238 -4.34832 3.0151 -12.7159
3.81996 3.36051 -2.67052 1.63769 8.4635
-4.10382 3.83114 -2.96974 0.902656 -18.403
3.71334 1.27978 4.19761 2.91828 17.0021
-2.54096 -4.85047 0.943321 -1.23416 11.1606
3.79836 0.571171 1.29347 4.18662 7.58476
-3.08984 2.6694 -4.78508 -3.47 8.35618
1.2408 -2.53535 1.82752 -1.78153 -6.40164
-2.76952 3.63224 2.11342 1.93653 -5.96687
4.40466 -0.860479 -4.80499 -4.99862 20.2282
0.277244 -0.376371 3.01708 -3.60632 -10.9849
-2.46797 -4.33393 -0.853506 -3.65633 13.8167
1.27348 -0.325615 -4.86253 2.84959 -14.2709
0.758851 -2.26308 -4.81469 4.87443 -25.1862
1.2268 -4.70734 -0.342044 3.85898 -7.09493
-2.73296 -0.815099 3.30557 1.04218 5.67265
2.92527 4.05763 -3.87545 -4.28248 28.4662
1.33399 0.55408 1.97548 -0.981108 -1.19902
-3.75228 4.58543 -3.19496 -4.29782 -3.47441
4.59094 -1.07137 0.857204 -0.781317 -5.58837
0.670471 -0.0471544 1.47479 -3.6913 -5.47551
-4.82251 0.911571 -1.16484 0.543789 -5.02949
1.91538 -1.70102 -3.28679 3.77711 -15.6727
-4.47852 4.71637 0.233381 -4.70661 -22.2208
-4.17234 0.575455 -1.68793 0.332851 -2.96282
2.29687 -4.76786 1.7357 2.17698 -7.17258
4.96484 -3.38545 4.65741 2.24773 -6.33965
4.25746 -0.943278 -1.4959 -4.12086 2.14844
-0.269817 -4.79356 -4.62889 0.147795 0.609257
1.22243 -1.97442 -2.17036 -1.84458 1.58981
-0.506625 -0.404222 1.05826 -2.65098 -2.60064
2.24144 -4.20685 -0.429151 2.42677 -10.4708
2.57129 2.92984 -3.20031 -4.93268 23.3196
-1.41933 -4.97298 2.03118 1.87163 10.8599
2.58292 -3.10524 -1.56132 1.39236 -10.1945
0.951946 -2.96579 -4.04844 -4.13518 13.9177
0.5063 -3.97151 1.49567 -4.6951 -9.0331
4.17435 -0.698249 -1.49031 2.2523 -6.27136
2.58345 2.88218 -3.01342 2.97343 -1.51424
-0.528687 3.93518 -2.21781 -0.0238751 -2.02753
3.11463 1.74918 -0.583695 0.859366 4.94644
-2.95121 1.02386 -3.00486 4.36352 -16.1334
-4.77973 -1.57511 1.68809 -0.405517 6.84407
2.90603 -2.63329 2.77004 4.83014 5.72726
2.95075 -1.96572 -4.40187 4.0949 -23.8256
1.47851 -4.71294 2.36133 2.74246 -0.492274
-4.89394 2.22454 -4.06603 -0.0679501 -10.6105
4.7799 -2.17124 3.24814 4.97765 5.78979
0.925275 -3.29835 2.43307 -1.79242 -7.41298
-3.8556 1.8614 -1.35342 -2.4072 -3.91887
3.21597 1.35412 3.63059 -1.03571 0.594587
-3.12549 2.81083 -0.933095 4.53723 -13.0189
-3.3187 -0.785467 -1.00642 2.59277 -0.00267939
-3.27184 0.659368 1.38788 4.35244 3.88333
1.88451 -4.83816 -2.34527 3.98256 -18.4577
-2.33264 3.03597 -2.95653 -0.174555 -6.56575
4.82573 4.60796 2.95853 -3.62522 11.5114
1.76282 2.60536 -1.31919 4.95322 -1.94145
3.22891 4.19031 0.79788 3.65927 16.4498
4.44338 -3.65949 3.24928 -1.91785 -22.4921
2.05651 -0.80253 2.72457 0.807836 0.550595
3.83747 3.61649 2.25181 -0.646494 12.4224
-2.68834 1.14937 -0.881309 1.62579 -4.52272
4.15669 0.836292 -0.814653 -3.74197 6.52461
2.76431 -2.10416 -2.84004 -3.7365 4.79525
-1.09878 3.99498 -3.06049 1.51514 -9.02666
1.70752 -2.38185 4.278 -4.3367 -22.6194
-1.04554 3.35862 -2.94464 -1.0597 -0.391152
-4.48236 4.89282 4.61244 3.40512 -6.22546
-2.05335 -0.149382 0.816946 0.818601 0.975488
1.457 0.0858792 -1.57607 -1.31495 2.19759
0.898452 1.75518 -3.03377 -3.48011 12.1348
3.37994 2.04264 -4.25767 -4.94367 27.9525
2.93677 4.63342 1.98757 2.61654 18.8078
2.84176 -1.98069 -0.215472 -4.44933 -4.66992
-4.49742 -0.427526 4.06184 0.482256 3.88161
-4.08924 -3.57562 0.942744 -3.93775 10.9093
-4.43863 3.64175 -4.25308 -4.47684 2.87598
2.93904 -3.79902 -2.29969 4.82077 -22.2517
-4.49506 -3.08669 2.50957 0.143598 14.2352
4.90748 -2.63812 -4.9741 -3.9625 6.76334
-4.34629 -1.45976 -0.886769 2.13795 4.44867
4.06977 3.01881 -1.9965 1.20453 9.88101
4.80744 -2.76944 2.51353 4.74023 -1.39918
-1.28824 -2.99696 -1.86579 4.56381 -4.65433
4.4773 -0.507927 -4.13533 -1.80406 5.18623
-1.88561 -1.83571 -1.70915 3.62563 -2.73529
0.413336 2.76174 1.57006 -3.05201 -3.65031
-2.01223 4.92183 1.83315 1.45466 -7.23723
-2.0361 -0.0223407 1.69149 4.88902 8.3152
-0.763924 -3.64739 -0.69315 1.96795 1.42225
1.47671 3.34156 3.69232 4.88826 22.9835
-0.719772 -4.17407 -2.58303 -2.11821 8.4758
2.32539 -2.88661 3.01019 3.55647 3.99316
-4.10682 -1.42169 -1.33028 -4.22765 11.4626
1.09433 2.77831 -3.47869 2.53063 -5.76289
-1.70447 -2.52464 -0.56453 -0.441249 4.55227
3.1277 -2.11405 -0.203725 1.74429 -6.96748
-4.93909 4.03276 2.32307 4.72341 -8.94537
0.664234 -4.66887 3.61829 -4.60539 -19.7649
-4.30661 -4.56393 1.96579 3.52977 26.5938
-0.188486 4.88799 -0.722665 1.13504 -1.74157
-1.49918 -3.81886 -0.927835 -4.74893 10.1314
2.3908 -2.18789 0.143012 1.83831 -4.96791
-1.96018 -3.15058 0.376782 -3.9704 4.67972
-4.976 4.73809 -2.8932 4.56301 -36.7784
-4.41405 -2.60664 -0.892366 -4.95825 15.9304
-4.29912 1.63656 4.00127 0.669374 -4.35741
1.71938 -2.55818 -3.63185 4.65759 -21.3142
0.433718 3.81693 -3.22732 3.60665 -9.98435
1.71729 -3.80476 4.11079 0.889391 -2.87778
1.74655 4.65154 4.30708 -1.4604 1.83411
-2.60757 -1.8799 4.16581 -2.04296 -3.60858
-2.05885 -0.0508377 2.44379 -3.86154 -9.33212
2.43799 1.03909 3.66161 3.12785 13.9863
3.19272 3.16643 4.73839 -0.0921501 9.6729
3.74604 4.43049 -4.68616 3.92001 -1.77302
-4.89536 4.76519 3.70231 4.07258 -8.24933
0.783728 -4.68148 0.106768 2.38761 -3.41409
0.669365 -2.84406 0.536065 -1.94736 -2.94763
-2.43815 3.99806 0.0657305 -2.7331 -9.92752
3.41802 1.92069 -3.66767 4.398 -9.56549
2.91186 1.89204 2.29343 2.955 12.2864
2.11395 0.60834 -1.20985 4.87017 -4.60618
2.28056 -0.810988 2.48846 -0.780297 -3.79125
1.17954 -2.3735 2.82213 -4.56527 -15.6834
-1.21696 -1.31232 -1.72554 -3.369 7.41038
2.59798 4.21238 -3.66684 0.981898 7.34319
3.44778 0.579381 2.18666 3.13218 8.84659
1.09425 2.45215 4.42693 2.08468 11.912
-0.129992 2.03331 -4.19585 0.151729 -0.900949
4.4133 -1.34037 4.89061 1.50203 1.43037
2.56981 -0.248356 -3.54587 0.465846 -2.29006
3.59359 3.92307 2.90336 -1.01491 11.1513
-1.18859 -2.01258 2.5972 -1.39965 -1.24303
2.09068 3.35588 -0.933303 4.15406 3.13907
-4.42322 -0.0681634 4.15428 -1.11434 -4.32779
-2.49416 0.945005 -4.60494 -2.66236 9.90304
1.69319 -4.15685 3.99348 -0.62165 -9.52088
-1.18774 1.28515 1.59657 -0.104299 -1.69294
-2.11107 3.75241 -4.71953 1.38944 -14.4791
-0.0273342 4.18748 2.88719 3.83459 10.9567
-3.94641 -1.60021 1.83664 1.92903 9.85801
-2.52384 2.27315 -2.24888 -1.29035 -2.83523
-3.61925 4.05612 -1.553 -2.80703 -10.3208
1.72295 3.51393 0.452002 1.13324 6.56656
-1.54244 2.48688 1.65026 4.42258 3.46255
3.33568 -4.3487 -3.42469 0.608822 -16.5909
-3.02921 -1.07487 1.09902 -0.234353 2.99843
-4.02148 3.44689 -1.40274 4.41385 -20.0531
0.183703 1.05027 -4.88487 -3.68252 18.1815
-0.778618 -1.21017 -0.194621 3.5656 0.248314
2.38221 1.13244 4.73228 1.33155 8.99899
-3.73018 4.13169 1.79618 -2.49595 -19.8951
-4.64012 -1.04212 0.152143 -3.62291 4.28437
3.68384 -0.704096 -1.26556 0.403766 -3.10476
1.72535 1.34563 -0.608306 1.20717 1.58736
3.74656 3.68448 -4.55041 2.4669 2.57868
1.79684 2.19908 1.59213 -3.32186 -1.33742
3.77842 -4.6865 2.24119 -0.219076 -18.1986
-0.815036 -0.940202 -4.93061 1.54268 -6.84006
3.28173 3.15958 -1.7438 3.28772 4.6358
-4.18068 -1.29104 -0.0557067 -0.6485 5.43356
-4.58057 2.4014 0.218599 1.47642 -10.677
-4.60233 -3.25183 -0.0141662 3.02592 14.9231
-1.74766 -0.516504 -0.445652 1.67829 0.154742
3.02061 -0.744649 -3.12217 -2.76937 6.39713
3.1755 -2.50414 -2.74366 -2.62959 -0.737206
2.79371 -3.91524 3.30269 0.428909 -9.52149
-3.48432 -3.45895 2.89728 4.96808 26.446
-0.72015 0.289512 0.200371 0.800974 -0.0480004
0.396055 -4.783 4.46285 0.480159 0.248542
2.22299 2.23807 -4.55939 1.67313 -2.65324
4.22728 4.77972 -1.52999 -3.84811 26.0928
-2.75851 1.75688 4.55383 -4.5568 -25.5973
3.33197 4.68552 1.29377 -0.781843 14.6005
-4.92481 -2.56824 -0.536805 1.9757 11.5875
-3.07837 3.18135 -1.43478 -0.676757 -8.8224
4.61657 2.45553 1.31878 -0.883333 10.1712
4.24366 -0.705095 3.01324 -0.591092 -4.77328
2.15931 -4.53687 -4.44159 4.06575 -27.8549
2.66684 3.59914 4.27059 2.41943 19.9307
0.30387 -0.849291 2.33201 -3.54268 -8.51964
0.239477 -2.01419 1.0797 -0.441126 -0.958634
-0.215344 1.92955 3.23578 -2.86742 -9.69386
3.71862 -0.401262 -4.62548 4.20351 -20.9354
4.12549 2.24842 0.595642 1.87675 10.3937
-1.76244 -1.77041 4.82942 0.546889 5.76141
1.39072 -4.55381 4.40799 0.831825 -2.66638
1.45502 -3.74989 -1.44567 1.68259 -7.88863
-1.84761 -1.65304 -4.12267 -3.32007 16.7417
-2.68474 -1.98584 2.27121 0.122637 5.61001
-0.259362 -3.15421 4.76547 -4.60962 -21.1489
-0.497107 -0.021758 2.62696 1.32485 3.49114
-2.49795 -3.3387 1.83967 2.31688 12.6022
1.49436 2.28137 -0.454083 -4.1526 5.29481
-3.88105 1.92324 -2.57487 -2.83896 -0.154249
1.05823 3.35227 0.961411 3.5521 6.9625
-0.303891 2.45993 -0.992074 -4.92619 4.13959
3.8407 1.61831 2.88611 -2.34916 -0.564497
-4.71116 -0.583655 0.0860827 -1.27586 2.63986
-3.35421 -2.93201 -1.68969 1.41315 7.44678
2.00639 1.9439 3.13072 -4.89059 -11.4108
4.93288 -2.33728 2.77396 -4.83815 -24.9504
-3.51792 3.74753 -2.86406 -1.96613 -7.55238
1.25581 2.92103 -0.844125 0.0731879 3.60649
-4.94336 -2.16411 -1.1669 3.80426 6.25879
-2.62979 4.60068 -4.13883 4.35154 -30.1091
-2.77298 0.215593 -2.67432 -3.96767 10.013
4.9588 -4.27528 0.490819 2.92665 -19.7638
-2.8285 3.74873 2.63847 3.30285 -1.8888
-0.770613 4.07369 1.97107 3.29603 3.35747
4.36127 2.99639 -4.90763 0.152445 12.3199
2.31464 2.64275 2.35319 -1.81687 1.84158
0.261571 0.683504 -0.436032 1.56976 -0.505682
3.07121 -1.91844 1.68838 -3.59633 -11.9639
-4.32484 -3.16063 2.81146 -0.801162 11.4168
1.37759 -3.60031 4.00594 0.587243 -2.60729
0.969786 -0.354114 4.26313 0.442698 1.54386
-3.97065 -0.207865 -1.67862 3.17397 -4.50252
-2.7403 2.35218 1.76496 3.52391 -0.226097
1.2717 4.19394 -3.4176 -3.52627 17.3848
-1.81461 2.70023 -0.97107 3.31921 -8.12305
0.981938 3.00715 2.50474 3.57288 11.9019
2.02648 2.4699 1.60373 2.66194 9.27426
1.64951 -2.04601 -1.08247 -2.75333 -0.394514
-3.40129 -3.90968 -1.46275 -0.744405 14.3868
0.873212 -1.07999 3.11637 -1.19177 -4.65705
-0.391434 4.92253 4.50456 1.64605 5.48788
4.99272 3.82066 4.72446 -4.80772 -3.63841
1.89992 0.396126 -4.63464 4.17532 -18.5985
-3.03256 4.98014 3.21789 -4.84227 -30.6845
-4.3254 3.78796 0.851905 -1.82936 -17.9429
1.21286 -3.42885 0.297324 -4.39833 -5.46643
0.731122 -4.10701 2.90977 -3.14181 -12.1447
-3.73707 -3.90234 2.12659 -0.752041 12.9841
1.27831 0.337362 -4.6759 -2.32259 11.2915
-2.74445 3.53358 0.59148 1.7194 -8.68074
3.61928 1.70309 -3.53596 -2.45304 14.8378
3.66553 0.143083 1.83704 2.2113 4.58672
-4.40142 -4.98194 -2.7745 -3.90439 32.7604
2.05971 -2.38795 1.0759 0.507028 -4.37298
3.16755 -1.93008 -3.74318 1.70875 -12.5098
3.26558 -2.07516 -3.45419 3.12006 -17.5539
3.75796 3.86825 -3.77655 -2.93695 25.6283
3.85325 -3.86881 4.8689 -4.52339 -36.9314
0.051736 2.01973 3.70731 -4.4045 -16.2243
-4.16906 -4.22453 4.04397 0.424124 19.3275
-0.154385 -2.03159 1.08786 -0.276026 0.0133683
-3.03477 3.27709 -4.70076 1.15539 -15.3764
-0.0445919 -3.6359 4.14036 -1.77516 -7.18765
4.56938 1.44824 4.02818 -3.73456 -8.42592
1.04254 -4.42828 4.83164 -3.7574 -22.771
1.45312 -0.243539 3.76053 -3.31611 -12.8242
-2.04601 1.66031 1.08388 3.78053 0.700623
-3.08024 -1.57292 2.73129 -1.39067 1.04668
1.85273 -3.55314 2.80697 -4.11266 -18.1271
3.44267 -4.61984 -0.807544 -1.24115 -14.9023
-0.992602 -3.6316 0.832489 3.32588 6.37349
2.89849 4.09548 4.713 4.52955 33.2185
-2.18232 -1.46624 0.502041 4.73714 5.57804
-4.54665 -3.03794 -0.202006 4.25062 12.9538
-2.16829 -4.72472 2.49116 3.49801 18.9587
-4.53426 2.76679 -4.63013 -3.59837 4.11556
-3.15829 -1.94656 -3.0125 4.89979 -8.61279
-4.64146 4.84713 0.037288 1.55648 -22.4397
-1.24355 1.31106 -3.1055 -3.15519 8.16807
1.73388 0.766414 2.86378 1.09171 4.45529
-3.44763 -1.43135 -4.33045 1.50879 -1.59895
3.55969 -2.41589 4.16941 -4.46905 -27.2331
-1.85308 -1.55944 2.80715 -1.30276 -0.767296
2.80222 -2.64278 -4.56646 4.90099 -29.7859
-2.0414 4.1728 0.149378 -4.76473 -9.2301
-4.09404 3.6143 4.37065 0.026356 -14.6819
0.896743 -1.29904 2.28467 -3.24442 -8.57733
1.0168 0.776079 -0.373558 -3.00745 1.91257
-2.90457 -2.85401 -4.41401 -0.404182 10.0738
-2.19306 -2.01312 1.29326 4.22316 9.87654
-0.653475 3.87368 -4.60226 -1.9189 6.29993
-4.54222 4.52103 -1.76244 0.176811 -20.8471
2.72307 1.39349 -4.41279 2.73149 -8.25892
-1.72284 -2.53776 2.81693 -4.03653 -6.99848
-2.54479 -2.33263 -4.40156 1.04239 1.34793
0.70964 1.30863 1.52378 3.81827 6.74686
3.67844 -0.143503 0.61527 2.69288 1.12898
-3.67616 -3.61657 -0.719126 4.44799 10.0964
-4.06029 -1.48064 0.506721 -2.02927 4.98353
4.84084 -1.11855 0.270948 -1.55173 -5.83515
-0.591364 3.188 4.60989 0.108841 -1.38353
-2.34658 -4.54221 0.627948 -2.59027 9.03208
-3.64556 -0.252095 0.759842 4.84351 4.59933
4.95178 -1.95267 0.518301 3.51188 -7.84898
3.58604 -0.768087 -3.23987 -1.50873 2.1337
-3.45443 -3.71633 2.81069 1.51258 17.0892
3.42844 1.03428 -2.18463 -1.85514 7.59875
-2.6491 -4.92496 1.00406 2.82171 15.8799
2.52843 3.05308 -1.36647 -3.46421 12.4532
4.87742 0.934559 1.15495 3.24218 8.3028
-3.91996 4.30498 -4.57952 3.0613 -30.8947
0.338998 4.88723 3.94277 4.39479 18.9844
-4.19234 -2.29533 2.88693 3.63557 20.1184
2.43093 -3.97076 -3.2552 -0.0600008 -9.45731
-0.539546 -2.26511 4.13227 3.43024 15.3968
-4.67046 1.77731 -0.714941 3.49623 -10.8005
4.37512 -1.80587 -4.53561 -2.5244 3.54881
-4.27178 -3.31244 1.60589 -1.3109 12.0449
0.914836 -4.42876 -3.12858 -3.36208 6.46693
4.69848 -4.23506 3.70103 2.86057 -9.31128
-1.02159 3.5631 4.54847 3.63026 12.8721
4.44534 -1.37942 -1.23169 1.20175 -7.61219
-3.36035 -2.03223 0.267884 1.13277 7.13244
-3.14534 3.5285 3.55931 -2.61992 -20.4234
-1.50466 4.2729 -2.27282 -0.95341 -4.26232
-3.2574 4.037 -0.91959 -3.73524 -9.71523
1.97032 -2.02431 -1.86926 2.95242 -9.50738
4.6691 0.736656 4.69319 -4.37087 -17.0738
3.06236 -1.39929 -4.18759 3.88467 -20.5525
3.83305 -0.326503 -3.73212 -1.09146 2.82194
-4.92817 -1.15473 -3.82301 -2.9859 17.1058
3.58601 -4.18521 3.18381 4.94784 0.744781
4.58024 4.44767 -2.50148 -0.305379 21.1353
-3.91131 0.435658 -1.06802 1.34631 -3.14188
-3.60501 4.5531 2.70594 -1.56713 -20.6545
1.36777 -1.71675 2.69404 1.70132 2.2353
0.838739 -3.67046 0.8029 2.92854 -0.727233
-1.28255 -2.05626 -4.93481 1.48961 -4.71367
2.60266 -1.72353 -3.19941 -0.845476 -1.78074
2.94325 1.68892 -2.30549 -0.91873 7.08904
1.16401 3.24709 -3.4397 1.28863 -0.652878
1.62759 3.69681 -2.30728 1.50591 2.54233
-3.2034 -2.68654 -3.15983 -0.805617 11.1517
-2.63183 2.34038 -1.69941 -1.95657 -2.83447
2.77423 4.06243 4.56829 -4.57281 -9.6198
-3.59364 -3.47737 0.577953 -3.17008 10.6643
4.7522 4.44905 4.24405 1.06835 25.6769
-3.43831 0.2278 3.04003 -3.46818 -11.3266
0.592741 -0.0746785 -1.91328 0.357764 -0.728767
1.31413 -1.81147 -4.57893 -0.192539 -1.49887
4.29126 -3.23022 -2.07584 -2.16955 -9.3581
-3.38586 0.418006 1.72721 -0.341968 -2.00596
1.83824 0.575822 0.816104 -4.77598 -2.8392
-3.27498 -0.529502 1.97813 -1.8119 -1.85007
-0.0373922 -0.148386 -0.539645 0.499425 -0.263964
2.02671 -4.92893 -4.55422 -1.08383 -5.05353
0.897828 2.44822 -0.465914 0.085181 2.1584
-0.351076 -3.48465 0.581472 3.84799 3.46088
3.00562 -4.16118 1.99703 3.36274 -5.79142
-4.51581 3.89264 2.60366 2.10159 -12.1066
-4.02839 4.25773 -3.20575 -2.97614 -7.61102
3.97432 2.34459 0.748584 -0.160136 9.1983
0.197246 2.64815 -3.99024 -1.41885 6.1839
4.46559 0.146358 -4.72007 -3.9535 19.3144
4.93217 3.37868 -0.943589 2.87182 13.9544
-2.20309 -3.73213 -3.26416 2.27558 0.794367
-0.318517 1.78372 -0.740478 -2.55991 1.32741
0.696276 -2.85192 -1.74187 -3.92518 4.85142
-3.90908 4.01963 0.0885012 -2.10305 -15.8992
1.10166 -2.69402 -1.04145 4.45176 -7.6042
-0.32943 2.74278 -4.28469 3.86313 -17.4558
0.404142 0.760347 3.36773 2.24391 7.86418
-1.11103 2.9497 -1.7886 -0.677883 -2.06474
1.09805 -3.2672 0.134737 0.226596 -3.55702
-1.83871 1.11869 0.901633 4.51029 2.00967
-0.0173586 4.41658 2.2394 -4.99904 -11.2715
-1.08086 1.1039 4.29954 -4.11942 -18.9048
0.869223 -4.40692 -1.83613 -4.35718 4.16976
1.43994 3.47679 -1.93267 3.48761 -1.73402
-1.56401 -1.19922 -0.147976 -2.10902 2.18767
-1.74584 2.74587 -0.864139 -1.13987 -3.80884
1.95787 -1.25664 2.22244 3.29731 4.86772
-1.68501 -1.9266 -2.27756 2.71259 -2.93175
-4.05671 -3.3717 -0.473875 2.13449 12.6666
-4.58055 -2.21817 -4.74495 -4.03464 29.3046
-0.00033696 -4.92699 -3.57603 3.95576 -14.1443
-1.29822 -3.89788 -3.68979 -0.140284 5.57792
-1.3982 2.32035 3.82539 2.0384 4.55335
-3.85802 -3.23652 -0.183472 4.42365 11.675
-4.73944 -3.88542 -1.02956 0.905686 17.4822
-1.01596 1.45949 0.202716 4.11718 -0.648165
-3.51994 1.02314 -3.32532 -3.96828 9.59439
-2.66531 -3.24252 1.67131 0.985606 10.2896
3.10386 -4.23551 -4.7331 4.48803 -34.3888
3.38559 0.792608 -0.888601 -2.59929 4.99318
-3.13783 -4.51276 -1.14289 -3.32327 17.9584
0.977906 -2.29931 1.5315 -2.25051 -5.69517
-2.3049 0.879538 -3.94481 -1.39741 3.48526
-0.252327 1.82551 2.00101 2.36534 4.27243
4.60265 0.364022 1.41041 2.17598 4.74449
1.88116 4.46669 3.4116 1.39718 13.1692
4.67018 -2.75712 -3.0776 3.45487 -23.5089
4.73347 -3.01818 -0.175526 1.68292 -14.5819
1.69216 -4.77038 2.97101 -0.748162 -10.295
1.90331 4.74057 1.2424 -4.99504 2.81694
1.67894 4.428 -4.11963 2.75392 -3.9108
-0.80327 2.62751 -1.78608 -1.41776 0.421625
0.149908 -1.62666 1.36081 0.283268 0.141625
4.5563 1.16328 -4.78559 4.1629 -14.6217
0.0894056 0.497728 0.544418 -4.31779 -2.30618
-3.33888 1.48906 -1.48609 -2.28609 -1.57445
3.5482 2.94539 4.23079 4.28729 28.5895
-2.79009 -4.99697 -1.4154 -0.695532 14.9265
-3.43551 1.95432 4.74107 -3.16624 -21.7255
-4.01213 -0.726341 0.905704 1.33337 4.12181
0.170462 1.87463 -0.814775 2.14406 -1.42737
-2.87524 2.93912 -2.23147 4.15244 -17.7167
0.733643 3.62797 -4.24741 2.57928 -8.29362
2.74973 1.0131 -4.4898 1.4499 -3.72398
4.80991 -2.67955 -4.03463 1.77765 -20.0605
-4.44268 0.843446 -1.9035 2.84987 -9.17189
1.65002 1.15529 -4.54181 4.24914 -17.3925
4.31096 -0.416806 4.80379 4.47387 19.6947
3.78711 -1.34555 -0.836769 -4.79969 -1.07954
3.48962 -4.45428 -0.430887 -4.81093 -13.4708
0.826659 3.77792 -0.51696 -3.41655 4.88927
-3.33164 -3.4627 1.28886 -0.997315 10.251
-1.1409 -3.50791 1.67576 -4.64461 -3.78107
-1.28284 -1.59303 0.357699 4.46531 3.64085
-0.47223 0.885365 4.75021 -1.6007 -8.02175
4.03357 2.97245 4.33497 4.02087 29.42
-1.58865 -2.40892 4.65527 0.718367 7.17114
-1.86688 3.08676 3.01317 -2.30534 -12.709
0.273467 -2.21477 -2.65518 2.69863 -7.77102
1.53857 -1.83067 3.16508 -0.63656 -4.83137
-4.74646 0.769452 2.60155 -4.45393 -15.2393
1.65297 -1.24897 -2.72027 1.88979 -7.20525
4.89126 -0.317041 -1.0656 -3.91871 2.62505
-1.54408 1.66027 -4.70587 -3.15714 12.2935
-1.51992 -0.902465 -0.72914 -1.48916 2.45748
-2.39539 3.8507 -3.91154 -1.71852 -2.50185
-4.73785 4.80116 -3.47981 0.559703 -24.6948
0.939466 3.47433 -0.764766 2.39895 1.42938
2.13969 2.25708 -4.98022 -2.34599 16.513
-0.747163 -1.27675 4.69923 -1.2192 -4.77534
-0.932425 -0.914185 -3.81862 -1.1301 5.16782
3.56427 2.87849 3.96077 3.46236 23.9733
-1.95392 4.16705 2.60047 -2.96763 -15.8593
1.51831 3.59684 1.34647 3.01443 9.51998
-3.64279 -0.681665 -3.16992 -4.86857 17.9161
1.79249 1.33109 -4.24111 -3.65707 17.896
-1.60807 1.02922 4.2687 -1.64788 -8.68936
-1.14501 -3.58079 0.208512 3.19517 4.76627
-3.05666 4.14795 4.1753 3.94968 3.81218
-0.389062 -0.101864 -3.30623 2.51954 -8.29055
3.97735 3.21628 4.35613 4.36839 31.8215
-0.0984365 3.89683 2.41278 -0.0350345 -0.468121
4.22503 2.58092 -3.35714 1.67511 5.28092
-1.64923 -0.475688 2.51726 -4.80922 -11.3215
3.89539 -1.32739 2.08729 -0.709673 -6.65197
-0.204773 3.25437 -4.16751 0.196815 -1.48664
-4.79725 3.54045 -1.77464 2.16426 -20.8252
-2.76131 1.3628 0.564537 -2.58941 -5.22494
-4.98527 -2.80364 2.28805 4.1917 23.5678
0.324481 0.286577 -2.60533 1.23086 -3.1138
3.18319 0.905847 -4.90106 -3.51882 20.1294
-3.5271 -3.45425 3.71824 3.05401 23.5391
-0.0977885 -4.27837 1.27171 3.62624 5.02988
-2.82236 -4.26007 3.47331 0.503303 13.7716
3.00934 -3.80594 -3.47366 0.537058 -13.3189
2.11439 1.48301 -2.03618 -2.17275 7.55975
3.10007 1.56779 1.06235 4.0088 9.11899
-2.76529 0.160966 -0.681659 3.14154 -2.58658
1.10935 -2.32703 -2.20261 -4.24123 6.76028
-4.87405 3.28907 4.61343 3.86643 1.80645
-3.08276 -0.311001 1.4013 1.96332 3.70993
1.69524 3.16206 2.27592 1.77069 9.3904
1.03698 3.36062 -2.58466 1.01688 0.856626
3.91261 -2.06583 -4.0825 -4.317 9.54138
3.22571 -4.98534 -0.0340213 3.47285 -16.1994
-1.94394 4.29981 1.75853 -4.49494 -16.263
-3.46367 2.76548 -3.15483 2.08754 -16.1645
1.36992 -1.8142 -4.76638 -3.68888 15.0973
-3.17632 -2.90468 1.08071 0.709931 9.99343
-1.30167 -3.14259 -3.41287 0.146819 3.58953
1.59642 0.133497 1.12921 -4.71992 -5.11668
0.425306 0.874233 2.55272 -4.88178 -12.09
0.574684 3.6122 2.53196 -0.427503 0.99345
2.61241 0.395866 4.43803 2.33474 11.3958
2.87703 4.58111 4.62522 1.67601 20.9319
2.86253 1.45814 -4.1513 0.499124 2.10195
-3.36933 2.39168 -4.85423 2.21807 -18.8254
3.0109 1.2929 -4.63894 0.045294 3.68267
3.34663 3.37442 -2.69386 3.57696 1.65712
3.08964 -2.41583 4.7993 3.14621 7.63556
2.7553 -1.70193 -2.10048 -4.32074 4.38629
-3.77845 -2.0117 3.42363 -3.95413 -5.93638
4.19123 -3.40351 3.81623 -4.96524 -33.2134
-4.4653 -1.42939 -2.04912 1.98901 2.30693
-0.69609 3.61821 -4.6466 -0.74729 0.95376
-0.321118 2.13313 -0.711454 -2.25658 0.920463
-2.50258 -3.72778 -2.62088 0.565099 7.84801
-4.91232 4.42655 -2.35093 -4.27929 -11.6843
-0.678917 3.76706 -2.57398 -3.30792 5.95698
-1.09319 1.59397 -1.69888 -4.43945 5.79961
-1.52025 2.42906 3.31254 1.01381 -0.334487
-3.31287 1.93496 0.576835 3.45028 -4.42006
0.107293 4.60218 -2.31576 0.549757 -0.779324
0.675917 1.68506 1.34229 1.76626 3.5098
-4.09648 -3.62644 4.85203 4.91596 38.7081
1.84734 1.55765 -4.84491 -2.26167 13.8351
0.488387 -4.62898 1.59738 -4.80186 -9.93112
2.89919 2.23983 2.28286 2.75654 12.7865
4.04151 -4.26958 -1.36186 4.9482 -23.9943
-2.12392 -4.68475 3.3921 3.08922 20.429
-4.1454 4.274 4.3609 2.51369 -6.75547
4.53219 -4.27826 -1.14305 -3.57421 -15.3044
-4.36629 -4.51672 1.09939 1.45825 21.3245
2.79694 2.27687 -0.380772 0.890416 6.02921
-4.97368 -3.85894 -0.201484 4.41242 18.3041
4.5185 0.136632 -4.16593 -3.41216 14.8322
-4.33491 4.69614 -3.57754 2.10482 -27.8874
0.772156 -2.28028 0.852123 3.46789 1.19433
-3.4754 -1.30627 -2.63535 2.33388 -1.61078
-0.408436 -4.98481 3.25374 1.6523 7.41214
-2.85627 -4.80871 0.255148 -2.87498 13.0014
2.01287 -3.81206 1.30332 -4.5185 -13.5622
3.41198 -4.82745 4.00485 -2.44728 -26.2722
-3.63437 -0.0495019 4.06423 -3.51335 -14.0991
-1.15019 -0.592058 -3.88771 1.21293 -4.03452
2.59319 4.57847 -3.91043 2.52175 2.01173
2.44958 4.55777 -1.50793 -3.81466 16.9169
2.16251 2.76914 2.0909 2.17169 10.5291
-1.39028 -0.896915 1.81943 2.03302 4.94591
1.38378 2.97319 4.04594 0.835606 7.49506
-2.67367 -3.95536 3.35403 2.25235 18.1298
-0.58955 1.5041 -3.4279 -3.75455 11.9835
2.25921 3.96717 -1.76835 4.80075 0.473267
-3.83922 4.78313 0.808582 -0.150201 -18.4849
-3.56564 -0.928877 -2.03752 1.73353 -0.220062
-4.72089 3.98278 2.1147 -3.81378 -26.8672
-1.77389 0.832409 3.21624 -1.25182 -5.50274
0.527231 -0.102697 4.60316 -0.292768 -1.4018
-0.346864 2.13992 4.45169 4.23244 18.0992
3.57543 -3.73021 2.56703 -3.35522 -21.95
0.263623 2.77082 -4.39922 0.41489 -1.09474
-2.42389 -3.39935 -1.97295 -4.28994 16.7035
2.26217 -4.35344 -1.62765 -2.99428 -4.97456
0.592646 -1.31054 4.7421 1.5288 6.47303
0.780701 2.20586 -1.09947 -4.99321 7.212
-0.492608 -4.02039 1.73935 -0.444839 1.20675
-1.63335 -4.07797 1.97751 2.80771 12.213
4.10089 1.95267 1.14052 -0.823952 7.06797
-2.1024 4.29952 0.160737 2.44018 -8.64708
-3.91457 -2.88051 1.98234 2.48778 16.2076
-2.1674 -0.0756479 -3.90593 2.08137 -7.96574
2.71003 2.02594 -0.190361 2.87757 4.94258
1.73612 -4.0198 -4.31306 2.02643 -15.7189
-3.27373 4.72982 4.9562 0.0297606 -15.3366
0.736072 3.79368 -0.244694 4.01294 1.81048
-0.872567 -0.19189 -3.63585 -0.252422 1.08521
4.44858 -4.13974 0.388563 4.74773 -16.5712
2.40943 1.16568 -0.966296 1.08857 1.75675
1.17608 1.18543 -1.00562 1.84391 -0.460115
-4.51094 -1.63773 -0.333793 -0.999536 7.72135
4.63627 -0.678099 -2.05223 -3.71146 4.47292
-0.804498 -4.82802 4.06719 -1.70528 -3.05155
-3.98636 0.925169 1.69405 0.438735 -2.94482
4.09054 3.74074 -3.36618 3.41722 3.79868
3.93975 -0.661697 3.41368 1.34269 1.9766
4.90096 -3.27983 4.80816 -3.61509 -33.4563
0.766314 3.80493 -3.47769 4.72797 -13.5267
-1.88456 1.2083 -0.491058 3.95129 -4.21743
-3.77805 4.02681 0.288293 1.24578 -14.8543
3.16133 1.12473 -2.70677 3.60319 -6.19738
0.108296 2.20692 3.39127 1.6728 5.91191
-2.86054 1.94091 4.90305 -4.79028 -29.039
2.94173 0.382988 -4.72948 2.62072 -11.268
3.96922 -0.307477 -3.07321 4.37893 -14.6778
-3.51588 2.78335 -2.32049 -4.99971 1.81587
-3.29514 -2.29262 -3.60764 0.641677 5.23955
-4.2391 4.56366 3.37132 3.51317 -7.50177
-1.89833 3.31338 1.03119 -2.12341 -8.47952
4.22693 3.91242 -1.25537 -1.24641 18.1022
-2.12564 -2.06614 1.98441 0.769042 5.91796
4.30018 0.955082 4.84676 1.16927 9.77418
-3.05211 2.27094 3.08378 1.55953 -2.12191
4.44658 4.04885 -3.37012 -1.22468 22.1308
-3.32219 2.64046 4.60623 3.85592 8.98917
1.10834 0.0806669 -2.69996 -1.72349 4.74275
2.71361 -1.15187 1.17272 -1.11092 -4.42852
-3.05938 4.56465 0.321398 3.73299 -12.7652
4.28387 1.63405 3.46103 2.89687 17.0262
0.878502 -1.35575 -0.547044 3.3305 -3.01296
-2.04906 3.15784 1.09183 -2.09987 -8.76331
-2.30143 -1.72308 -1.22088 -0.838694 4.98948
-2.82841 -3.00095 -2.73353 2.1148 2.70706
-4.77924 1.12924 0.274459 2.12874 -4.81267
-0.404053 2.69611 1.74318 4.46155 6.68791
2.10764 3.42613 4.59357 -3.34072 -8.1248
-1.07888 -1.72732 -0.441063 -3.42329 3.37346
0.711995 4.48717 3.23107 4.46679 17.6274
-1.2659 4.42906 1.98264 -1.56021 -8.70008
-3.1063 -2.16324 1.36529 -3.6765 1.70019
-0.950491 -4.40642 1.95192 1.30884 6.743
4.81576 -1.28931 3.98658 -1.0527 -10.4057
1.78361 -4.56049 -0.257889 -2.53514 -7.48034
-1.07188 -1.59617 1.38044 3.57035 6.63956
2.1458 -2.61984 -2.88397 3.92982 -16.9552
1.56717 3.46373 -0.491926 3.29324 3.80822
-4.09361 -0.956836 -1.95526 -4.68322 13.0738
-3.32538 0.245207 -4.73451 0.565971 -3.495
-1.43475 -2.37735 -0.706207 0.0777769 3.35598
-1.1737 -2.87409 -3.19422 1.66492 -1.9448
-4.76616 -3.02961 -4.2268 -2.73897 26.0167
-1.74629 3.20507 -4.47591 -0.133776 -4.99822
1.14853 0.409354 2.90669 -0.760809 -1.74128
-1.94983 4.29552 1.74156 -4.92289 -16.949
-1.50764 -1.19564 -2.86884 2.91557 -6.56171
-3.29047 0.319717 -0.0763157 2.46062 -1.2398
-4.4595 2.25243 1.68275 3.11201 -4.80798
-1.53697 4.44727 -3.09785 -4.11585 5.915
0.894112 -2.13031 -0.58744 4.20362 -4.3741
-2.77565 2.02495 -4.79169 3.43923 -22.1002
1.93111 -1.85806 1.97888 -4.54253 -12.5772
-4.27807 -3.82247 -0.493198 -0.0804854 16.3925
1.82883 -4.17443 4.36174 0.429205 -5.76226
-2.33181 -0.0250793 -0.462919 4.23212 -1.90065
2.21601 -4.4098 -4.54989 3.88457 -27.4465
-3.51636 0.123346 4.74863 2.75674 12.657
-4.61751 -1.97149 -3.83942 0.48361 7.24662
-2.24989 -0.0126899 0.977282 -2.13646 -2.05938
0.792494 -4.62545 1.01679 2.31867 -1.30804
2.93352 3.40974 1.75984 0.723166 11.2752
1.98699 1.17665 -2.65871 2.43777 -4.14331
0.0384991 -2.92923 -4.89273 -4.59768 22.3825
-4.55417 -4.50862 0.472295 -3.32133 18.9644
2.92813 -0.637748 -1.83307 0.28533 -2.39044
4.4712 1.87657 -1.1705 -1.66005 10.3336
0.905324 1.64595 -0.957571 -0.162598 1.64582
4.01165 -4.10384 -1.52774 4.35785 -23.1208
1.24955 0.708169 -0.763978 1.89201 -0.560565
-3.86448 4.86214 4.04152 0.341877 -17.4079
1.06936 -3.73811 -3.2697 1.81303 -9.92544
-0.625464 1.82163 -2.86845 -0.114505 -0.81091
1.47589 -3.00938 -0.138104 -0.269462 -4.40431
0.398247 -0.667754 1.60138 -3.17068 -5.34337
3.71164 3.06694 3.79379 -4.44411 -5.47662
3.30644 -3.11788 -1.52552 -4.39907 -3.5982
-3.40348 3.85038 4.33251 2.25771 -3.32315
-1.59839 -0.335991 2.19015 2.52253 6.06177
4.57289 3.70963 -0.309267 1.56191 16.4807
-0.744342 -2.7919 3.31443 1.39174 6.69095
-1.28867 1.99382 4.7877 4.54676 19.1992
2.8288 0.84138 3.54296 4.46539 18.2008
-4.64469 -1.23703 3.35072 -1.14077 1.92323
2.74967 1.89521 1.07344 -4.48597 0.395755
-3.79281 -4.97008 4.2919 -0.46486 16.8554
-4.84801 3.62325 -2.20762 2.46271 -23.0023
-0.484299 3.62334 -1.9782 4.19332 -10.05
3.87687 4.24886 -2.63228 -2.01318 21.7716
-3.14338 4.02265 4.14865 0.584449 -10.22
4.49604 -1.4759 0.535448 1.63121 -5.76226
-4.81298 -1.9619 0.595202 4.04516 11.8503
-3.4027 2.28835 1.19409 0.685033 -6.96858
0.771917 -1.58889 -2.73635 -1.39522 2.59131
2.06187 2.21637 -1.00982 4.70939 -0.185787
-2.56898 -1.99014 -0.929796 -0.33171 5.42105
1.79315 -4.58 1.01477 -2.4597 -10.7086
-3.60325 -3.53593 -4.94947 -3.19124 28.5358
-2.38661 2.06097 -3.01635 4.40371 -18.2019
2.7498 3.57999 0.420792 4.50061 11.7381
-4.50749 -0.191793 -2.27722 2.1568 -4.04701
-3.97669 -2.84785 -3.64653 2.7024 1.47064
-4.40226 1.22625 -1.57882 -0.352884 -4.84112
-4.67954 2.08433 0.625395 4.12998 -7.17085
-4.88964 -4.45223 2.43869 -3.32209 13.6683
1.33905 -3.22209 0.624343 3.72299 -1.99013
2.84835 2.27251 -2.84144 0.131535 6.09916
0.651661 -1.60592 3.89921 -3.48659 -14.6415
-4.38961 0.615258 4.15816 -1.56386 -9.20353
2.05167 -2.1697 1.88878 -4.64545 -13.2257
4.96226 -0.999677 -0.359314 2.82121 -5.97435
2.40638 -1.03017 -4.51827 -4.73808 18.9289
-3.4574 2.89139 -0.638617 2.45739 -11.566
1.72573 -1.81221 -3.17794 -1.02695 0.136216
2.01997 -1.24869 -2.72383 -0.624502 -0.821284
-1.15971 -2.00827 0.105954 -1.1632 2.20576
4.97731 -4.74911 1.11767 0.138606 -23.4829
-3.9242 -4.95078 1.85613 4.49655 27.774
3.97114 2.06063 -3.13028 3.33147 -2.24537
-0.605327 3.92066 2.69085 4.87148 10.7351
0.632444 1.37912 -2.5283 2.50127 -5.45174
3.45714 4.82727 1.6848 0.317082 17.2228
1.33881 4.63836 2.16755 1.59491 9.66691
0.632813 -0.869967 -1.17683 3.9163 -5.15935
2.65753 -1.05388 0.330137 1.05978 -2.45084
4.10216 3.62538 2.61549 -2.07722 9.43896
-0.538703 -3.95868 -1.92691 -1.292 4.62213
4.88785 1.22862 0.254508 4.28754 7.09652
-3.944 2.72217 1.3446 -1.79156 -13.1452
-4.57932 -4.69799 -4.42534 -0.0785591 21.8613
1.47194 -2.28306 3.18411 4.47596 10.8914
0.798673 -3.57892 -0.146282 -1.68077 -2.61252
2.80614 0.4183 -4.14634 -4.31588 19.0689
-3.37297 1.79886 1.3671 4.67623 0.325381
-3.28939 0.344657 -3.80088 3.95284 -16.158
-3.75116 -4.99134 -4.21445 -3.10906 31.8263
4.33714 -2.38157 3.41426 3.06936 0.150412
-1.87343 1.7586 0.420274 3.92406 -1.64545
-4.19189 -2.48271 0.552648 0.720774 10.8056
3.37252 -2.9537 1.34938 0.698378 -9.01903
1.41813 -0.386028 1.21874 1.35178 1.10003
-2.15435 -4.56282 -0.961877 -1.04916 10.8391
-3.70819 0.917099 1.71906 0.230578 -3.0044
-3.77171 0.458842 -0.268721 3.65674 -2.71326
1.77555 4.08388 -4.46773 -0.600224 9.93275
4.78236 -3.55957 -0.57684 -2.7541 -15.4344
4.31264 -1.89267 3.97632 -4.31778 -25.3313
-3.81868 4.12283 2.79428 2.51668 -8.71147
-1.53804 -0.920745 -3.13806 -0.540655 3.11275
-1.23594 -3.65999 -1.78457 3.66873 -2.02358
0.20328 -3.58998 -1.52762 3.83302 -6.58518
-4.06577 -4.97631 -4.0924 4.40841 2.19159
-1.88332 -2.14631 2.63816 2.36613 10.2844
1.68828 -2.56883 -3.63332 1.28386 -9.00155
-1.13728 -4.25529 -4.5466 -2.89005 17.9794
-3.47407 -4.25874 -0.0442378 -1.80517 14.875
-0.968271 1.58089 4.26241 1.97785 6.89969
3.48342 0.69224 -0.774173 0.453361 2.06038
-2.35874 4.38782 -1.67934 0.357672 -10.9504
-0.807432 -2.11204 1.21068 -3.958 -3.08652
-3.51852 -1.94156 3.74392 -1.17892 2.41761
3.38773 4.88939 4.89546 -3.96252 -2.83442
1.96293 -3.827 -4.80927 2.54081 -19.7316
-1.68017 4.85767 -4.39739 -1.45314 -1.77169
4.7249 -1.5047 4.80701 1.78841 1.48734
-4.32021 -2.46871 0.887988 3.51019 13.7823
2.75535 -3.59537 4.9018 3.31616 6.34864
-1.90375 2.16815 -4.63786 0.699498 -7.37178
-1.87599 -3.60544 3.93938 -1.57498 0.559351
-4.05626 2.98639 -2.60615 4.22204 -23.1169
1.01444 -0.513315 0.92911 1.12302 0.522685
-4.3929 4.59665 -0.130083 -1.91852 -19.9431
4.21171 -4.85797 2.91964 1.93281 -14.8172
-3.35021 1.33559 2.91774 3.12859 4.65389
-1.33566 2.03922 -4.07214 -4.29288 14.7575
-4.14641 -3.07485 -2.34222 -1.65641 16.6293
-0.656326 1.0791 -3.5247 -1.19816 3.51491
3.80062 -0.599674 2.83103 -1.0952 -5.37968
3.10926 3.08772 -0.641633 -1.44222 10.5259
1.06622 2.51105 3.00333 -1.75172 -2.58366
-0.784875 -1.59028 -2.51836 -1.81006 5.80655
-4.99803 -4.56644 1.21929 -4.87718 16.8765
-1.97137 1.67394 -4.52511 2.39606 -14.1424
0.818801 2.19698 2.03274 -1.19007 -0.620211
-0.782751 -1.70042 -2.67788 -0.25196 2.00573
4.02943 -4.23224 -0.253767 -1.35029 -16.7109
3.23417 1.75373 4.58079 1.29309 11.5952
4.02909 -2.93115 2.43149 0.573816 -10.4146
-4.87073 -4.66406 -2.30936 3.73457 14.0929
1.23997 -3.06116 4.7875 -4.7344 -26.4617
-1.77797 -4.71184 1.59924 3.80928 14.4695
-1.56619 -3.86483 -4.03113 -4.40742 23.8199
4.39456 2.94864 4.3663 -3.8598 -3.89509
-2.36784 -3.67804 2.4981 4.19714 19.1939
-2.91971 -0.464786 3.54059 2.59794 10.5553
-0.572748 2.63432 4.26993 3.95265 15.3687
0.492074 -4.41375 3.45529 -3.2359 -13.3529
-4.00907 1.68658 -3.34963 0.645066 -8.92237
3.4738 2.39129 -4.05123 -1.44914 14.1777
-1.38953 -2.39749 -4.42854 3.50401 -12.1862
-3.6122 2.67777 1.17792 -4.5184 -14.995
-2.10142 2.64202 3.07387 -4.34648 -18.9125
-2.60703 3.58773 0.874271 -3.70464 -12.5922
0.676854 -2.92985 1.57082 -4.48797 -9.03286
3.07581 3.19672 2.24585 -3.75343 1.40287
3.15037 3.68643 -2.60322 0.262499 10.9303
1.95322 -2.03365 -1.93373 3.58704 -10.9085
0.182335 0.800284 -4.52237 -2.17534 9.98359
3.24488 2.43017 -1.2781 -2.59156 11.1979
-4.80473 -3.94852 1.17353 2.51328 21.921
4.62953 -3.80476 2.66388 -2.39618 -23.9974
4.6644 0.832831 -1.04718 -3.34173 7.38405
-4.72251 3.21905 -1.44019 -2.00885 -12.3089
2.16996 0.552105 1.41208 3.41276 6.01714
-0.333303 1.88876 3.0894 4.25395 12.5126
1.90135 -4.85739 -1.91271 4.95887 -18.7205
0.190022 -1.36279 1.89693 -4.48771 -8.77184
3.5121 -3.47221 3.36726 -1.22397 -16.3162
-2.05818 2.55318 -4.26172 -3.53847 9.82504
-4.93584 3.57795 -3.32063 -0.736017 -15.2161
2.48328 -0.0717374 -0.758377 -0.26985 0.0265037
-2.6256 -3.30877 -4.67714 3.4935 -7.65206
-0.661729 -0.220776 3.62594 -2.03777 -7.24274
1.09705 2.67417 -3.98401 3.3857 -10.555
-3.36974 -2.75189 0.697536 2.42066 10.9616
3.46794 -1.74168 4.14647 -0.400839 -7.70212
4.55324 -1.40351 0.092986 -0.830212 -6.46773
-4.57263 -1.85171 1.9675 -2.11947 4.29713
-4.66302 -3.15605 1.6203 0.263637 15.1439
1.45787 -4.01182 1.01401 -0.349554 -6.20316
2.16501 3.3283 1.66781 4.76713 15.1565
1.08006 2.8732 -4.4822 -1.17244 8.35835
-2.29006 -4.67002 1.92694 0.258018 11.1918
1.53158 -3.38753 3.15145 -4.77466 -20.2354
-0.252763 -0.617248 2.55185 -2.11245 -5.23465
-3.27617 2.59252 4.50465 -1.59602 -15.683
-2.3069 -2.05541 -1.4136 -0.0910947 4.87039
0.0172369 3.13671 -4.08219 3.83525 -15.6022
-1.55929 -2.11625 -2.36363 -3.69288 12.0284
1.1824 -3.60391 -1.3809 4.30901 -10.2116
-3.97262 -4.59544 3.12508 -0.753643 15.9007
0.237942 0.173661 -4.11581 1.61511 -6.60616
3.50837 -0.712519 1.66303 -2.66868 -6.93788
-0.706953 -0.13792 0.249888 4.5699 1.23947
2.38591 -0.159467 -0.86155 3.40255 -3.31194
0.591711 -4.60934 2.10113 -1.61279 -6.11608
4.09028 -3.38368 0.730149 0.383071 -13.5605
-4.45897 4.46379 3.83115 -4.24361 -36.1618
1.47505 3.75397 -1.73445 -1.26687 7.73463
-1.72725 2.46846 -1.26551 -0.287402 -3.89992
4.84332 -4.35105 2.7083 4.57422 -8.68518
1.52154 -1.96517 -3.59944 -3.94268 11.2014
-3.31811 -4.46559 4.15174 1.30291 20.2267
-1.22864 0.432904 4.82344 -2.47456 -12.4678
1.61003 4.51461 -4.29769 2.34407 -2.80541
4.92573 -2.88247 3.63671 1.89897 -7.29227
3.4857 -3.66222 4.03155 0.757125 -9.71304
2.97029 2.05177 2.71162 1.75175 10.8444
4.98427 -3.06152 -2.25094 -0.145294 -14.9324
2.91511 -1.96891 1.4873 0.56271 -4.90267
3.30927 -2.70399 1.37979 -4.05527 -14.5437
1.48139 0.630345 1.10443 0.497088 1.48279
-3.17749 4.9026 0.445531 -4.73942 -17.6895
0.123875 2.15758 3.82711 -3.39903 -12.7412
2.64449 -0.931231 1.6214 -0.874424 -3.88042
-1.24019 1.12066 3.59885 -2.34237 -9.81965
-0.63007 3.18971 0.509886 2.10233 -0.937796
-2.9457 3.23552 4.49916 -3.79188 -26.5912
-0.633067 -1.79095 -0.800391 1.05297 0.291003
-2.56871 -2.08694 -2.75643 -4.50128 17.7682
-0.895112 4.72403 -0.275658 2.65655 -4.96084
3.22515 -0.717805 -4.44393 1.42832 -8.66238
4.40128 3.73211 2.79032 0.746783 18.5098
-3.34039 -3.09577 -2.24157 0.186027 9.92409
-3.95242 -3.91765 -1.65511 1.25083 13.414
2.32788 -4.36419 0.730797 4.02412 -7.21851
2.67948 3.07647 -0.392466 -4.44055 9.98609
-3.71444 -0.916 -2.6919 -4.62064 15.8408
2.40016 -1.05248 -1.63334 0.533823 -3.39803
-3.63892 4.56026 3.58983 -2.41077 -25.2487
-2.484 -3.9548 2.37785 -0.917147 7.64289
-2.78703 2.61176 2.98636 1.76087 -2.02045
1.06378 -0.834418 -1.75802 2.10643 -4.59077
-0.274384 -0.142993 -2.51919 3.91713 -9.82876
2.33531 -0.400088 -1.71774 4.4625 -8.59973
2.74006 2.91405 -0.461635 4.53224 5.89243
1.2356 -0.507388 -3.71128 -3.88273 13.783
-3.50847 4.68878 -0.3783 4.04665 -17.9813
4.67195 -2.93608 -3.61996 3.29629 -25.6496
-0.488796 2.22026 3.1838 1.25984 2.92582
4.2737 0.585389 -3.92433 2.79741 -8.47619
-2.81109 2.26593 -4.73525 -4.49741 14.9267
-3.16697 4.26306 -4.39582 4.15687 -31.7738
2.74441 -0.518552 1.14732 -4.52083 -6.60995
1.7507 -1.87191 -2.81529 3.31107 -12.5988
1.2167 -0.378726 3.03888 -1.41782 -4.76938
-4.11007 2.53834 -1.10629 0.213457 -10.6689
-3.1143 -3.10761 -4.89492 0.624652 6.6204
-1.46462 -3.98224 2.16969 4.91556 16.4977
-0.081978 -2.86208 -4.44745 4.38584 -19.2712
-2.48205 -4.32125 0.315379 -4.87865 9.18691
4.40573 3.04916 2.23061 0.393731 14.312
-4.52131 -4.94383 -4.89392 2.82184 8.54274
1.05832 3.20109 -4.60857 1.98312 -5.75157
-3.26588 -0.0458701 -1.49064 -2.38318 3.70225
4.85267 -2.55631 3.91232 1.38373 -6.99137
-2.42407 0.918273 -3.56266 0.928926 -5.53541
-0.60761 1.30724 0.569134 -3.66239 -2.87869
-3.8297 4.53035 1.71536 -0.556497 -18.3044
-0.439312 3.15172 -1.24894 2.88779 -4.99127
3.3858 1.16481 -0.44116 3.03712 2.60395
-0.795672 -1.48623 1.12815 0.828699 2.11744
-3.73019 -4.86336 -0.490843 -2.92345 19.5762
-4.41654 -2.54905 4.65069 4.34772 31.4779
3.96476 -2.62261 -0.923698 2.97058 -13.1419
-3.66041 -0.941135 -1.6266 4.24274 -3.45631
-1.80513 4.68982 -0.41408 -4.89462 -6.43896
-0.634771 -3.93187 -2.68917 3.89426 -7.9765
-1.99745 -3.32939 0.64945 1.70117 7.75512
0.550306 2.01452 2.74916 4.175 12.5863
1.70969 -3.06443 -4.79079 -2.99536 9.11093
-0.251568 2.37997 -1.21376 0.630021 -1.36342
-0.378417 0.914916 2.21608 0.812431 1.4542
3.87685 2.0197 4.52435 -1.31152 1.89633
0.346005 1.06193 -0.395834 -1.29641 0.880596
-1.03512 -4.81852 -2.81161 -1.58464 9.44312
-0.563477 3.6929 -3.54029 0.738644 -4.69588
-0.605131 -0.527623 -1.05466 2.02762 -1.81918
0.17641 2.27948 -3.36128 -4.23931 14.6516
-3.44517 0.409934 -3.72158 -0.452492 0.271691
2.05772 -1.75803 3.45546 -0.74865 -6.20448
1.81791 2.21564 2.49833 -4.8107 -7.9909
4.54179 4.58033 1.91724 1.53485 23.7456
1.65795 0.736858 -3.34273 -4.75972 17.1321
1.83135 -2.11839 -2.62373 1.72353 -8.40159
-4.7876 -4.50292 -0.972253 0.512015 21.0604
3.87667 4.87686 1.64961 -2.71603 14.4256
-1.67723 1.82578 -2.41251 4.84997 -14.7629
4.11013 -0.680109 1.2593 3.09435 1.10138
4.97054 -4.27017 3.72083 2.32475 -12.5751
-0.551083 0.0462439 -0.915745 -0.305171 0.253974
-3.79939 4.93179 -1.99658 -2.64786 -13.4511
2.15592 -3.85627 -0.169431 0.477866 -8.39478
1.23217 2.71178 0.334803 -1.81126 2.73496
4.22926 -2.8813 0.937675 1.83602 -10.4642
-4.23725 -2.97706 -3.44691 0.318353 11.5172
0.884924 -4.97785 2.1719 -1.44334 -7.53982
-4.77809 -2.84386 1.19312 3.29325 17.5175
4.82644 3.91531 3.44678 3.12821 29.6793
3.61216 -4.80111 2.07042 -4.59425 -26.8544
-4.82332 -2.41687 3.17255 4.99114 27.492
-4.99689 4.04061 3.79221 3.78904 -5.82165
0.670143 4.60785 1.67661 -0.56398 2.14234
-0.0442834 -1.79372 1.85246 4.63944 8.6738
0.565745 -1.50215 -2.34795 -0.217388 -0.339414
2.35925 -1.54973 3.90285 -1.7868 -10.6298
3.71191 -2.35011 2.98177 -2.84352 -17.2021
3.8585 -0.254313 0.416655 -3.79721 -2.56339
3.87547 0.763726 0.0133694 -2.79673 2.92241
3.24915 3.95575 -0.92896 3.12457 9.95023
1.8896 4.4828 -0.830985 4.77773 4.50051
1.77529 -1.19689 -1.60766 1.54779 -4.61316
4.54453 2.4503 2.04729 -3.72144 3.51657
-3.44544 1.9241 0.477482 -0.198816 -6.72431
3.48078 2.42501 2.73119 -4.30659 -3.32119
0.43173 4.47616 1.96927 1.88928 5.65299
3.41545 4.8372 4.04281 4.73211 35.6522
-3.72027 0.874924 1.66369 2.22697 0.45004
-1.59962 -1.68961 4.66256 -0.913077 -1.55453
1.6797 -1.99124 -3.02185 0.91936 -6.12285
4.78118 0.718477 1.65891 -2.22577 -0.257183
3.60687 3.52844 -1.62527 -0.491221 13.525
-0.946844 -1.26204 -0.438073 2.49304 0.10282
3.67964 4.64963 1.2044 4.66957 22.733
-4.96525 -2.93116 0.999478 1.69362 16.2467
3.92055 -1.48214 -3.95636 -2.76206 5.11688
-0.486825 2.95954 0.64971 4.7645 1.65477
-4.6657 -3.53112 4.894 0.453168 18.693
-4.26231 -3.34098 0.846167 -4.01624 10.8419
0.118391 -4.20727 2.58861 -2.21944 -6.24336
3.29258 1.4103 -0.971105 -1.28446 5.89086
-2.74231 1.7316 0.613158 -4.69407 -7.6268
-2.7979 -3.11545 -1.44372 -0.37673 9.26059
-3.34841 3.65168 1.99751 2.55117 -7.13135
3.41877 1.58873 -0.613491 3.98205 2.98855
4.02975 0.404252 2.14396 3.24614 8.58862
-1.52996 2.31349 -4.88957 2.53459 -15.9326
2.04488 3.90785 3.02754 0.600649 9.80955
1.77682 4.1319 -0.441639 4.83037 5.20836
4.87318 0.0242251 -3.23955 3.22212 -10.3202
3.03523 1.91251 -0.0356212 -0.0359319 5.80618
-4.65311 2.9249 3.95711 -1.34299 -18.9242
4.59982 1.75327 -2.14189 3.18619 1.24027
-4.71508 -2.8466 1.1573 -4.81475 7.84984
0.410058 -0.392384 3.48428 -3.77446 -13.3122
3.25977 3.30031 -3.16288 -3.23398 20.9869
-3.85267 -3.82797 1.09139 1.00037 15.8397
-4.1919 -4.35171 3.72308 -3.7195 4.39392
2.9589 -2.67135 -3.85994 -3.89849 7.14365
4.50844 -2.72381 -0.745264 -0.163266 -12.1585
-0.238085 -4.44249 2.36769 -1.318 -2.06294
-3.92551 -4.1839 4.69358 0.735092 19.8741
2.97899 -4.18788 -1.49702 -4.81839 -5.26243
-2.26997 -0.516882 -4.3036 -2.67435 12.6826
2.45394 0.527746 -1.07224 -0.976921 2.34255
-1.25526 -3.89374 0.635391 -0.79895 4.38002
4.04098 -3.04453 -1.6405 3.92997 -18.75
-3.18594 4.36809 3.13377 -4.1302 -26.8595
-3.74638 2.19107 4.03846 4.20463 8.77163
2.40871 3.21028 3.47538 1.75877 13.845
4.41642 -0.233223 1.5746 4.40275 5.90257
3.4809 -1.60422 2.9959 0.873361 -2.96761
1.46768 -4.57766 -1.66 -0.188782 -6.40514
-4.86601 1.52964 3.57225 -0.804047 -10.3155
2.14252 0.366751 -3.64144 2.30026 -7.59051
-0.540367 -2.84543 -1.78419 -0.550223 2.51928
4.45795 -3.95346 2.14415 0.768774 -15.976
-4.23102 -0.999711 -2.4221 1.60866 0.333472
-2.69264 4.14731 -1.49218 1.72366 -13.7392
0.199735 3.89918 2.721 4.51667 13.0686
-3.27474 0.203932 -4.10403 2.36922 -10.3912
-1.84453 1.00039 -1.19067 -1.75131 0.239987
3.67256 1.34471 -2.78944 1.81285 -0.118317
0.874418 3.95577 -3.35937 -0.744806 5.96107
-4.8462 -2.16203 2.57284 2.39409 16.6373
4.35655 1.77048 2.35553 -0.212316 7.21307
4.10902 -4.45659 -2.43457 2.30708 -23.929
3.16386 2.96201 0.0864692 -4.89493 8.94814
-2.43005 -1.27945 3.79148 4.22591 19.1316
3.97794 -3.93601 3.90766 1.87547 -8.3285
-4.32984 3.69388 0.537531 -0.493943 -16.2594
1.95135 0.546476 4.92253 2.1186 11.4953
-0.996161 -3.07147 3.56632 4.85911 20.3888
3.48118 -3.48266 -0.589133 -2.48387 -10.6604
3.41547 -1.01211 0.0104853 4.09329 -3.41391
-3.22092 4.78476 1.1624 -2.4265 -18.2319
4.69073 4.28246 -0.310229 -2.99437 21.0168
-1.39593 1.59167 3.76337 3.21741 9.88645
1.25875 -1.32909 2.77873 -2.4805 -8.56563
-4.7542 -3.50377 1.85371 3.11963 22.4405
2.19262 3.85748 -2.79771 -2.72051 16.0692
0.849421 -4.47523 -1.15548 3.46973 -7.81057
-3.17638 2.33107 1.1536 3.70619 -3.12888
2.40416 -0.753628 4.86504 -2.01852 -11.632
4.14752 2.98825 0.770244 2.26607 14.1392
-0.501934 0.290538 0.988783 2.10537 1.93592
-3.68779 -4.48479 -4.39882 2.99552 3.36224
3.70541 3.95191 0.10762 1.16515 14.7688
0.0596125 -3.79496 1.85126 2.43437 4.28042
1.10292 0.0285783 1.0499 -3.49725 -3.64024
-0.49105 -3.67062 -3.25138 -2.94875 11.39
-1.93424 4.56668 -0.432452 -2.98575 -7.54186
-0.377222 0.831006 -4.05339 4.99755 -20.5705
4.99271 -3.86803 1.54818 -4.28659 -25.9484
-1.24127 4.10074 0.175362 -0.678333 -5.20907
4.02289 -2.35092 4.16052 -0.564926 -11.8079
-3.76828 -2.73378 4.51812 3.53001 26.2507
-2.22201 -1.17422 2.2089 1.0461 4.91984
-4.90601 1.33176 -0.873825 0.523172 -6.99081
-0.497031 1.15368 0.848274 -2.99889 -3.1173
-2.62141 3.03405 0.957103 -1.25393 -9.15364
-4.03004 4.39726 2.35776 -0.113531 -17.9888
-2.4658 3.71222 4.84502 -2.94308 -23.4129
2.35088 0.45297 -0.521838 4.58096 -1.32564
2.47584 -4.22234 -4.21982 0.526612 -12.676
-2.628 -0.401702 -0.276894 3.76716 0.01257
0.0560019 0.509237 -0.85882 2.02629 -1.7117
-0.27733 -1.38486 4.1276 -0.750938 -2.71551
3.70894 -2.37891 -2.51623 0.135069 -9.16312
4.33844 -4.42297 -2.12897 2.59739 -24.7185
-4.17692 0.887417 -2.85703 3.38977 -13.3914
2.91494 -4.76546 1.01448 3.39896 -10.4428
0.047663 -1.40279 0.0547166 2.54433 0.0723557
2.13866 -3.62975 3.54148 2.16975 -0.078669
-2.82372 -2.88135 -4.06577 -1.19901 13.011
-3.60749 -1.63805 1.7765 -0.942126 4.23555
-4.22849 -0.225833 -3.06715 3.52449 -9.85519
1.97315 -1.97646 -4.6935 -3.84065 14.1262
1.38737 1.04609 3.08395 -2.00839 -4.74247
-2.13363 1.41404 -1.06069 -3.85913 1.07629
-1.21027 2.49978 -3.24564 3.79826 -15.3532
-3.28537 1.72141 0.0331544 4.81248 -5.49593
-4.00095 0.201221 1.63907 -3.80304 -7.03852
-4.73036 1.50741 -4.49263 -4.86918 14.7448
-4.68115 3.781 -3.47822 -4.06917 -3.54593
-3.76025 -2.59255 -1.84998 3.88291 2.56533
2.15534 -1.0384 1.19337 0.0375191 -2.19333
0.347671 -2.77539 -2.75192 -0.929261 1.59233
4.41343 0.699837 -4.52223 4.44459 -17.0107
1.0519 -0.294597 2.65875 -4.7619 -12.9706
-4.62201 -4.12707 -4.96313 -0.768469 22.8894
-4.28285 4.16195 1.96189 -3.66461 -25.0146
1.1377 4.33018 2.72238 4.1838 16.3163
-0.97622 1.94802 2.89525 4.48374 11.0798
-4.7725 -0.59046 1.73014 1.04267 4.62193
2.29424 -1.80967 3.40037 3.43831 7.53968
-4.71494 4.49064 0.877969 1.05114 -20.2502
2.13809 0.857142 2.13259 -1.3625 -1.07301
2.59164 0.232533 0.747882 -2.41865 -1.20622
-1.62193 1.74491 -1.15415 1.37445 -4.41644
-2.23365 -1.83311 1.40956 2.95498 8.25978
-3.10634 -2.12434 -4.7232 -1.49009 13.6369
-4.8201 -0.94817 0.147713 0.740249 4.67962
-2.34615 0.886349 0.107363 -0.278152 -2.10938
3.82195 3.14517 -2.03208 -1.00468 14.0623
2.69614 -0.570039 -3.04967 3.23336 -11.3976
3.04779 3.56517 4.30125 -0.388817 9.19346
-4.36606 4.89693 -2.7675 -4.05468 -10.159
-0.12155 1.8138 -1.25015 -1.6192 1.80377
2.24888 -2.64032 -4.41005 -0.11889 -5.41343
-2.38599 3.16943 -1.39969 -4.24304 -1.62325
0.985474 1.43134 3.84674 -3.8476 -13.3902
-4.01249 0.962474 0.268078 1.49453 -3.46126
4.98937 2.61335 -4.41069 -3.10484 26.7334
2.68384 -2.79581 3.0896 3.30771 2.71598
-3.82409 -1.30509 -1.33114 0.159364 4.77866
-0.389063 4.69015 3.41942 2.211 5.73558
0.675267 -1.56161 2.17391 3.68344 6.95297
4.91534 4.56448 -2.96395 -4.6269 36.1499
2.32179 0.892944 0.814059 -3.9108 -1.1104
3.44771 4.61028 -0.0212206 3.29887 15.8249
-2.2814 3.6507 2.45808 3.74855 0.885534
2.3663 0.550586 -0.0459921 4.42317 1.09942
1.76967 -1.18996 -1.58674 2.42274 -5.95009
3.30501 2.33372 2.87485 -3.25461 -1.64355
-2.8678 1.42053 -1.26799 3.19309 -8.12261
0.542929 2.67434 -2.98018 1.2575 -2.29559
3.14342 -4.35656 2.37381 -0.716045 -15.3942
-1.57135 -3.06302 1.78725 0.976888 6.55902
-0.246723 0.186743 -1.1783 -4.73264 5.53042
2.61882 1.5794 2.4274 4.67963 15.4955
3.46215 1.68382 2.04852 -3.35277 -1.03858
0.652961 -1.49541 -1.37076 2.39257 -4.2561
3.5022 4.44904 3.19381 1.9825 21.9132
-0.398194 0.936626 0.544327 -4.91103 -3.04616
1.67109 -4.61157 4.83692 1.1449 -2.16853
-3.41403 2.61335 4.72641 1.90325 0.0734497
-3.08182 0.513512 2.29572 -2.45856 -7.22671
-1.26443 4.84022 -2.64131 -3.49691 3.11633
1.19576 -1.58927 4.93809 -4.50777 -24.1602
3.68936 0.504634 1.28156 -0.0343951 1.8177
-1.1116 3.06429 -2.07792 -2.73978 2.2868
-3.82442 3.67522 2.8839 0.786007 -11.7888
-4.71834 2.17741 1.74956 0.841528 -8.80147
1.90696 4.78372 2.6997 -2.84954 1.42946
4.79848 -2.87817 0.265217 -0.160912 -13.8535
1.03696 -2.73005 3.22891 -2.59523 -11.2107
2.72278 3.84817 -2.70067 2.09093 4.83081
-1.15004 0.119672 -0.0393172 4.85476 -0.328503
-4.63251 -3.83092 4.14497 -3.73482 2.26608
-1.86329 1.11114 -4.81735 -4.68717 20.5094
4.90002 -0.768483 3.44335 2.47449 4.75495
0.585111 -0.539675 1.48408 -4.99968 -7.73569
-1.44897 -4.82043 -2.10476 2.53276 1.6538
-1.3781 -4.81477 2.61889 -0.975387 4.08082
1.68842 1.93778 -2.0127 0.690735 1.88153
2.00108 3.65127 -3.19485 3.51689 -3.92945
-4.11697 3.00152 4.82035 4.17026 7.74491
1.95924 4.98649 -2.42149 -0.381646 10.6939
0.0688342 -4.30934 -1.64022 -0.240181 0.097319
4.92823 4.74998 -1.34889 -2.31637 26.5335
-4.09596 2.17814 3.40215 -2.25172 -16.5823
-3.42676 -1.11603 1.25758 3.05153 7.6619
4.99883 1.37846 -0.452751 2.20666 5.89163
-2.5385 -1.14702 2.03099 3.60721 10.2379
1.46752 -4.31494 1.82839 -2.64541 -11.1691
2.81497 1.53769 4.84586 -2.25838 -6.61525
-2.09103 -0.810146 -3.66594 -1.89226 8.63094
-4.92628 -3.52225 -4.96953 -3.54201 34.9537
-0.869566 -0.857761 0.0369466 2.28139 0.83017
4.78012 3.10782 3.59524 -0.551407 12.8733
4.89229 -2.46898 -1.47235 1.74849 -14.6533
3.09889 -1.89129 3.64795 0.356055 -4.56203
2.76786 2.20138 0.290717 3.61377 7.14371
2.62806 0.970238 4.97544 -2.34711 -9.12808
-1.45202 4.20076 -0.492752 -3.0823 -4.58076
4.16075 1.719 2.96828 3.76244 18.3203
1.3286 -1.30332 3.09094 -4.2778 -14.954
-2.23318 3.87388 3.46302 3.75118 4.33936
-4.39425 -4.21046 -2.36252 3.82126 9.47398
-1.15485 -4.67516 -1.20587 0.625597 4.64472
1.49817 -1.2674 -4.90201 -1.00546 3.03
-4.47079 0.586172 4.79333 1.49258 4.5338
1.07127 -0.276682 -3.41708 -0.263058 0.602492
1.1825 -3.18542 1.91948 0.643279 -2.53198
3.16878 -1.50973 2.5149 2.39441 1.23768
2.5441 -3.47848 3.16977 -0.15895 -9.35343
0.479911 2.79014 -4.43759 4.33368 -17.8921
2.77697 4.84481 4.16791 -0.0329488 13.3166
2.99858 1.53342 3.41889 -1.26876 0.260325
-1.95146 1.11214 -3.09584 -3.68272 9.2308
2.72469 -0.789548 -0.379077 3.03675 -3.30244
4.05736 4.70221 4.654 2.94897 32.803
-3.35266 0.150083 -1.2459 3.24425 -4.54518
-0.882671 -2.97937 -0.0250039 2.8963 2.55738
-1.22318 2.28418 1.52153 -3.34373 -7.88155
-0.177688 1.17633 -4.50932 4.87228 -22.1797
0.256565 4.17528 3.40828 2.69042 10.2409
3.88584 1.64255 -1.82015 -2.59203 11.1005
3.82278 -0.0676608 3.14453 -4.70147 -15.0426
4.00846 -0.333954 1.25362 -1.62548 -3.37638
1.9745 3.49721 2.27635 2.5331 12.6715
0.524878 -3.92168 2.30473 1.20608 0.721296
3.21086 -1.8392 0.716438 0.643839 -5.44415
-2.41078 -4.62299 -0.543543 1.32067 10.4272
0.426387 -2.84982 -2.02782 -4.96369 8.85033
-3.79903 0.788587 -4.62651 -1.22001 2.64855
-0.107155 -2.65622 -3.50508 -3.45771 12.4042
-2.76383 -0.102146 -1.13819 -0.518957 0.872983
1.62944 -3.42363 -1.28105 -2.68195 -2.14288
-1.61511 -3.07932 3.53839 -3.23022 -6.45635
-1.86108 3.55525 -2.14281 -4.77988 3.62579
4.6489 -1.20778 3.95093 3.70249 9.01341
1.74349 -1.03146 0.814819 4.13777 1.57319
-3.30028 -4.72439 -0.891808 -3.40278 18.6265
3.15397 -0.560704 2.5981 4.92333 11.0229
-0.940632 3.44064 1.40625 -1.69106 -5.61443
-3.77798 -3.42139 -0.630218 3.40994 10.7769
4.04823 -1.18139 4.05335 2.35621 4.76801
2.31313 2.03745 -0.576209 1.95109 3.58867
0.914679 -4.06686 -3.58163 -4.77979 13.3996
0.0431967 -3.46044 -2.24741 -0.392348 0.732288
-3.04685 -0.124115 4.17827 -1.25903 -4.88239
4.81594 4.66986 -0.332482 4.91617 20.8552
-0.997817 -3.28571 0.198827 -4.28357 2.42685
-0.957684 4.94528 -3.52176 -4.57665 11.3819
-2.92532 2.91794 -2.89617 -3.61701 1.93959
-1.9675 -3.94922 1.18533 -0.807933 6.81241
1.25696 -0.883485 1.83298 -3.01931 -6.64484
-4.50642 3.44803 4.09272 -0.330724 -16.8918
-2.48182 0.671473 1.14708 1.33613 -0.133826
3.81069 3.67757 -4.87888 4.73631 -9.09382
3.72527 -3.44816 -2.26196 3.49419 -20.749
-2.67074 0.379457 2.32134 -2.61996 -7.09526
-2.47758 0.199777 -3.54519 -1.32322 4.19611
-0.662347 1.05886 0.369693 2.7661 0.321272
3.53008 1.52158 -1.72745 2.22893 1.52094
-2.21413 4.00915 -2.82764 4.21123 -20.7846
3.92002 -1.78435 2.9823 -2.1412 -13.3804
1.90631 -0.835467 0.518429 2.67087 -0.208
-3.84966 0.024637 -3.12889 3.25598 -10.2825
0.160862 2.53592 4.01898 -1.0836 -3.94703
-3.7261 -3.69515 -2.54882 -1.12648 16.6397
2.40029 -1.05963 2.8737 0.0992628 -2.25818
3.00631 -4.90328 -0.789553 1.52799 -15.9472
-3.67931 -4.01417 -0.916435 4.68754 10.4735
4.37573 -4.55241 -4.25123 -4.25338 -1.83803
-0.926011 0.148008 3.09374 -0.128879 -0.535774
-4.26687 -1.53474 3.19203 2.46922 14.4304
-4.13861 0.530537 1.11053 3.03449 1.1742
1.31067 0.511652 -1.06773 -4.47991 5.45395
2.38867 -2.65234 -4.25822 -1.01855 -1.99834
4.97154 0.615482 -0.943237 -0.81351 3.82722
-3.7241 -2.44526 3.61307 -3.33761 -2.95262
-2.92159 3.58764 0.863822 3.8355 -7.16845
-4.75559 -0.310137 -0.630175 3.45296 -0.70108
-3.59437 -3.26276 -4.90684 0.384384 9.84146
3.64813 0.553308 -0.603865 -4.84252 4.94277
-0.195694 -1.00237 1.38919 -2.38916 -3.12283
-4.18223 -1.50325 3.6698 0.724015 8.94391
0.384211 4.48666 1.64934 -4.45008 -5.61587
4.97986 -1.72684 -0.880993 3.33346 -11.5362
-3.93299 4.8006 3.18202 -1.91158 -24.9634
1.25731 -4.74376 3.27747 -0.43361 -7.38553
-4.67356 -2.97822 -4.76711 3.25594 -1.60254
4.93575 2.01117 -2.61923 -4.34489 21.3069
1.78006 -0.757148 1.80124 2.30908 2.81144
-4.56794 4.87343 -4.36661 -2.25643 -12.4086
2.02077 0.533303 -4.93395 -0.996491 5.99432
-4.32788 2.22132 -1.06758 0.996382 -10.6773
-0.0506287 -3.61882 3.12921 3.28445 10.4609
-4.09987 2.83708 -3.58569 2.84101 -21.8186
-4.87522 -4.64391 3.96535 -0.89544 19.0894
3.5541 -1.22656 2.94082 -4.96026 -18.9466
3.86903 0.160705 -0.869693 0.444852 0.234887
4.89117 4.13083 3.70994 -2.51091 10.8893
-3.81155 -4.36929 -3.92085 4.33366 -0.337857
1.06388 -1.09465 -1.36339 0.412848 -1.72745
1.98941 3.05107 -1.57225 -2.37865 9.80966
2.64118 -4.0055 3.19943 -1.53755 -15.4985
-0.992299 -0.617534 0.547503 4.42474 3.03534
2.84615 -0.0277013 0.829017 -2.60678 -2.23991
2.76856 4.00492 -3.83599 1.07509 6.96386
-4.47305 3.1809 1.98112 0.431357 -13.3738
-4.35478 -2.61533 -4.68331 1.58734 3.95515
1.47269 4.14527 0.842834 -3.07674 3.51153
3.32208 0.351029 3.13739 1.84685 6.96043
-2.29917 1.40414 0.225057 -2.3521 -3.75771
1.77798 2.99841 4.73348 3.38123 21.3361
0.669446 0.576935 -4.64794 -3.90823 18.5514
-1.97294 -0.0663671 -3.7422 3.04533 -11.2653
-0.926495 4.48389 1.68152 2.25475 -0.362887
0.412973 2.73707 -2.89633 -0.313134 2.03727
-1.94604 2.71359 4.0697 -0.803765 -8.55185
-1.56378 1.03279 -1.20404 0.657393 -2.40659
-4.4573 0.780564 -4.09228 1.04868 -7.77069
2.2052 1.92974 4.04032 -3.51179 -9.93329
3.12564 4.47642 4.79749 -2.26168 3.14128
-0.685133 -3.31149 -4.0142 2.57174 -8.05467
-4.44637 -0.0300364 0.374607 2.0736 0.910338
4.98033 -4.44552 -1.32593 3.24953 -26.4488
4.29044 1.56017 3.82519 0.822458 9.83989
3.01992 -4.83049 -1.15641 0.67612 -15.3696
-1.96619 -0.948935 -3.57298 -3.09847 12.9366
1.31885 -2.51841 2.08898 1.2294 -0.753213
0.0595045 -1.12599 -2.85371 2.84067 -8.17347
2.53159 -4.48142 -3.03327 3.06262 -20.6349
-4.03592 2.27422 0.51291 -3.92051 -11.1894
3.31363 -3.47525 -3.98658 -0.471102 -9.63759
-3.1668 -2.8624 -3.90596 -0.771703 12.0789
0.6806 -4.69151 0.33687 -1.71237 -3.76989
-2.01057 -3.82215 -2.56771 2.00651 2.53256
1.05066 -0.4948 3.95376 0.499994 1.45699
-4.17961 -4.87512 -1.44032 1.00912 18.9226
-2.2159 0.274819 1.7043 0.580266 0.379974
1.17246 3.88456 2.48522 -4.74233 -7.23126
1.18109 4.61053 3.31061 -4.30925 -8.82082
3.71536 -3.47513 1.55785 -4.06301 -19.2409
-3.78221 -2.03469 -0.444694 3.04744 6.34044
-3.34614 4.51851 -2.03081 -3.15897 -8.70431
2.39766 -2.57147 1.75667 4.31283 1.4107
0.980605 3.20321 -4.72145 -3.2535 18.5023
4.39144 3.10562 -4.92045 2.97177 -0.984287
1.17419 1.43825 2.72208 -3.37847 -7.50769
-2.50713 0.84334 4.43461 -2.80939 -14.5729
-1.02398 1.29688 2.67182 4.73614 11.3261
-4.42028 1.01388 4.84305 -4.24463 -25.0386
2.93106 0.287501 0.414858 0.316371 0.973934
-4.84101 4.81102 0.605165 -3.23029 -25.245
0.34717 2.33662 -0.990641 1.66831 -0.841492
-1.49751 -3.82007 -4.07184 2.10527 -2.85171
1.13746 2.59212 -1.29437 3.09714 -1.06043
-3.71818 -2.20696 -0.032323 4.93042 8.04649
1.05284 4.67072 -4.12359 -1.38769 10.6398
-2.80905 -4.50424 -2.44145 -1.76638 16.9652
0.405053 2.9323 2.68695 3.60642 10.878
1.97278 2.61698 -4.78641 0.559842 2.48308
-1.91177 -3.19183 2.11847 0.060785 6.23083
4.62805 -1.25498 3.78913 -1.89987 -13.007
3.5114 1.66366 -3.89396 -1.84394 13.022
2.8278 -4.04515 -2.80691 -2.81676 -3.53248
4.24903 -0.885374 -2.83013 -0.691741 -1.80427
-1.65722 1.40005 4.83843 -2.71226 -15.4433
-3.86804 -2.42829 4.97019 1.16181 15.1671
-2.34253 -1.35164 0.819036 -0.0518158 3.12383
-2.20474 0.498825 0.046333 -0.481565 -1.12209
1.6798 0.365061 -3.26048 -4.04395 13.7984
-0.195444 -1.21949 -4.39688 0.305158 -1.1034
-4.44586 2.92862 0.914376 -3.9973 -16.6753
-1.30331 2.09654 3.20309 -1.80944 -8.52824
2.92237 0.21002 -3.39269 -1.91898 7.12428
2.40859 3.12936 -3.10935 2.35679 0.209247
-2.85722 -1.21591 -2.05325 -0.0440392 3.56454
3.08722 2.33814 4.5843 4.84107 29.4113
3.61779 -0.191509 -2.82579 2.66383 -8.22027
-1.91774 -3.47062 -3.21143 -3.70862 18.5657
1.13884 -3.62472 -3.36332 -4.35582 10.522
-4.99294 1.06409 4.40187 2.02368 3.59505
-3.89906 -1.0355 -0.865152 -4.23012 7.69717
3.93844 -1.73228 -1.14072 -4.11164 -2.13227
4.05263 1.56033 3.81823 2.55019 16.0607
-0.351177 0.362588 4.42106 1.79021 7.78727
0.153778 -4.05738 0.549168 4.07396 1.61336
-3.92191 -1.21087 -4.35478 2.07274 -4.27743
1.92382 4.97812 2.19128 1.11234 12.0144
-1.50773 1.50441 -4.59992 0.00795771 -2.30485
-1.51917 -3.93856 3.27555 -2.31238 -1.59099
-2.91304 3.7713 -3.34604 2.56553 -19.5703
4.69527 -4.29517 0.672326 -2.68608 -21.9729
-4.863 -2.37971 -3.74388 3.99265 -3.37545
2.47579 2.1739 2.38407 1.94927 10.0293
-4.74213 2.82356 0.66719 0.903677 -12.7867
4.7187 -3.4638 -1.00164 -4.45916 -11.8782
-1.28353 4.69964 2.91359 -1.22684 -9.60663
-3.26014 -4.79192 -4.15834 -4.88096 35.9191
-1.01875 2.92815 -3.55855 2.66626 -12.4711
-3.79457 -4.78382 -3.07312 4.01247 5.82177
-2.58988 0.812328 -2.7067 1.64638 -6.56008
2.35519 -4.52563 2.88068 -4.68118 -24.1437
-1.0542 -0.972743 -2.68851 -0.467509 2.28237
-3.25387 -3.37139 -1.98639 -0.160492 11.2889
-1.08711 -0.844171 3.50021 -1.3419 -3.77925
0.629767 -0.363451 1.53583 4.74891 7.06465
3.49972 3.24275 3.61302 3.92791 25.5403
-0.0310181 -0.397604 -3.01926 3.86173 -11.6472
-0.488373 3.62366 -0.274359 4.26368 -2.93947
-2.24367 1.38689 4.15121 -1.28425 -8.44292
2.78866 -1.77239 1.62284 -0.724315 -6.11803
3.76609 2.42998 -3.2501 -2.43433 17.0633
-0.515742 3.55436 -2.72246 0.742269 -3.85393
4.7228 -0.468757 -0.265076 2.5757 -2.89661
-0.493082 -0.901936 1.57188 -3.68117 -5.34165
2.8009 2.73938 2.79608 3.80535 18.3128
4.54728 -1.11779 3.22998 2.77949 3.89481
-1.62713 2.10341 2.96815 -0.530039 -4.99576
-0.110102 4.1245 1.37238 -1.24033 -2.15633
-2.57925 -4.47232 2.75553 -1.71048 6.82196
-3.21526 -3.55261 0.996247 -4.35361 7.08528
1.22599 2.55369 -2.19111 -0.947124 5.20606
2.53951 3.84364 -1.17053 4.13946 4.91563
-3.95792 1.19165 -3.3082 2.81208 -14.0194
-1.17355 2.79807 -0.220111 -0.906905 -3.08407
4.3511 -2.7156 4.78919 -1.31987 -18.1369
0.709005 4.59286 3.48147 4.25155 18.058
-3.1036 -1.32928 -4.20924 1.4098 -1.80867
-0.0785728 2.8785 0.411615 4.90535 1.79294
-0.757684 -1.51883 3.96203 2.91588 12.7036
-2.61556 -4.26018 -1.23752 2.44972 8.11118
0.420181 4.97562 2.11366 -0.471524 1.09402
0.100966 4.78051 -3.33496 -0.881155 3.42128
2.62226 3.0099 2.84102 1.08763 10.9827
-4.23985 -2.60247 -1.15946 4.77343 5.49949
4.3559 -2.67079 3.80482 -3.6987 -25.7066
4.41296 4.45029 2.29543 3.18218 26.9434
1.007 -1.38334 -1.30538 4.90953 -7.80181
-3.63351 -2.85489 -2.39366 -0.901611 12.5314
-0.911996 0.681578 4.79682 3.43354 15.8485
1.83619 1.44168 1.9155 -4.65839 -6.27597
3.14039 3.56356 -2.65362 4.06981 0.391235
-3.46348 4.03768 3.08013 2.94825 -4.90346
-4.37187 -4.48788 3.42441 -1.66268 13.9267
-4.27922 -4.03117 -2.08715 -4.16473 25.9427
1.93817 -2.66047 -3.95082 -0.087965 -4.80891
-1.85871 -2.66893 1.31945 -2.29126 1.93755
3.6327 -0.929673 4.13181 2.41024 6.58145
2.80078 1.86986 -0.490966 3.84208 3.35074
3.06058 0.058889 -1.97545 4.36223 -8.43714
3.1606 1.63444 4.26226 -2.4092 -5.10282
4.82107 -2.72654 -2.70507 3.74664 -23.2797
1.52009 -4.2343 3.66045 -1.40319 -11.5728
3.36187 0.528084 0.337658 -2.10946 1.06307
1.43664 -3.20354 -4.85389 0.201531 -5.58054
1.16676 0.191918 -1.67203 -1.14568 2.13953
0.159876 0.88855 3.25542 1.63597 5.46782
-1.224 0.35984 -0.504059 2.05904 -1.47832
4.47522 3.25325 1.07469 2.79624 17.5641
3.52895 4.33182 0.892638 -3.35498 12.292
-3.32988 0.258328 -2.30806 -1.83539 3.37598
4.38712 -2.57909 1.53716 0.449742 -10.6234
-4.65595 -2.42157 -3.44491 -1.18596 15.3602
-2.11413 -3.38933 -4.94237 2.83239 -6.83326
-4.46414 -0.449334 4.32567 -4.98198 -19.5445
2.12814 -3.65601 -3.54765 4.78346 -24.7506
-2.39438 3.93818 -4.88757 1.22237 -15.4039
-2.20068 2.09095 -4.31538 1.16091 -9.61128
1.68362 -2.06948 -2.65827 -1.3781 0.179131
-3.06783 0.923835 1.80011 -1.74253 -5.9709
-3.77567 -3.93394 -3.72967 -1.03472 18.7125
4.55965 -0.301472 -0.305191 0.607332 -1.55996
1.31519 4.92443 4.47222 -1.82925 -1.70423
-4.62642 -3.069 1.66845 2.21781 17.8988
0.79041 -4.14432 -0.609294 -4.56258 -0.495755
3.47702 -4.29847 4.21672 -1.30977 -20.4688
0.316879 0.377254 2.20745 1.0165 2.36341
3.18265 -0.257857 -0.539902 4.70289 -3.35977
-2.90883 -2.45505 -4.73147 -1.8877 16.0729
-0.0754945 4.94034 2.13953 1.33344 2.47996
0.284034 -4.95081 -0.971947 0.352433 -1.74874
-2.3319 -2.69425 -2.78147 -4.74851 19.4906
-3.92443 3.37738 -0.358471 3.79862 -14.616
-4.2518 -4.86118 -4.48858 -1.73287 28.4469
4.55001 1.94337 -2.229 1.68766 5.08056
2.12092 4.55666 2.2877 0.763565 11.4111
-1.60841 -3.12737 3.79187 -1.30773 0.0713505
-2.80779 -1.36003 0.779513 0.161463 3.94456
-2.25555 -4.44736 -4.77213 4.61876 -12.01
0.813239 3.34744 -4.46782 4.49432 -17.3576
-1.57947 -1.21586 1.35672 -0.0772722 1.81557
-0.467891 -0.575279 -4.64409 -2.85666 13.5358
-1.08484 3.12574 1.67512 -4.88985 -11.582
4.92446 -2.28761 1.26401 4.02258 -6.18065
-4.36691 -0.591462 -4.96779 -3.94364 22.174
3.65726 4.65249 -0.745114 4.28824 13.8201
-3.7803 -1.02834 0.307792 2.53671 4.66821
2.99143 0.819106 4.15973 -2.32627 -7.22636
1.96069 3.71463 -4.26623 4.29633 -11.0459
-4.27504 3.00524 -0.352448 -3.12117 -11.7475
2.98767 -3.44513 -4.74207 -1.84417 -1.5477
-4.31743 -1.88028 0.467769 -4.39277 6.06319
-2.627 -2.16905 -4.84986 -4.06867 25.4306
3.45245 3.10246 -0.560634 -1.50792 11.5565
4.68908 3.26576 -2.56831 4.62398 3.43758
2.3527 2.75747 2.29587 -4.59612 -4.06456
4.73109 3.36359 4.71216 -1.42264 9.20972
2.91049 -0.641778 1.01424 -3.2261 -5.13991
-3.76758 -4.66347 1.30454 0.0555017 17.6424
-4.90235 -3.14673 0.0969943 2.66373 15.6847
4.1423 2.43178 -4.76056 -2.73275 23.0826
3.83883 3.18962 -1.0806 -4.52657 17.1358
1.30261 -1.53217 4.72453 -4.51746 -23.3387
-0.0679705 -4.7281 -2.15634 -2.032 4.70307
1.39179 2.23723 4.49549 0.0750293 3.45103
3.97553 0.868446 -4.99176 -4.02544 23.5466
3.86373 -4.77437 2.57068 0.598752 -16.9077
-3.36379 0.00756657 -0.0554501 -1.68853 0.0681768
2.96042 3.60494 -0.750523 2.32627 8.92624
3.54463 -4.2547 4.46271 4.5373 5.16733
-0.0034979 0.580528 -0.832018 -2.45382 2.03959
-3.05645 -4.06959 -3.28695 -0.164061 12.9778
0.840258 -1.29796 -1.39178 0.935514 -2.39266
-3.53649 -3.26706 4.43098 -4.51248 -8.44079
-0.350287 2.78963 -4.23849 -0.982167 3.18574
0.0863327 -3.20685 -2.10019 4.96004 -10.6939
1.31768 4.03809 4.95601 -1.25573 -0.902473
3.07163 3.42348 3.53484 2.21312 18.3387
3.38915 -2.50843 -2.9155 3.6473 -19.1351
-0.335607 -3.93776 -1.96874 -1.86037 4.98411
-3.52833 -0.800598 -1.10259 -1.51461 4.49477
2.15227 -1.43588 -0.761643 -4.16682 0.0832193
4.58106 1.07931 1.85633 0.895163 6.60611
-3.28315 2.5411 3.3832 -4.61394 -23.9527
1.55274 2.4964 -2.67222 0.320891 3.01876
0.291386 -2.26069 2.74403 1.31097 2.93861
1.73764 3.82623 3.40164 3.79982 19.5743
-0.672522 -0.535055 1.31783 1.52788 2.37333
4.98277 3.15513 -2.85803 3.09066 6.8881
1.40222 -2.88076 -2.38479 3.0289 -11.2628
1.53354 -1.06567 2.73389 4.18202 9.79892
-4.87723 2.04974 -0.804249 1.14649 -10.9191
4.98654 0.850065 1.31732 3.81064 9.2587
-0.765798 1.30429 1.50287 -2.6827 -5.03057
0.0745092 -3.19156 2.95662 -1.8642 -5.74952
-3.3329 -2.21725 -2.83219 2.31264 0.840005
-0.270154 4.61411 -1.21368 1.74302 -3.36199
-0.925319 3.82314 -2.00303 -2.84491 2.16083
1.4313 2.48701 2.73574 4.47396 15.7992
3.45411 4.09538 4.53738 0.409665 16.0047
-1.77208 3.16793 -0.0909493 -1.25629 -5.49957
-0.981417 -3.53779 -0.0568412 -1.9083 3.58052
3.68003 4.2099 -1.20507 -0.193064 15.7252
-4.54142 2.74067 -0.886962 4.18618 -16.1595
-1.17244 -3.38292 3.20139 -0.323204 2.93156
-2.13593 -4.51608 -1.11954 -4.33626 14.5006
2.39366 0.171752 2.08588 -3.70774 -7.32278
0.650867 1.3846 3.62791 -3.98639 -13.5611
4.82075 3.57517 3.11958 -0.735668 14.94
-1.3952 3.76942 1.88986 -2.42983 -9.85114
-1.07273 -1.64024 -3.34837 1.83348 -4.37965
0.206242 4.47768 -2.16044 -0.88612 2.83789
4.84942 -1.95578 4.7142 -2.83914 -22.8687
-4.85724 4.84636 -0.0810216 -3.14959 -23.2847
-3.6515 -2.43695 -2.77997 -4.25972 20.7405
-0.0136572 1.17354 2.03317 -2.71446 -5.53497
4.21687 -4.60658 -3.89325 -3.80439 -4.61392
4.02561 -1.97049 -0.391971 4.7124 -9.77956
-0.139013 -2.00402 -3.57779 -2.84951 10.4736
3.68439 -2.4284 4.95482 2.73083 4.58359
-1.18058 -3.81847 -4.63821 4.3554 -15.6932
3.2224 3.23641 1.01228 -2.65 7.74646
2.80952 4.32248 -3.02719 2.83085 3.5746
3.42189 4.4499 1.23618 -4.9552 9.10152
-2.39255 -1.41394 2.9983 -1.44623 -0.953324
-2.3536 -4.98272 -0.184119 4.91922 10.8216
-1.99879 -1.30651 1.16951 -1.38937 0.986564
-1.26525 1.0829 1.2309 2.6966 1.94911
-4.37275 -4.74268 -2.36664 -1.22043 23.6269
2.76844 -4.64141 2.90556 0.128128 -12.4772
-0.837066 -2.93189 -1.36194 4.50679 -3.68378
3.46908 -3.24858 -1.38668 -4.60716 -4.88095
1.26019 2.95183 -2.1091 -1.47519 6.8312
-1.41332 -0.350709 1.83285 -1.62066 -2.47476
0.00583158 -2.61242 3.38087 0.936903 3.15231
-3.80652 -3.17065 3.80068 4.40782 28.8218
0.632286 -1.74463 3.31094 -4.32451 -15.4213
2.20476 -0.159065 -1.48428 0.366447 -0.89461
-0.358139 -4.97899 4.91652 -0.998673 -3.12682
-3.98861 -0.416909 3.97193 3.0299 13.6975
2.19362 -4.04034 -2.17512 2.19273 -13.6324
1.33855 4.09831 4.76097 -0.908474 1.16058
3.19685 -2.40522 0.0998544 0.123876 -7.67676
-0.343668 -0.91177 4.99633 3.17413 16.1723
-4.14231 3.98345 -0.236532 0.344784 -16.5822
0.0154167 3.33721 -1.4749 -1.90897 2.86699
-3.16667 3.93233 -1.228 4.4061 -17.8631
-2.17708 3.67136 -2.19127 -0.711264 -6.43426
-4.39673 -1.77773 -4.42941 4.00191 -9.9099
4.9303 -1.40552 -0.781929 -3.80224 -3.95655
-0.738384 -3.36869 -2.6341 2.95458 -5.29527
2.73959 3.18551 4.53088 -0.939464 4.4704
-4.98853 1.09727 -1.91562 -1.66961 -2.27544
-4.99456 -1.86695 3.36416 -3.9738 -4.04392
2.23406 2.46712 -2.08278 3.42339 -1.61848
-0.551908 -1.94962 2.78734 -1.6758 -3.595
-1.18397 1.00684 -0.187695 -1.88821 -0.837668
-4.43414 2.59916 3.17025 1.58727 -6.493
4.04874 0.441601 -3.21666 -2.52055 9.89567
-4.2893 0.654322 -2.68418 2.20793 -8.73307
-0.105336 2.54394 1.90697 -3.29887 -6.55881
-0.606762 2.9321 2.28334 4.63958 8.81467
-0.272311 3.40311 3.38131 -0.303501 -1.95294
-3.51453 4.39415 -2.82501 -2.0051 -9.77892
2.13704 -0.23456 -4.27722 1.48344 -6.84625
4.95518 -1.47096 0.414196 0.175972 -7.21596
4.98164 4.84753 4.80362 -3.072 9.39192
1.73897 2.80007 1.11968 2.06228 7.17832
-4.09537 -4.13126 4.90935 -3.93552 -2.40178
-3.92583 -4.0989 -1.7289 4.5424 8.23823
-4.16253 -4.02917 4.57557 -0.706725 13.5379
-1.19957 2.99378 -0.449218 0.842942 -3.96991
4.00612 -0.119162 1.7286 -3.41331 -6.37764
4.57939 -4.75929 -1.73279 0.931288 -23.4084
2.55699 -3.44989 0.962988 -3.95926 -12.6341
4.57543 1.66179 -2.64268 -1.26972 10.9589
-0.973355 -2.73418 -4.85458 -1.73863 11.1017
1.64653 -0.0653967 -3.08503 2.91337 -9.0955
-1.49426 2.39065 -1.22772 3.21303 -7.51696
-0.395201 3.13773 -0.686596 -4.44156 1.80953
0.437219 2.36616 2.84432 -2.70698 -6.66498
1.54199 0.723886 0.49294 -2.37803 -0.0560041
-1.18167 -2.6328 -1.36585 0.191153 2.85001
4.89213 -3.43159 4.57076 -4.55468 -37.6061
4.055 3.26484 -1.34801 -0.012438 13.2557
-4.60477 -1.70982 -4.38862 0.633946 5.0912
2.74233 0.137703 0.289079 -1.76627 -0.132964
1.17506 -1.95504 -2.66002 -0.967604 0.276566
1.78669 -1.46596 2.4156 4.80283 8.9825
3.56799 -3.86552 -2.71154 -3.07254 -5.46085
-2.80212 0.764862 0.77983 -0.687083 -2.67904
-0.916729 -2.25294 -1.81187 1.06685 0.132348
0.942555 1.36682 1.24697 0.642101 2.08899
1.28885 -4.0388 2.32408 3.52809 2.99417
-3.22999 0.149845 -2.8994 2.51311 -7.77053
-2.10596 -2.58962 4.30752 2.58194 16.5754
-0.246502 1.42848 -0.371992 3.2766 -1.57099
4.07462 -2.85491 -0.30472 1.37151 -12.0506
0.991938 0.575212 2.30747 2.07063 5.34848
3.59862 -3.40806 3.54055 -3.15763 -23.4441
2.57487 -1.4397 4.67901 -1.02563 -8.50598
3.14161 -2.42413 4.81461 2.3124 3.51764
-2.51919 4.44956 -2.35504 -4.91908 0.375332
4.34432 3.52353 -2.34366 -0.0888994 15.5157
0.428238 4.17237 2.45537 -1.85381 -2.76502
1.60765 4.4187 2.79372 3.47092 16.8005
0.886027 -3.26332 3.60096 0.0789069 -2.60725
3.24545 -3.65665 -3.75417 2.97468 -23.0349
-1.44733 -3.87557 1.36176 -2.68669 1.95062
-2.78062 4.29407 -2.20543 3.172 -18.9358
4.60852 -3.66148 2.5119 -2.37342 -22.8358
1.89827 0.0802496 1.62093 1.06363 1.8764
2.98816 0.656497 -4.89456 3.79335 -16.6051
-3.86813 -2.26938 -1.98262 -1.79985 12.3467
3.90153 -1.92811 4.54837 4.0718 10.9975
1.68297 -4.59946 -1.41662 2.37783 -11.1092
0.706903 -1.50872 4.13568 0.846724 2.43526
-3.11069 4.48475 -4.72279 -3.18555 1.09402
-4.89853 2.12347 -3.25733 0.964609 -13.5439
0.700902 4.33572 0.941025 -3.11535 0.107293
1.16455 1.50817 2.44374 -4.80373 -9.98274
4.14461 -2.06094 -4.47741 2.35363 -19.08
-1.09145 1.41314 3.85771 3.78989 13.0779
3.67004 1.4489 1.25822 3.78174 10.0758
3.34226 -1.89135 4.63166 3.77509 11.1636
2.73241 -3.48611 2.28769 1.55183 -5.97541
3.28415 -2.90516 4.83711 -3.94723 -28.6342
1.96864 1.00155 4.34905 -3.31598 -12.4497
4.03083 -2.89022 0.867879 1.114 -10.6831
2.74282 -1.29923 2.63356 -1.85911 -8.45964
2.64861 -4.52195 0.626316 -1.2072 -12.733
-3.31471 0.116126 3.47044 1.5359 4.94534
3.42395 0.948927 4.61577 -2.2626 -7.19453
-0.503768 -3.55031 2.36652 -3.27079 -5.95187
-1.03599 2.76821 -1.1307 -0.652377 -2.13019
-1.42283 -3.73105 -1.30112 4.48706 -0.529561
1.25059 1.42158 -3.43762 -0.150811 2.29625
2.33695 3.0763 4.28058 4.9838 28.5227
-1.43567 3.19735 -3.3624 1.73811 -10.4346
4.99391 -3.83288 -0.506664 3.17861 -20.7515
3.76668 2.53707 1.05152 -3.26823 6.11972
3.95987 -3.56392 -4.20676 -4.36264 4.2399
-1.19467 -0.261585 0.675613 -2.90024 -1.64693
-1.42965 4.84431 2.40322 -2.09958 -11.9714
-4.25088 1.92055 4.30843 -0.745037 -11.374
3.94968 -0.478071 -4.2856 -2.90243 10.5504
-2.71528 2.74012 -1.41639 -4.89916 -0.501089
-4.10123 4.39171 0.160817 -1.63395 -18.2742
-0.859036 3.25264 -4.56062 3.87843 -20.4822
-3.59741 -4.77458 3.48952 1.21277 21.4081
3.24196 1.51498 -0.500572 4.21325 2.80246
-2.8106 3.29933 -0.467106 -1.38936 -8.6241
-3.73674 2.24111 -3.16911 -2.69951 0.180591
-3.07402 2.06372 -4.97591 -4.99957 18.5335
-0.651943 1.17499 -0.9709 1.82238 -2.53537
1.735 4.68151 2.58887 0.961719 10.6122
3.32784 0.855164 2.23674 -2.51804 -2.78635
2.58408 -0.0624126 3.98417 1.07255 4.11195
-3.10517 -1.52367 -1.55727 2.59587 0.688773
-3.13969 -3.15952 3.90846 -3.46915 -3.63911
1.12033 -4.66854 2.96451 3.07913 3.89781
-0.929458 3.60981 -0.54154 4.34959 -5.71065
-4.93712 0.218039 3.7691 -3.32146 -13.5954
2.27245 -4.00683 2.9766 0.796669 -6.73395
0.157148 0.0566991 3.1742 -0.865817 -2.73937
-3.54899 -0.147196 0.743154 -0.08548 0.458874
0.208431 2.21272 1.80458 0.291178 0.986653
1.73384 -2.7105 3.57666 -1.64903 -10.5976
-3.27248 -4.71315 -1.64765 3.53291 9.60269
2.46279 -0.825837 -3.99513 2.29138 -11.1882
0.370393 3.61982 -1.17981 0.0728658 1.25479
1.63658 0.260934 -3.92548 -2.71818 11.0972
-2.21283 4.62004 4.47313 1.40329 -3.94627
-2.02897 -3.96864 -4.25454 0.570033 5.62702
3.38962 0.443632 -4.0983 -1.78317 8.81168
-0.44094 0.936819 0.626077 4.44077 2.36719
-2.3525 3.08 -2.74966 -3.2924 1.8073
2.9449 -4.18622 4.20463 -2.66832 -23.5473
4.94292 -1.21059 0.715677 0.458758 -5.65552
-0.931605 3.67923 -0.71966 -3.42911 -0.959798
0.421137 -3.13307 0.273078 -0.969479 -1.58419
4.11948 -3.11936 -2.85333 -2.70826 -5.12258
-1.65412 3.82041 -4.61246 -0.469647 -4.1532
2.64278 1.45223 -1.19916 0.201392 3.59642
-4.29418 0.766855 3.5324 -0.36659 -4.58796
-1.44651 -0.932206 3.71762 3.50014 14.3607
2.68975 3.56413 -1.69587 -2.44139 13.7269
-2.84326 2.50154 -2.43878 -0.501594 -5.88924
1.74343 -0.654995 -3.49707 -0.190742 -0.474905
2.60468 3.85228 4.64722 -4.17125 -9.35078
3.79907 -3.23378 4.35248 -1.05027 -16.8566
-0.0445654 -1.81216 1.29969 -0.714768 -0.848221
2.34947 -0.555946 -1.12345 1.478 -2.96664
-0.697289 0.24745 -3.35718 1.59181 -5.51654
-4.91938 0.556729 2.2133 -3.01149 -9.40409
-4.12077 -3.48046 -1.23393 -1.68206 16.4177
-3.46252 -4.04803 -2.45491 1.09062 11.339
-0.428022 -3.17446 2.02453 0.991558 3.36617
2.47045 4.19803 -2.96475 1.28307 6.56704
-3.49528 -2.28533 1.46121 3.50294 13.1064
0.255169 3.99569 -2.66398 4.65848 -11.3905
2.69611 3.56944 4.67644 4.43487 30.363
3.38736 -1.47245 0.656477 -2.82591 -6.84286
-2.39709 -2.61885 -0.297923 -3.86908 7.43031
-1.1175 -0.223462 2.43316 -0.49305 -0.949949
2.09002 4.62842 -1.98835 -1.79422 13.241
0.537929 0.957856 -2.93622 -2.72943 8.52949
0.820487 -2.60024 1.22752 -1.78728 -4.32737
0.494222 -4.58688 0.114987 4.41284 -1.75952
3.71897 -4.19396 -3.48225 3.53155 -27.895
0.77639 -1.15918 -0.39967 -2.40132 0.0597624
-2.71218 -3.41497 0.0482134 -2.03368 9.16397
0.329317 0.547039 2.92384 -0.333078 -0.793718
-1.89607 4.52997 2.32872 1.97134 -3.99844
-3.27902 1.02488 -0.620618 0.752027 -3.82733
-2.38095 -1.4521 1.15538 2.57669 6.43443
-1.8209 1.90793 2.06587 0.37545 -2.69852
3.02055 -2.25955 -0.761352 -0.637335 -6.33985
0.430639 0.127324 -3.93374 2.91488 -11.4116
-4.29004 3.26821 2.68788 -4.0354 -24.8674
1.85917 -1.16979 4.30255 1.13372 2.70307
1.41013 2.35817 -0.320573 2.54278 2.51016
3.76779 -2.6366 1.4078 4.34995 -3.81033
0.0228724 -0.822573 -3.74886 -3.33891 12.4983
-1.16685 -4.21009 2.55013 0.418467 5.97969
0.198143 -0.3473 0.233085 4.55901 0.993821
-4.37655 -2.83264 4.34488 -2.05961 3.44845
3.83099 -1.1832 2.47132 -3.30585 -12.7027
2.49157 -2.77369 2.45484 3.98134 2.86268
-3.89852 1.69772 4.33961 -4.82559 -27.5598
-0.220521 -4.7326 -1.3787 1.58884 -1.14689
-1.46404 -4.53132 3.86673 2.07247 14.6477
-4.7194 3.70407 -4.3762 -2.67489 -5.77514
3.33826 1.21808 -0.413415 -4.51033 5.93092
-4.74062 -0.0463779 3.89294 0.501441 2.17194
4.93015 1.93075 -2.89444 2.5874 2.02981
-3.48313 0.555289 2.99939 3.12269 7.43201
2.45317 -0.687305 -3.19973 2.19823 -8.71982
3.69723 0.00247186 4.52483 3.41662 15.4688
-1.29788 4.74942 -0.514057 3.85636 -8.14657
-1.75112 2.36773 -4.82587 -2.37382 7.30955
-4.54344 -4.68038 1.26774 -3.09984 17.3352
0.771416 2.57728 -2.13618 -0.139832 2.28686
0.993973 3.05502 4.54402 1.05439 7.82776
-0.895795 4.09461 -3.17689 0.301172 -4.62472
0.388671 -4.49945 0.991958 4.38775 2.60366
0.693051 3.7966 2.66356 -4.8304 -10.2348
3.40937 4.09784 -3.66297 -1.46508 19.3376
-1.95024 -0.419799 4.34492 3.08913 14.2407
-4.009 -4.75352 -0.939036 -1.80114 20.7482
-2.33401 3.12579 -4.55565 3.36901 -22.6437
2.74631 -4.55223 2.9033 0.843723 -10.0522
-2.52796 -1.73347 -4.76137 0.211821 3.37359
-3.33961 -4.92239 4.75457 -0.651614 13.3407
3.18394 4.58206 3.6174 1.77645 21.0151
2.27684 -4.65325 4.77503 3.71575 7.14809
-4.17155 -0.248511 0.472683 4.41924 3.12558
-1.16533 4.0454 -0.276053 -2.26612 -4.08866
-4.77494 -1.65761 -1.49601 -0.104539 8.07139
-1.28176 -1.85351 -2.73241 0.941414 -0.196572
-0.563882 4.83403 1.11756 4.48705 2.28874
-3.27751 2.02455 1.42198 -3.97618 -12.2895
-0.871156 1.83362 -1.49361 2.09877 -4.73212
3.38082 -2.10886 -0.629867 -2.63872 -5.46764
-2.14279 4.09923 -3.99119 -1.43762 -3.04597
2.26794 -1.67973 2.58773 2.64971 3.04721
0.0330487 2.31607 -0.173853 -2.51443 0.513684
2.16281 -3.53637 2.58983 -0.995754 -10.2273
2.31701 -3.0437 -1.76463 -1.8409 -3.80376
-1.55035 2.58931 0.548474 1.57724 -3.14925
-4.15599 -2.04581 1.7862 4.04904 15.7347
3.49968 4.77064 -3.09103 2.60298 8.64984
0.642025 1.61722 -0.126773 -3.08728 1.42968
-4.27675 -0.754351 -4.65584 0.0498567 2.99404
-4.71827 4.41142 3.92447 -1.51289 -26.7515
-0.219234 -2.22826 -3.93359 -4.19714 16.9984
3.05888 2.17251 3.05067 1.71425 11.8751
4.69556 -2.90116 -0.742545 -4.87182 -10.005
4.30393 -2.4954 2.60827 1.07596 -7.93361
-2.08703 4.83052 3.90477 -0.5425 -12.1998
4.31118 -1.4003 0.932917 -4.41999 -10.1604
-2.68764 -1.47814 3.52675 -0.70133 1.4993
4.95859 2.72149 2.04962 -3.09323 7.15482
-0.94343 -3.59121 -2.13052 2.66191 -2.28321
-3.93068 1.11338 3.25395 1.51197 0.54352
0.671068 -4.93458 1.77705 0.685613 -2.09307
-3.55886 3.6413 4.35404 -4.14257 -30.9958
1.26268 -4.98456 3.47986 0.735367 -3.73492
0.288088 1.28448 0.700239 -2.77622 -1.57398
-3.03314 3.12843 -3.71067 -2.81601 0.960317
-4.52964 -3.07806 -4.93954 -1.43715 21.0414
2.94474 3.67014 4.36111 2.14119 20.1456
-2.2286 -1.89342 3.75025 -0.344896 2.92622
3.48935 3.69935 -2.27641 -1.74877 16.8892
-1.50288 -3.60062 3.23439 2.0237 11.9567
1.92282 2.25373 -2.93098 -1.801 9.61219
0.0497393 -1.50272 -0.747955 -0.610368 0.381783
-4.06124 -1.77272 2.39442 -4.17599 -2.79966
-1.51583 1.65073 0.301356 -3.96471 -3.69702
-3.50861 3.90557 1.87819 -2.52451 -18.4446
-4.70283 0.613606 -2.70376 4.73809 -15.6963
1.08536 -0.936077 -0.617965 1.50791 -1.94782
0.837321 3.92059 -0.892711 1.93248 1.55765
-0.679969 -4.01864 -2.15225 0.391969 1.88894
-1.35131 -4.72219 -2.37864 3.55474 -2.07429
1.56733 4.87239 -4.9834 -3.07004 22.9359
2.31648 -2.02279 1.94669 3.01073 1.17521
-4.03419 4.4241 -4.18141 4.46572 -36.5207
2.47779 3.72638 -1.32853 2.52974 5.87234
1.90569 -4.00181 4.52279 0.0600019 -7.35482
4.55448 -1.79719 0.848456 -3.37162 -11.0459
0.21944 1.70831 -1.2238 0.671775 -0.447248
-1.31252 3.37208 -4.73185 1.45873 -11.3284
4.30977 -0.149563 -0.608887 -3.88518 1.72105
-2.3025 3.94446 -3.35371 -2.19271 -1.72839
1.85416 1.9556 0.314818 2.09361 4.28512
2.06057 -4.40891 3.81992 -1.50552 -14.8358
2.01512 -0.996497 -4.16487 2.21632 -11.2388
3.19636 0.287821 4.04226 3.55076 15.2731
0.341788 -4.27437 4.64242 -0.0546841 -1.7148
-1.27874 -4.55939 1.97111 -3.22413 -0.524838
4.69337 -2.72509 2.80684 -4.46736 -25.3291
-2.86542 1.01481 3.50615 -3.40991 -14.8635
0.759105 -0.0728719 -4.43846 -0.618279 2.68889
-3.22522 0.280359 0.540631 -4.79682 -3.49753
-4.35388 -3.29587 0.304755 2.60636 15.1441
4.86811 1.55906 4.60906 -2.80472 -5.33744
-1.34166 2.45533 -3.97821 0.497702 -5.27418
2.41619 -1.74575 -4.33663 2.41508 -14.6914
-3.95357 -1.17855 -2.81313 -3.32594 14.0158
-4.94475 -0.644357 4.09963 -2.02849 -5.12987
-0.316104 -4.86454 -0.263934 2.10864 0.981156
2.24745 -4.73923 1.43541 0.745245 -9.58145
3.96366 3.96326 -4.93014 3.1381 0.237758
-3.24266 -4.09497 3.8936 0.609109 15.6502
2.53808 1.7749 0.457375 0.344339 4.66233
1.92936 -2.58295 1.46691 1.8508 -2.2685
-4.82787 3.28113 0.937137 1.56652 -14.3728
0.768049 -2.59599 0.559717 2.96677 -0.333291
1.04138 -1.19894 4.36526 -4.75765 -22.0169
-2.47109 3.6262 2.7679 2.91794 -0.884072
4.31973 0.234789 -1.4678 -4.83838 8.11601
-1.58628 3.30172 0.355063 -1.31666 -5.70496
2.13442 -0.335747 3.86279 3.52816 12.9119
4.68812 -2.18943 0.060271 -2.1916 -10.3964
1.73481 1.50845 -3.01345 3.35485 -7.49279
-2.94776 3.7219 -2.79157 -2.7607 -3.26455
-1.21743 0.54847 -2.07023 2.2109 -5.24479
0.475855 -2.82645 -4.73905 -4.20874 18.6004
-2.93141 2.27623 -4.6322 -1.48938 0.226556
2.23919 -2.26485 -3.68006 -3.94807 9.45772
0.895772 -4.58876 4.45441 -0.645876 -6.98747
1.15497 -1.04727 -4.77824 -1.73924 7.10092
-1.77164 -0.168568 -3.45296 1.98969 -6.57168
4.00574 -3.995 4.19372 -0.314205 -17.3206
3.17247 4.28553 -1.33226 4.71952 7.30811
-0.487334 3.61724 -4.76104 0.978233 -6.42021
3.51813 2.67106 -3.40433 2.90585 -0.495347
0.972817 2.07587 -1.71705 0.364603 1.3934
-0.695775 3.36552 -4.70808 -2.12649 7.67005
2.6058 0.772709 -4.33898 -1.05873 6.60732
-2.37757 -3.09176 3.81592 -4.54799 -10.0039
-0.855585 1.1924 -0.00284109 1.94765 -1.02573
2.39987 2.34901 -3.80941 4.92657 -13.13
4.9003 0.606611 -3.40079 -1.30166 7.39926
3.2455 4.7218 3.31107 -4.61442 0.045917
-3.30748 0.991622 -2.74069 -2.05581 2.35457
3.94594 -4.20522 2.60173 -0.93186 -19.018
1.40362 0.240806 -0.123074 -4.90317 0.941451
-1.23951 -4.47296 3.99917 2.10936 13.98
-2.57745 -4.7289 2.60565 -1.52842 8.20596
-1.96166 -2.68861 -2.35898 0.83196 3.31156
2.864 -1.90587 3.5362 -3.27816 -17.0506
1.82358 -1.62169 2.45279 3.47726 5.57173
0.415413 4.61166 0.585259 4.45751 4.52455
2.34569 0.931256 3.70821 -0.13499 1.68387
1.26482 -2.56917 -0.949762 1.28137 -4.46653
-2.09552 -2.04139 -4.639 -0.975313 8.80225
1.81676 3.29653 1.67392 -3.36539 0.355643
-0.829149 2.50232 2.00057 -4.40311 -10.8835
0.639136 -2.22176 -0.815912 -1.00768 -0.597829
1.1827 3.83921 2.68189 -0.545156 3.07859
-2.5261 2.90078 -0.18842 3.91976 -8.0662
3.9195 3.25309 0.921491 2.19979 14.7776
2.1522 0.704971 3.00028 1.83518 7.02331
4.73388 4.06986 4.19298 -0.783608 15.9806
1.79715 -1.62218 -3.12782 -1.56733 1.98701
0.277824 4.54892 0.562286 1.83978 2.29828
-2.70485 1.8144 -2.20192 -2.88678 1.44878
2.65231 -4.03369 -4.37939 1.00113 -15.0829
2.10112 -0.436222 -1.63761 -2.61087 3.35903
-2.11335 4.16227 4.24647 -2.49823 -19.405
1.60389 -2.86442 -2.90364 2.54383 -11.9806
3.26336 1.64155 3.25709 1.65819 10.7579
3.95277 4.12036 -2.28296 3.13608 9.12729
0.414229 1.00589 -1.20763 1.328 -1.18706
-0.00914119 3.36367 2.15775 1.2777 2.7262
-4.56098 -3.96049 -2.45841 4.72923 6.43739
0.649602 0.0565666 -3.66771 4.89101 -17.9021
-1.75677 2.38911 -0.878226 4.47176 -8.12434
1.15444 -1.7288 -1.6353 2.4975 -6.07995
-0.179834 -2.03676 -0.26695 0.833632 0.143741
2.60774 -4.39229 4.07648 0.303704 -10.2159
-0.75393 4.17733 0.655722 -1.1869 -3.92769
3.26841 -0.244909 0.42278 2.72735 0.352608
-0.929218 -0.622313 -4.60198 4.02793 -17.9582
-2.68802 -4.06744 -4.88584 -4.36481 32.2592
1.35805 4.11444 1.12043 -4.9955 -0.00950036
0.893489 3.95158 -4.1639 -0.232974 4.50078
4.23356 -4.4624 2.27957 -1.31853 -21.8975
0.534876 2.71268 -2.21775 -4.06439 10.4647
-2.10534 0.430774 -3.03818 0.0184374 -0.962942
1.18235 0.456039 -1.78301 -3.48228 6.74814
-0.168665 4.7841 3.58006 1.23806 3.62543
-2.42595 -2.88009 -4.63427 2.44313 -4.33517
0.231565 2.19403 1.57219 -2.36438 -3.2092
-1.01678 2.37359 1.57516 3.29656 2.7792
-1.52696 4.11272 -0.585725 -2.33975 -4.90953
1.15059 1.07935 -2.31123 -2.4403 6.88198
4.0697 -0.274548 3.22406 -2.04382 -7.70671
-2.6762 -4.80714 1.57563 -4.78666 5.32287
-3.44899 -0.336201 -0.634473 3.06859 -0.787385
2.89394 -4.29269 4.53939 -4.53537 -33.0106
0.211432 4.37309 -1.73041 -2.44851 5.16155
-2.89058 -4.71411 4.37135 -1.4812 7.15164
1.53869 -1.34996 3.74016 1.56495 3.77599
-4.28472 -0.140143 4.09505 1.33265 6.05774
-3.02096 0.251161 -4.80767 0.038917 -0.945848
-1.6548 0.656258 -3.06391 -1.71707 4.17496
2.76285 -0.695886 1.77099 0.601872 -0.856717
2.3274 4.30142 -4.04782 -4.92088 29.9299
-4.97878 -4.92167 4.86869 -1.79342 15.7723
3.48532 -0.819857 -4.15009 -0.318162 -1.53706
-4.27386 -1.87022 0.191402 -2.54837 7.50529
2.59013 3.52528 -3.82978 -1.00624 12.9846
1.66584 -0.9434 -3.44968 3.11013 -12.3005
4.88102 -4.77198 -4.88928 1.41155 -30.1936
4.23553 4.94965 0.624892 1.28434 21.767
3.40433 -1.942 1.11865 0.671467 -5.86007
1.0039 4.64131 4.71765 -2.85743 -8.82093
0.866442 2.92679 4.35671 -0.0473154 2.32976
-2.6424 -3.36665 -0.236292 -3.07862 9.62348
-4.94518 -1.19213 4.60558 4.46514 26.4599
-2.62159 -4.71414 -2.94912 -1.88312 17.9121
-1.51575 2.8194 0.872665 2.65155 -1.9596
2.78387 -3.52236 -3.59769 2.86438 -20.111
-0.760043 -2.42688 -2.00167 -4.88554 11.6238
-0.726996 -0.457199 -0.599241 1.3658 -0.48606
3.25552 1.58399 0.897079 1.02581 6.07694
-3.90148 -3.86743 -3.5619 0.0413791 14.9413
1.81147 0.573735 -1.31748 2.201 -1.86046
4.04136 2.40814 0.259289 3.69016 10.689
-1.41885 -2.13434 -2.01772 4.11638 -5.27742
-4.86968 -4.5852 -4.17222 -1.21466 27.3963
3.69799 -3.81776 -2.31709 -3.84575 -5.20708
0.113108 -4.8031 -0.621291 -1.80135 0.575894
1.65678 0.200946 -0.250179 -4.27396 1.40218
3.87277 -0.273227 4.7633 -1.32626 -7.37554
1.93188 -4.95927 1.77692 -1.67201 -12.5518
-4.51611 2.36179 -4.44987 -0.84533 -6.90451
1.24419 -0.156456 -2.28137 -4.67685 10.4749
3.25953 -1.27628 1.66403 -2.87139 -8.93818
4.00714 1.6719 -3.65459 -3.1395 18.1731
-1.25499 1.29946 -4.69782 -0.120242 -1.06593
2.67634 4.58386 -0.68216 -0.404371 12.5438
3.16005 -2.79547 0.854151 -2.78409 -11.2119
-2.25147 1.6579 -2.14625 4.1062 -12.5456
4.39635 3.79537 2.2821 -1.02311 14.3509
-2.73728 -0.0124897 -1.96792 -2.30923 4.57858
-1.91412 -3.09457 0.643755 -3.79766 3.4786
2.97071 1.62011 4.09652 3.96265 21.046
4.74697 -1.79546 -1.4369 -0.692066 -7.52857
-1.86217 -1.29254 2.79258 -1.54798 -1.91593
-4.54232 -3.36594 -2.06042 3.861 7.33386
3.76422 -2.9902 3.46699 -4.82734 -27.9921
-2.13758 -4.59593 -0.662002 -4.22914 12.6239
-3.21834 -2.44696 1.66855 -0.862199 6.43651
3.5614 -1.74734 -0.178403 1.09635 -6.41858
-2.36166 -3.1079 1.68891 0.793166 8.6794
1.28973 2.53328 -0.0897085 2.39284 3.05259
-4.50797 4.75107 3.39702 -4.0063 -35.0271
3.60228 -2.17156 -1.63496 0.682691 -8.93874
-4.14105 2.02083 1.90778 3.29209 -2.08781
0.74291 1.82913 -3.66918 -0.0969037 1.71443
-2.05632 4.15487 -0.270808 -0.408478 -8.43314
-0.557037 -4.16888 -1.85149 -4.47052 10.5993
1.66296 -0.310835 -3.43032 2.62167 -9.51006
-4.94972 4.89664 -3.47793 -2.28178 -16.3011
-2.69719 -2.86513 -4.73356 4.93198 -15.618
-1.9245 -2.45929 -3.74083 -3.86366 19.1862
0.538853 2.35913 2.86793 4.58096 14.4091
-3.18839 4.20374 -3.64451 2.27907 -21.7092
3.83006 -4.0441 1.06461 4.38103 -10.825
-3.7079 -2.54166 -0.549271 -0.430558 9.66072
-1.68209 0.269782 4.54232 -1.67728 -8.07255
4.951 1.534 -2.91127 -3.93302 19.0449
-4.8801 -4.41683 -1.14959 -0.243172 21.8341
-2.3643 3.21267 4.0746 -2.44552 -17.5602
-4.37594 1.44671 -2.62269 -3.68323 3.32927
4.61916 -1.93838 4.86119 0.832145 -4.90848
1.96119 -0.714204 0.0139929 -2.32997 -1.43329
-2.60448 3.13012 -3.54801 1.89854 -14.8884
1.55052 0.986682 1.43452 3.56427 6.64288
0.357518 1.25245 3.33414 1.20216 4.45595
-4.44746 -2.51959 -3.45303 3.87817 -2.18564
-2.10178 1.10364 2.18144 -3.5274 -10.0144
2.59411 -4.21829 -4.77045 3.54886 -27.8724
-3.93303 -1.74227 -3.8867 -1.12441 11.2227
4.88599 -4.58699 -2.37064 -4.71765 -11.2281
4.07822 2.13252 1.84419 -2.06761 4.88381
1.65391 -0.95038 -3.79666 4.00283 -16.7692
-0.749243 -4.82261 2.23949 -4.34622 -6.11999
1.48067 -1.06062 2.37742 0.353974 -0.728891
-2.31814 3.09136 -0.292351 -4.39576 -5.8811
-4.22628 -3.71434 0.954568 -3.46078 12.3943
-2.75105 -1.85847 3.66936 1.39412 10.2283
4.71651 -1.37775 -2.7908 0.778573 -8.671
-2.0438 1.77523 -1.38038 -1.12218 -2.07919
3.05492 4.97618 0.773389 3.72327 18.0814
-0.197583 -4.19034 -1.95884 3.80143 -6.61844
2.23566 0.153196 1.74051 -3.70438 -6.10502
2.11047 0.509148 -4.14863 -2.61005 11.9026
-0.227057 0.0688804 -2.7546 3.32584 -9.17701
-1.16559 -0.048732 -4.01782 3.44437 -13.782
-4.34056 -1.39175 -0.438065 -0.924903 6.44616
-4.55834 -3.50183 0.0924552 0.346955 15.9946
-2.74531 -3.73076 3.2256 0.0532649 10.4139
0.653107 -0.841355 0.00381336 0.494284 -0.54761
2.46365 2.30439 -1.68336 1.32978 3.43872
1.80723 2.11522 -1.06245 2.5306 1.13405
3.45774 -2.47163 3.97104 0.466622 -6.69328
0.41176 -0.814981 1.89302 1.50034 2.5046
0.323868 2.18468 -0.433866 4.97381 -1.45042
3.83201 -4.00547 -3.9806 -3.17069 -2.72775
2.61742 -3.58261 0.41572 -4.84535 -11.3915
-4.1753 -1.79746 4.67952 -0.91452 3.22541
-1.32169 -2.39422 -2.07645 -4.66519 12.8515
1.76236 4.24511 4.65732 4.48037 28.3479
-2.18062 0.0176222 -3.33183 -2.69634 8.9453
-1.74446 4.57352 -4.15748 -1.76419 -0.643729
3.42354 0.371998 -0.89407 -0.534382 1.75133
0.0964895 4.90929 0.464082 -0.298415 0.335206
1.63007 -4.58132 2.11285 4.35373 1.73095
-0.394768 3.48756 4.04305 2.55297 8.945
4.89333 -3.74748 2.21048 -0.535212 -19.5207
-4.95565 1.33176 -0.209248 0.653048 -6.73638
0.406674 0.53342 4.67222 0.498659 2.54677
-0.268589 -4.56649 2.26501 2.8416 7.66277
-3.32958 0.512443 -1.66327 -1.61511 0.98013
-2.05465 2.38784 -0.0869142 -3.59152 -4.59402
3.02716 -0.991283 -1.10002 1.32742 -4.46096
-2.7644 0.0973703 -1.97539 -0.0922619 -0.0869169
0.589506 -0.309845 1.48434 -1.80235 -2.85797
0.242356 -3.49733 -4.32979 4.14686 -18.8026
2.43228 4.26717 2.82834 1.81492 15.5122
2.30682 -2.69395 4.07203 -2.75022 -17.4134
-2.17284 -2.14027 4.50144 -0.617908 1.86901
-3.86745 -3.34588 -4.20073 -0.303973 14.2169
-0.229752 -2.48147 2.88651 -3.01676 -8.13778
0.959776 -0.964335 -3.00463 4.4433 -14.276
4.64491 0.116462 -4.83543 -1.01986 5.4724
-1.82625 -0.804651 -1.31747 0.0175091 1.44643
3.44276 3.16789 -3.74714 -1.20138 15.408
3.06867 4.35988 0.437306 -4.79785 11.2809
0.518482 1.14399 -0.855015 -3.61901 3.68745
3.53338 4.04235 -2.9404 0.500148 12.8125
1.65621 -2.05599 -4.4194 4.15482 -21.767
1.29626 -2.60477 -4.18554 0.304223 -4.64981
-3.26733 0.000438331 0.894237 3.48314 3.11332
-0.584289 1.49031 -0.687546 -1.00565 -0.179343
3.93624 1.75004 -4.52043 -4.09568 25.4028
-1.96289 -4.25728 4.00015 1.60836 14.7902
-2.75281 2.50526 2.88094 -0.458822 -8.21835
3.97727 -0.625616 -1.33837 -3.64983 2.39659
4.79264 -2.59124 -2.09572 -3.12932 -5.86067
2.57832 4.9097 -4.11483 1.50684 6.45837
-1.42852 1.48314 3.65781 -0.115517 -2.54124
1.02151 -2.25517 -4.29933 -3.51067 12.7899
-2.08894 1.79385 -0.740882 4.39384 -7.00256
1.87888 -2.24998 0.545295 -1.52615 -5.05964
2.94489 1.68231 3.32511 -3.66909 -7.24591
-4.65879 4.80302 -4.53089 2.38436 -33.1796
3.72386 -3.1649 2.50636 4.14666 -1.39263
-0.676378 0.353178 -4.72832 -4.43626 20.7372
-1.29945 -2.65169 -0.953714 2.32703 1.22642
3.93429 -3.08831 -0.604646 0.67928 -12.561
-4.9953 -1.3101 -3.8933 0.18446 5.82621
-4.47251 2.60556 -2.69625 -1.13816 -8.58462
-4.09918 4.86955 3.13338 -1.6524 -25.1387
1.51104 -0.404624 -0.445261 1.4541 -1.25886
-3.69967 -2.73981 2.34942 -2.82733 3.49378
-3.48755 4.53261 3.29537 -3.78475 -28.2798
-2.50306 -0.191501 -3.15779 -3.84951 12.6353
-1.77529 -3.9999 -2.24821 -4.47471 17.1611
0.475362 3.3589 -4.76764 4.37159 -19.2455
1.43088 2.20773 2.1267 4.30286 12.3099
-0.434967 -0.351371 0.211549 -4.34162 -0.765631
0.55537 0.746737 4.27213 -4.18633 -17.4698
0.321469 -4.76439 0.69314 1.18867 -0.70769
4.57611 0.122221 3.15645 3.1509 10.5049
4.61327 -2.61884 0.656979 -4.37061 -14.9528
-0.434394 -3.64277 -2.81571 2.38924 -5.14503
-0.361347 -0.818017 4.1422 -1.3627 -5.349
0.407971 -4.48909 -2.26427 -2.07584 2.86884
1.71513 1.39708 -3.73978 -1.45968 7.85508
-1.4615 0.0475747 0.19659 3.49107 0.616778
1.68525 -1.38133 -4.43713 -1.34088 3.62175
-0.0934703 -2.18785 2.15609 -1.75232 -3.57367
-0.00312634 -2.62648 4.788 -4.71458 -22.5652
0.520149 4.18166 1.1472 4.03257 6.80127
3.04821 2.31783 -3.15245 3.58124 -4.22444
2.15997 -3.66062 -4.36294 4.1256 -25.9066
2.03441 1.12811 -0.614131 3.15456 0.357717
0.0812101 3.98611 3.79469 3.29498 12.8271
-3.32172 -4.65461 -0.669263 1.86989 14.2099
1.93917 3.49218 1.8937 2.73675 11.9545
1.78989 -0.558563 1.59696 -3.73425 -6.9632
2.55708 3.11979 2.6601 0.240186 8.61647
-0.181691 -1.46075 1.51105 4.12838 6.50359
-2.46395 4.17112 4.47842 -1.13443 -15.3579
-1.96122 0.183555 -4.03588 -4.61674 18.2727
-0.482179 4.42621 2.78519 3.38381 7.29034
2.91892 1.51808 0.336078 -2.34206 3.64405
-4.29218 3.89058 -0.0564128 -4.8892 -16.4232
-0.712121 -0.25376 2.15058 4.41527 9.67608
2.80142 -3.47531 1.96666 -4.95432 -19.4793
-4.88359 4.80904 0.175593 2.20439 -23.0983
-3.88169 -1.11939 0.247153 0.483854 4.46471
-1.47208 1.17111 -3.26626 3.80647 -14.1569
2.94627 -1.55528 3.45751 -1.47514 -9.68258
-2.87614 -2.05703 -4.97744 1.61531 -2.12378
4.38284 2.8728 2.60168 -0.780153 10.5613
4.89091 0.173668 3.24271 3.19726 11.2172
-2.05357 -1.90563 1.51669 1.28868 5.86787
-1.26304 2.06467 4.97842 1.07324 2.73531
2.02536 4.44884 4.45024 3.46844 24.4459
-3.29088 -0.191616 -1.7106 -2.76238 5.35591
-4.33983 3.09574 1.85782 3.84775 -6.28657
3.88633 -1.00557 -1.36982 -0.598724 -3.08783
-3.02817 0.563856 -0.861267 4.22517 -5.34645
2.09621 -4.02555 1.32566 3.68317 -3.55578
-0.5592 2.5271 3.30178 1.17512 2.46685
-1.14733 4.71246 4.27138 -2.32565 -15.3405
-0.683365 1.07963 -3.5506 -2.28881 7.38885
-1.32325 -0.570755 1.71758 -3.93171 -5.99777
-1.48208 -3.64134 -4.15752 -3.81039 21.2385
4.53973 -2.95083 4.5917 1.8184 -5.04643
-1.80842 2.93723 -3.39092 2.95231 -15.3228
-2.65199 -1.52623 0.295906 -1.50492 3.60222
-1.48314 0.555311 3.5561 -2.07223 -8.19266
-0.928174 0.201445 0.0635571 -0.346598 -0.209005
-0.156729 -3.44976 -1.86735 -2.63719 5.46522
-1.21268 -2.55887 -3.87248 2.66015 -7.1983
1.45733 -3.67331 1.24553 -3.75488 -10.0301
1.05359 -3.11195 1.71691 -4.40823 -10.8473
-3.59846 -1.50526 -4.21134 -2.98003 17.9665
1.29284 -2.91755 -2.36193 -4.11924 5.95745
4.81838 -0.113548 -0.900602 -4.15045 3.19079
-2.25167 2.19796 -2.9852 -4.24867 7.73406
4.34429 -1.98611 3.76701 -4.66819 -26.2133
-3.94964 0.0816215 2.4421 -0.0582034 -0.464513
-0.210284 -4.10652 -3.65113 0.305091 -0.250389
0.770796 1.06916 0.895989 3.62331 4.07055
-0.843559 -4.98145 0.788161 0.426582 4.53836
-1.06464 -2.58656 2.29874 0.668978 4.29157
1.40169 2.25803 -3.63129 -3.42213 15.5918
0.123042 -1.57536 1.15008 3.72064 4.0852
4.14809 -0.0550204 2.1317 -0.813176 -1.96167
1.84262 -4.93321 3.12697 -2.16692 -15.8659
4.92737 -3.69798 -3.14628 -1.81192 -12.5205
1.04991 4.20805 0.239351 -4.37085 3.3719
-1.54925 4.19292 -4.1414 -0.0129337 -6.44233
2.04067 3.10341 4.12094 -1.04429 2.02956
-0.655142 3.65246 -2.22667 3.29474 -9.72917
-2.30542 -1.99149 -3.4469 4.60353 -11.2767
3.78916 -4.62436 3.84768 -0.071907 -17.7991
-2.35389 1.53775 -3.00229 -1.09277 -0.338879
-0.815252 -1.69441 -2.17906 4.95314 -9.4118
2.85626 2.77649 4.53295 1.6619 15.4637
-1.12072 0.836545 0.315081 -0.776335 -1.18214
-4.10233 -0.941651 -3.92715 2.605 -6.36728
-0.0357556 1.324 1.15003 4.0434 4.60268
-0.62054 3.70776 3.27225 -0.92622 -5.33164
4.34758 -0.786043 4.19189 2.26882 6.09327
-2.09093 -4.3459 1.34018 -4.59939 2.92295
-1.53099 -1.88501 4.87891 -1.42427 -4.06298
-0.203719 -4.96575 -4.36462 -0.815201 4.56966
-3.26481 -3.17908 2.67833 2.49615 17.0646
-2.95269 -1.01499 -0.76383 2.6803 0.949655
-1.67704 1.8256 -2.74931 -4.72352 9.92483
4.2836 1.54114 -4.89877 0.978402 1.80865
-2.01973 4.71427 0.829576 4.60853 -5.69843
1.14074 4.26634 -0.192927 -2.16461 5.28438
-4.63264 -2.41036 -2.1641 1.96913 6.90494
-0.434871 1.54348 -2.62151 3.16246 -8.96164
1.66082 -2.27132 -2.4154 -4.14231 6.23308
-3.89907 1.31342 -2.01277 4.09604 -13.3655
0.0826191 3.59208 -1.01019 -4.03178 4.36962
2.18535 3.0147 0.939046 1.84267 8.31852
4.79592 -1.52193 0.488938 -4.92033 -9.70477
-0.462418 -1.08224 -3.55094 0.123207 0.0629484
1.81721 2.01137 -3.68102 1.80205 -2.97831
-2.14379 -0.370378 -0.2849 -2.24078 1.43241
0.444347 4.33595 -4.4712 1.01478 -2.6106
-2.94769 3.84012 2.50593 1.64984 -7.18509
-4.01516 2.08531 3.78315 -4.94328 -27.074
-1.66649 0.635732 -0.474368 2.97602 -2.47117
3.44008 2.36749 2.86357 1.34449 11.9944
-3.51076 -2.65865 -4.94061 1.01309 4.32857
-0.687744 -2.05154 3.53443 -4.07358 -12.9868
-1.86984 3.72742 3.03818 -2.3979 -14.2549
-0.148296 -4.9292 -2.00296 4.6261 -8.53492
3.43494 3.00751 -4.69702 -3.02955 24.5605
-4.90905 -4.91698 -0.314209 1.34581 23.7148
-3.90671 -4.14493 4.54307 3.13761 30.4474
-1.29101 1.29542 1.3681 0.131227 -1.49287
-4.99556 -4.06579 -0.902249 4.50514 16.2462
4.88663 -3.03801 -3.33844 3.64069 -26.9998
-0.253269 -3.28497 1.70647 2.83768 5.6744
1.87079 4.63886 -3.70824 -0.711662 11.3174
-0.0818604 -0.0434705 -1.33407 3.52614 -4.70055
-0.76267 -3.12827 0.827256 -2.46791 0.344243
-0.867051 3.86444 -2.50496 -4.09382 6.9042
-1.26412 0.314985 -2.82203 4.63745 -13.4852
2.50636 -3.85586 2.96085 -2.57456 -17.2871
-3.44 -0.67245 1.94901 -4.8479 -7.13539
-3.04548 -2.61255 -2.59249 -2.81883 15.2642
0.880144 3.93811 4.60998 4.91222 26.1113
0.541715 -4.60227 -3.38082 -1.94895 4.09592
-2.79682 -1.94908 -3.43869 -4.58798 21.2278
-2.93227 -1.5737 0.40322 -3.70209 3.12176
2.51128 -3.23363 2.20175 -0.932681 -10.1741
-3.47222 -2.48348 -2.55604 0.342414 7.74798
-0.475335 2.03331 3.8511 1.91826 6.4209
-2.86606 2.01917 -1.43168 -2.85688 -1.69694
-4.14274 3.72938 -2.85323 3.24843 -24.7184
-2.8025 -1.57695 3.81948 -2.47147 -5.02032
-4.57415 2.48863 1.28054 -1.94408 -13.8728
0.51285 -2.47011 1.40406 3.51918 3.67435
-0.480695 0.329789 2.37403 -2.69881 -6.56557
1.19497 2.08727 3.84211 -2.882 -8.57875
4.89065 -4.35761 4.91289 0.313653 -19.7706
-0.0394205 -4.31322 3.41594 -2.93578 -9.85843
1.91643 -4.38466 -2.40631 3.58454 -17.0284
-3.9696 1.83698 -4.88017 2.87169 -21.3064
0.938461 4.95715 4.19205 4.05456 21.649
-4.38302 -3.73199 -0.398442 -3.82891 17.883
-0.419646 -0.908113 -0.658389 4.39047 -2.50955
4.702 -3.35978 1.30623 2.59787 -12.4043
1.87308 -0.657006 -4.31431 -1.01181 3.13463
1.24472 -0.0685501 0.504189 -1.83372 -1.00987
-3.55208 -3.24355 1.99835 -2.03671 7.45131
-1.99917 0.767296 3.04264 2.31512 5.5101
-4.21465 0.17915 3.53494 -3.95372 -14.7312
-1.13672 2.27969 -4.2454 2.89412 -14.8781
0.789452 -4.91932 2.73856 0.143532 -3.4905
-4.9056 -4.96825 -1.83483 -2.11233 28.248
1.1837 3.49557 3.97368 -3.71543 -10.6262
-1.6785 -0.14937 -3.41223 3.29788 -11.0024
0.778733 -3.40542 -0.556494 -0.585142 -2.32628
-4.36514 -0.845986 -4.06641 -3.96982 19.8357
1.07779 3.6071 -4.76535 -4.35732 24.6519
1.31952 0.750113 2.32568 3.54797 9.24122
-1.08367 -3.70369 3.41267 2.33945 11.9974
4.10298 2.58435 -1.8649 3.43855 4.19098
1.56286 -4.74084 1.83945 -0.35225 -8.05721
0.92079 -2.88154 0.0909281 3.07141 -2.37401
-2.13569 0.896115 3.50544 -3.5958 -14.5187
-3.14784 -2.9102 0.675886 3.74293 11.6907
-2.85191 1.44422 -4.4477 1.28462 -9.83237
-3.10304 2.16459 -4.74894 -3.39681 9.41442
2.02263 -3.22141 -2.73731 -0.297358 -5.70175
-3.76323 -1.24192 -3.44677 -2.87322 14.577
-1.92004 -0.427085 2.64456 3.95383 11.2761
1.61346 2.4639 -0.957246 -1.63305 5.53865
-0.109029 -4.36423 -1.81523 0.876931 -1.11601
4.87754 -3.53607 2.91673 -0.260545 -18.0073
0.206928 0.200226 4.95803 3.14628 15.6408
-2.69043 -1.3 3.19629 -2.69981 -5.13178
1.76965 -1.4972 1.66673 -0.0395618 -2.71545
-0.397208 3.64985 2.63195 3.13033 6.78912
-2.76422 -4.6751 -2.46043 3.94249 3.22279
-3.31235 1.16527 -2.30099 2.77464 -10.2442
4.10682 0.4416 -4.77113 -4.76848 24.5646
4.3841 -0.601375 -4.42553 -4.84715 18.8147
-1.51676 -3.48111 0.407955 -4.66855 3.37543
4.1307 -1.02576 3.38619 0.663857 -1.98916
-3.28094 3.29736 2.36604 2.81844 -4.1499
-0.32108 3.77021 1.60957 2.6464 3.04903
2.52461 -4.60281 3.06474 2.86668 -2.83469
3.4323 -0.156577 -1.99552 2.46193 -5.45024
1.2765 -0.707079 -3.18759 2.6965 -9.49792
1.89884 -1.81849 0.818736 3.38223 -0.68388
-0.453744 -3.07229 -4.37458 -3.44504 16.4646
2.02012 -2.15456 -3.49826 2.97344 -14.7543
-1.85352 -0.905157 -2.3887 -2.07114 6.62505
-3.69916 -0.758151 1.40392 4.24412 8.76293
4.36958 -4.60766 -3.69724 2.72453 -30.2068
-4.77801 3.27245 2.93075 -0.281579 -16.461
3.58955 -1.80432 -4.9805 -1.16131 -0.692814
0.79784 1.14347 -4.24484 3.1776 -12.5761
4.85746 -3.85187 3.57441 -1.28581 -23.3063
-2.85155 0.480951 -1.80274 1.22651 -3.58254
-2.69016 -2.83805 -1.81992 4.51517 -0.582429
4.36086 -3.81246 -1.28119 4.5858 -22.5009
-2.2203 -1.3358 -1.23409 0.730396 2.06451
0.829174 2.67657 -1.92479 -4.20647 10.3159
-1.34742 3.16217 -4.86894 -2.24885 6.68875
3.73603 2.39027 -0.762315 -3.5123 11.6076
3.41784 -0.00886398 -2.27683 -1.37112 3.09151
-2.1545 -0.977617 2.09787 -4.76724 -7.89476
4.52189 1.04147 -3.7685 -1.28093 9.53659
-3.48562 -2.10408 1.95444 0.907271 9.10724
3.66513 -0.28591 -0.907003 -1.10499 -0.0456629
-4.70858 -4.17926 2.77936 1.5263 23.9205
2.80584 2.76115 2.2786 -4.88539 -3.38453
3.37556 -4.66647 -1.07033 -3.84088 -11.641
1.87993 -1.25804 -1.84533 4.72034 -11.0756
2.26886 -2.62257 -2.60034 2.96901 -13.6707
-4.46191 -1.98728 2.8898 4.97747 23.251
-1.56157 -0.645681 -4.13683 3.05528 -11.6309
-2.88289 -2.81127 -0.554663 0.121346 8.03728
-3.2923 2.34269 3.0472 -3.34173 -17.8958
-2.88822 -4.48284 -4.70099 0.688337 9.71153
-2.31678 0.546718 2.7969 3.53301 8.61486
-2.71109 4.5252 3.21868 0.513947 -10.614
-0.748846 -3.91954 -4.09527 2.67219 -8.00822
-2.92663 -2.08725 3.04051 2.35479 13.2684
1.51203 -4.40926 -0.473267 1.32564 -7.29432
-3.86024 -3.60699 1.55128 -1.2342 12.0093
-3.11223 2.51641 -0.153537 2.3326 -8.18977
-1.09139 3.09993 -0.0638141 -1.58489 -3.2821
-0.208602 -4.69353 -2.0627 0.697396 -0.459437
-3.7326 -3.56598 -1.60323 -0.383824 13.9257
4.75485 -3.85315 -1.43875 -4.70765 -11.548
-4.63942 3.25681 -1.12117 -0.178566 -14.9095
-2.8937 -1.57353 0.881315 -1.45189 3.27376
0.520793 -4.84161 0.863586 -1.48831 -3.80676
3.0755 -3.20433 0.00254605 4.47064 -9.84352
-4.96691 -1.27074 -3.28988 3.29027 -4.51295
-3.53137 -1.03975 0.783458 4.63376 7.30211
-1.8513 3.80804 -3.22432 -4.77841 8.3573
-1.81531 2.22959 1.86737 -2.42371 -8.57334
2.40194 1.88015 0.933993 2.02319 6.40564
0.711648 -4.8261 -0.0140562 -4.56268 -3.37035
2.572 -4.71203 0.844386 0.00795603 -12.1126
1.70219 -4.6 1.93284 2.67921 -2.65157
-3.45324 -2.24692 3.91666 3.82488 22.7399
2.82589 2.35208 0.792098 1.42841 7.77817
-3.18205 2.2335 -4.81719 3.05339 -21.8158
-3.01126 4.13144 2.12525 3.75234 -4.46616
1.65038 -0.998139 2.40705 0.710296 0.0624108
2.84195 1.47805 -4.53584 -0.762062 7.65714
3.20927 0.627104 -4.76163 -3.63823 19.3365
1.23552 2.37857 -1.67419 1.00767 1.25173
2.91502 -2.951 4.63819 -3.18975 -23.3969
0.74182 -4.41571 0.467922 -4.40857 -5.33852
2.10155 -4.75393 1.27637 3.26177 -5.8274
3.66036 -1.77014 -4.54766 1.61516 -13.8245
0.729354 -4.92814 1.91734 0.369522 -2.88586
1.78647 3.34992 -3.80086 2.88186 -4.96903
1.65776 0.534612 1.06875 2.14109 3.17456
0.0567401 -1.31293 -1.40122 3.48876 -4.96302
0.435568 -4.19218 -0.845694 3.37617 -4.68118
-2.11178 2.07276 -2.8457 3.04986 -13.0562
4.31954 -4.11079 3.23721 -1.28708 -21.9233
4.57483 -4.95167 -1.569 1.58274 -25.1363
-0.903041 -0.0324327 3.54899 -4.2327 -14.9925
1.04673 -1.13358 -3.57083 4.95084 -18.8652
3.15218 0.430383 1.65403 2.87595 6.11354
3.9388 -3.85924 0.291788 4.35764 -13.9293
3.94979 0.0561894 -2.32438 -4.67583 11.0904
-4.22221 4.75319 -2.13701 -4.3659 -10.739
1.45191 -0.413113 2.1435 1.43406 2.47412
-4.86256 -2.27667 4.18227 -1.05712 6.64932
-2.31958 3.19832 0.608595 -4.71564 -10.2887
4.99306 -0.865916 1.92337 4.33477 4.01376
4.55833 -0.644218 -4.05332 -2.60832 7.6358
4.4358 -4.46702 1.46957 3.41036 -14.803
3.90198 -0.467952 1.0562 -4.26613 -6.33183
-0.030287 2.49927 1.2608 -4.50234 -5.75227
0.898383 -2.1599 0.955624 -1.63257 -3.50054
1.41244 -3.64285 -1.03867 4.9007 -10.2355
-2.5511 3.52764 2.40471 0.173704 -8.58166
1.78541 -0.310478 0.815014 4.30112 2.95114
-1.07889 -1.93349 -1.3237 0.501747 1.42187
-1.10293 -0.0715391 -4.04127 -4.65319 18.8837
1.90752 0.11688 1.07923 3.65895 4.17181
0.246579 -3.11151 -3.95689 3.54381 -14.7897
2.78412 -0.0319919 4.6455 -2.17463 -10.1913
0.742377 1.81842 -4.20517 1.69361 -5.77195
-2.16317 4.01061 1.87964 4.62338 0.0146605
2.41403 -0.0719667 -0.633516 -4.41576 2.62372
-3.06081 -0.0278549 4.9069 -3.6305 -17.7292
-3.05618 -2.14942 1.91765 -4.0723 -1.24024
4.27676 1.08813 -4.70693 -0.523692 7.11864
2.70018 -2.7362 -1.58501 3.15566 -12.39
4.05482 3.9207 3.11674 -2.86611 6.96478
1.38177 1.79628 -1.15285 -2.7958 5.70517
2.7355 -0.872042 -1.32296 -4.2811 3.27825
-1.65562 -2.5118 1.11124 3.63518 8.19814
-0.316174 4.58182 1.80386 -2.40263 -5.78267
-0.550018 -1.3497 0.310596 -0.343182 0.635768
-1.0913 1.47195 -1.5855 3.20811 -6.69277
4.22323 4.42226 -2.44476 1.40882 15.232
-1.88389 2.56537 -4.22615 3.68701 -20.4147
1.66482 -4.86266 3.6195 -3.70724 -21.5138
0.934299 1.95135 4.60134 4.9599 24.6453
1.04043 3.13585 2.76783 -1.22716 -0.13393
-3.20156 0.184924 -1.58973 -2.40296 3.22801
0.185327 3.5355 -1.27868 -0.628927 1.45942
4.90464 -4.47368 4.17659 4.50887 -3.11002
-2.81204 -4.25954 -3.74866 3.84721 -2.44386
-4.2177 2.86216 -0.458768 -2.38756 -10.9764
0.0177998 -1.21649 2.32765 -0.929091 -2.18425
1.88736 -0.450611 -0.465808 0.0879076 -0.891416
-1.92951 4.51428 -1.22996 -0.763869 -7.77081
3.91665 4.49387 3.64844 2.54741 26.895
-3.59516 4.39339 -3.86325 -3.07531 -3.91426
-1.43634 1.91194 -3.47416 -1.13657 1.20244
0.598153 4.93028 0.437849 2.70929 4.13532
0.537836 -3.8859 3.65441 0.541503 -0.111099
2.21905 1.055 1.19727 2.87707 5.78571
2.43333 0.653777 -3.19528 4.60582 -13.1261
-1.60406 4.96546 3.28351 -2.63228 -16.608
2.62328 1.78324 -4.35627 -3.36596 19.341
3.04664 -0.270237 4.12304 4.35338 17.1258
-2.12765 0.181039 0.645784 2.55277 1.26335
4.28502 -0.354515 4.983 -4.85192 -25.6962
-1.3144 -1.74432 -2.26485 1.38083 -0.834641
-2.12211 -1.82893 4.32765 -2.10717 -5.23788
-0.415892 0.185593 3.86993 -4.79977 -18.652
-0.682307 2.97217 0.681289 1.63556 -0.913647
3.63125 -2.59289 -0.49585 -1.14678 -8.84682
-0.79895 -0.472846 -3.77233 3.3328 -12.1946
-4.45709 2.47531 1.08538 -0.785657 -11.8854
-1.74605 -0.387201 2.45474 -2.80176 -6.20152
-1.81549 0.763743 -0.774518 -0.536188 -0.971281
2.93803 4.63868 -4.73768 4.41167 -7.27248
2.19353 0.163298 -4.71645 0.105839 -0.140983
-3.238 4.73338 -1.51219 2.61933 -19.2876
1.21053 -2.108 1.40717 0.412068 -1.97195
3.61324 -2.27861 2.27845 2.4142 -2.73251
-0.203169 2.7752 -2.12835 4.35473 -9.83224
3.81407 0.284715 4.33171 -4.9832 -20.4999
-4.22025 4.69223 -4.98878 3.02654 -34.9011
1.21052 1.42317 -2.7727 4.57421 -10.9602
-1.48452 -0.695052 -2.77875 0.991263 -1.72266
-3.20865 -0.232779 3.20707 -2.39518 -6.93462
2.91922 4.61283 2.73432 1.28713 16.9853
-4.70916 1.31595 2.67711 -1.76752 -10.9289
-4.02761 1.94665 4.99624 -2.66092 -21.135
-3.54149 -2.81967 2.45873 3.08418 17.569
1.08287 -3.46315 -0.167416 -1.18104 -3.55243
-3.8504 -2.64001 0.803832 -0.0730336 10.1064
-1.46043 -3.25061 -3.71037 -4.30657 20.7263
-0.948751 1.89764 3.7497 4.55698 15.2869
3.26181 -4.73431 -0.656893 0.297787 -15.638
-0.851294 -1.9366 -3.44963 -3.26919 12.9261
-2.63619 -1.85686 -1.17145 -3.52343 9.02257
3.85386 -1.14637 3.16275 0.800879 -1.88498
-0.0129213 4.35647 1.56317 -3.5748 -5.64431
4.10587 3.49416 -0.93128 -0.331185 14.655
-4.09035 1.98231 -0.431438 0.689554 -8.40583
-1.12194 -0.647597 2.2822 -3.20561 -6.58926
4.4561 -4.68057 2.48574 -4.57932 -32.2401
-4.26528 2.63547 1.81347 3.62625 -4.66491
2.44306 -2.25319 4.44147 1.3428 0.459337
2.30286 3.35466 0.690493 4.02185 10.5024
-0.714085 1.87017 0.473077 3.8056 0.464878
2.90604 1.54491 1.35593 -1.92367 1.88122
0.858609 -0.296128 -0.167608 1.88875 -0.570826
-2.77734 0.669073 1.29518 4.07805 3.42356
0.883104 -3.40534 -4.2043 -1.02623 1.30729
-0.913066 1.83074 4.01846 -2.96617 -13.591
-2.20341 4.93944 1.98159 2.75902 -5.41636
-2.55544 1.98883 0.57519 -0.463927 -5.34918
0.64251 -3.82631 1.526 -4.52701 -9.36667
1.62901 0.29255 -1.7342 -0.885984 2.01304
4.62194 2.78237 -4.23056 2.47801 2.37656
-4.04665 -2.65247 -3.94151 -3.77431 25.6101
-3.78303 1.57522 2.21027 2.50369 -0.425286
2.24847 -4.14592 -2.04226 -3.22058 -2.74471
-0.389091 -1.92316 -0.600934 -1.18914 1.46288
-0.835249 -3.96763 -1.70666 -4.14404 10.3864
-1.33668 -0.937163 -4.46666 2.03082 -7.81831
0.849493 -3.08694 -1.47561 3.41907 -7.66754
0.482165 -4.18313 -4.21426 4.12891 -19.4173
0.631691 -2.88171 -3.39906 3.76122 -14.605
-3.42278 3.14354 2.0875 -2.59248 -16.1714
-0.458158 2.45987 -0.980561 -4.20127 2.99259
-4.67456 -4.21872 3.93794 -1.32356 14.5086
1.9067 4.80713 -1.65769 1.81563 6.15599
-0.903298 -3.35594 -4.10296 -1.2146 8.01487
-0.834657 3.50712 -4.00197 -1.14141 1.64063
-0.742928 -3.41962 0.691723 3.51855 4.9744
-1.81322 -0.0803301 0.623276 -3.50514 -2.03901
-2.72673 -1.959 -0.0602073 2.40517 5.19687
0.940565 4.24063 1.12879 3.98837 8.49062
-3.0484 -3.69035 -0.549924 2.63616 9.79995
2.66726 -2.00778 -2.78553 -4.75347 7.88563
0.728068 -4.95665 4.03464 3.6598 11.1572
-1.88551 -1.10027 -3.83929 2.07979 -5.91034
1.03913 2.36316 4.72015 -4.57062 -19.1184
-4.28839 0.695507 2.0511 -0.446084 -3.89757
4.03485 -0.45555 0.254732 2.81229 -1.1217
-4.73554 -3.81931 3.05622 -1.34409 13.9787
0.546429 -4.67653 -3.54944 1.52809 -7.97926
-1.84982 -2.18043 -3.02659 -1.93301 9.88382
2.37512 -2.47537 3.91584 2.4687 3.78775
-2.08192 1.09248 -4.32441 2.79562 -14.3639
-3.37998 -1.66874 1.89152 -0.767313 4.18893
-3.18305 -1.76585 -3.43447 -1.34468 10.2391
-1.32707 -0.843648 -2.51131 4.59137 -10.4108
1.47623 -3.55572 3.54805 3.32599 6.55174
-4.38752 -0.532046 4.74778 2.2211 12.8796
2.66973 -0.890438 -3.415 -0.362925 -1.13784
2.5885 -2.74683 2.50486 1.20615 -4.08893
0.0183812 4.24467 -1.15257 3.16457 -3.56936
-4.46339 -1.84502 -0.239435 0.54067 8.10557
1.09252 3.84029 3.16627 -2.7823 -4.61391
1.84626 -3.66257 4.4425 0.226633 -5.75525
2.50891 -4.40301 2.83942 -2.67857 -18.6523
-4.4053 -1.14761 4.38226 0.257446 6.18376
4.84706 3.6999 -2.63456 3.70538 8.17158
0.820562 -0.213181 -0.538516 3.12082 -1.85554
-4.20498 1.0874 -0.57786 -1.10254 -3.93537
0.544686 -2.98927 -4.00366 1.22585 -6.53611
0.132676 4.18271 4.95318 -2.64393 -12.5409
-2.58078 -0.707049 -3.49379 -2.65491 11.1004
2.3329 0.922883 -4.79331 4.61767 -19.9809
4.34474 -2.78584 3.95282 -3.95041 -27.719
-0.392386 -1.28467 0.111689 -0.881892 0.405588
0.272327 1.84446 -1.78085 -3.64202 6.98819
0.886644 -0.259165 1.95022 -3.88947 -7.8151
1.83521 4.73221 -4.64493 3.06468 -5.55057
2.39609 -4.21659 4.58346 0.91305 -5.9184
4.57757 -0.654938 -4.09686 -4.87626 16.9793
-3.14787 4.46664 0.65569 2.79015 -12.231
-2.97422 2.94603 1.34253 -0.523124 -9.46445
-0.37921 -0.10107 -4.89312 4.23359 -20.6771
2.86188 2.21598 4.17945 -1.10251 1.734
2.55934 -4.39402 0.275894 3.33087 -10.3268
1.76288 2.85006 1.15658 -0.773889 4.12924
-0.843627 2.06934 -1.40149 0.928398 -3.04689
0.254521 -2.95153 -1.69812 1.55209 -3.38686
0.244209 -1.03758 4.82258 -3.26748 -16.0111
-2.28148 -4.76597 4.17447 1.46253 16.9788
0.628027 4.25471 -3.25927 -4.87346 18.556
2.47486 0.551512 -3.35746 -1.59134 6.70776
-2.74585 -1.87336 4.74529 -3.33524 -10.6827
2.88633 -2.42317 3.55212 3.27663 4.64493
-0.959136 2.97012 -1.08704 4.44884 -7.68482
-3.99336 -3.21446 4.15115 -4.69334 -6.64627
-4.1905 -3.64989 1.08475 1.68835 17.1263
1.86985 4.89445 1.19266 0.105751 9.27803
-2.10345 -0.35139 1.26842 -2.52224 -2.46013
-2.4805 -4.92235 4.53618 0.509244 14.5199
-4.12144 4.71487 3.70281 0.815233 -16.4134
2.51207 -2.47402 1.95703 0.214741 -5.79465
3.62488 -3.72457 3.59122 -2.72859 -23.3001
2.72095 1.69826 1.17309 -3.68399 0.299248
0.287618 0.235115 0.220294 0.757083 0.234404
0.838465 0.387501 3.85069 0.0206684 0.404494
4.93733 -2.16008 -1.57471 -3.99802 -4.36931
2.44846 -3.3948 -0.562301 -4.22064 -5.93877
1.32023 1.337 -3.91894 -4.79051 20.5389
4.53742 -0.596483 -2.8447 1.99998 -8.39582
0.899883 4.3788 3.42738 4.83964 20.5277
2.91762 0.538344 -1.39377 3.32488 -3.06344
-1.8255 0.926992 4.46563 -2.17614 -11.41
3.06144 4.25321 -4.02515 -3.20074 25.9044
0.991769 -4.10009 -2.4661 1.98418 -8.95952
-3.73641 2.04141 -1.94288 -0.954221 -5.77359
4.80342 1.92713 0.694564 -0.310444 9.0412
1.91927 -1.46675 1.39646 -3.57416 -7.80627
0.563288 -4.30128 -0.221442 -4.77922 -1.36454
4.83755 -1.59565 -3.46741 3.62123 -20.2753
-3.15754 -4.60307 2.64329 2.26353 20.5175
-1.88746 -0.808855 3.31207 1.05747 5.02908
-3.21423 4.67998 -2.30456 -1.45525 -11.6889
-1.55754 1.36981 4.65236 -0.491025 -4.41796
1.27041 0.724304 2.46411 3.1933 8.78879
3.02667 0.450329 -1.94934 0.144411 1.08149
4.37401 2.07749 -4.82581 2.09044 -1.0011
-4.07129 -3.06754 2.81021 1.61721 17.0335
-0.115027 3.43128 4.09282 1.67542 6.46251
1.99318 -4.2202 -3.3579 3.68816 -20.7961
4.88869 -2.56329 -3.06707 -4.23835 0.468191
4.95738 -4.67937 1.72188 -3.381 -29.0191
4.57788 -0.270047 -1.98737 1.16389 -3.54932
-2.77331 2.47333 -0.83593 -4.8956 -2.76693
-0.263991 3.26506 3.22165 2.55383 7.3656
-1.17565 -4.9448 -4.43052 0.0506454 5.58899
-1.59705 0.170021 -4.64738 0.980616 -4.82882
-0.362183 3.65989 4.41009 -4.34446 -20.485
-1.03496 -0.42123 0.406465 1.96499 1.23465
3.50227 2.03211 -2.69014 -1.56447 11.3257
0.0218335 0.858721 -3.07683 0.175018 -0.519751
1.21712 -1.47731 -4.51498 1.10814 -6.80129
3.58285 -1.11952 -3.35545 4.40418 -18.7891
1.65825 -4.43603 -4.84287 2.75143 -20.6809
-0.924276 4.50488 -3.39015 -0.427575 -2.71421
4.15383 -2.76696 -0.58064 2.46874 -12.927
0.565891 2.85937 -3.08676 0.522771 0.00442521
4.5234 -4.45923 2.56046 4.41611 -8.86361
0.232275 0.48486 4.0443 1.56591 6.44562
-3.43982 -0.854056 -0.237511 -4.19388 3.93389
0.893782 0.0841602 2.70152 -2.04924 -5.46083
3.59265 0.672329 -3.18666 3.14905 -7.61951
-4.09195 2.60022 -3.47111 0.09696 -10.9765
3.51403 -4.53696 2.6877 -1.13023 -18.9807
1.93959 0.620485 3.83411 -3.39208 -11.8021
-3.28751 2.48807 2.30513 3.24231 -0.705597
-0.500011 -4.88902 4.41604 4.13434 20.702
2.25897 -0.138822 3.31177 3.93549 12.7199
-2.09929 -0.344057 3.94385 0.370643 2.18404
1.39072 4.82264 3.52514 -2.16252 -0.916265
-4.62492 1.71841 3.69611 3.74148 5.88143
-0.495197 -1.17406 1.22423 -2.73955 -2.77244
4.56694 -0.579714 -3.02446 -1.26184 1.16886
-3.66643 -3.10656 0.460369 2.26685 12.4336
1.6105 -4.37495 -1.34588 4.74612 -13.4336
-4.41367 -2.28498 -4.93527 -1.15477 15.7843
4.24501 -1.51891 -3.87755 0.258323 -7.44945
-0.340601 4.32699 3.32089 4.50911 13.5005
2.81498 -1.33678 4.25864 -4.58189 -23.2756
1.77683 1.99749 -4.03466 2.52364 -6.63285
-1.32228 -3.10756 -4.61544 4.87412 -18.3872
-4.40784 4.92263 -2.30014 -2.68634 -15.5192
-1.55143 4.32439 -3.35193 4.04453 -20.266
1.52553 -2.65936 1.19698 -1.71413 -6.10871
2.60035 -1.20311 -3.12095 -0.862338 -0.437198
-2.19052 -4.32714 2.09056 4.00834 17.8584
-2.89948 -1.96221 1.26457 -3.51056 1.25005
4.17493 -3.41873 2.44813 -4.6578 -25.6758
2.13589 -0.0700101 4.01589 2.81593 11.1589
1.21711 -2.25288 -0.45835 -3.57825 -1.10192
0.730664 0.224272 -2.88178 1.06959 -2.91844
0.0455888 -1.82665 -4.60121 -0.391426 1.71776
-0.978797 2.80829 -0.0713108 -0.295312 -2.72768
2.72455 -4.98156 2.87124 2.44034 -6.5657
-4.64854 4.71409 -0.351575 -2.05347 -21.1917
2.31466 3.585 3.9036 -4.2706 -8.37266
-3.15977 2.3238 0.999417 0.778245 -6.56487
-3.16217 -1.81102 3.56916 0.181523 6.37464
-1.08596 2.20279 0.0210642 -1.52689 -2.4243
2.09153 4.90871 -0.258193 2.36242 9.65674
4.4314 0.70839 2.67866 -3.74692 -6.89759
2.69656 4.08383 -2.88246 -1.96247 16.669
2.12482 0.627431 1.29689 2.52647 4.60972
-0.618961 -0.498441 -1.53936 -3.25961 5.32624
-0.407149 -0.984203 -0.178284 2.09311 0.0275487
-0.323604 -4.53172 2.80099 0.0780112 1.68499
4.99561 4.16252 4.37407 -4.51905 1.0277
0.191507 4.65051 -4.48219 0.0728779 0.563952
3.0048 2.52062 4.58027 -1.96297 -1.41698
-3.40751 1.51216 0.581771 -3.33618 -7.09359
1.99011 1.84048 -1.16799 4.90713 -2.06874
2.05676 -2.99523 1.5749 1.92896 -3.12255
1.34576 4.82609 -0.702091 -0.178341 6.61998
-4.43821 0.663107 -2.84728 3.00064 -11.4867
-1.25014 0.00632227 3.03007 -1.26742 -3.84829
-3.92886 2.43361 -2.19277 -1.39038 -6.51253
-2.57579 4.96967 -4.42563 -4.20129 5.7925
-0.729105 4.61678 2.43035 -2.08583 -8.43542
-1.75843 -3.96351 0.115901 -0.928564 6.86192
1.56143 -3.00942 -2.45541 2.28579 -10.3116
1.9591 4.09904 3.34268 3.47078 19.6322
-3.80999 3.13372 -3.1317 -3.40778 -1.26725
-3.50148 3.02781 -1.6237 4.26887 -17.5332
-4.59484 -4.26848 0.678031 -0.904728 18.9995
1.21336 3.61356 -3.4546 3.28373 -6.95942
-4.63082 3.953 -2.14369 -3.58009 -10.631
2.98505 -1.55742 1.73073 -3.18853 -10.1675
-0.743181 -3.24584 -0.730538 -1.94693 3.83455
1.83387 -2.03344 -1.44307 -1.09049 -2.1554
-3.24956 1.5653 3.94627 0.544479 -2.93787
-1.80704 -4.35582 -0.210675 -3.56385 8.62197
4.39338 -2.71221 2.34431 0.245982 -11.3391
4.73025 4.88919 4.8879 2.67893 36.2214
-1.16247 3.90404 0.547004 0.680692 -4.166
-3.97812 3.95861 -2.07992 2.01223 -19.9331
1.7026 2.66359 3.9665 -0.781905 1.43361
3.6 -3.22103 2.02756 -2.36726 -16.3955
-0.466339 4.89319 1.99824 -0.656213 -3.59316
2.414 0.0370525 -0.803716 -4.93127 4.05278
0.727029 3.64771 2.64392 4.74303 15.1922
-1.37092 4.42366 -0.349157 2.31458 -6.87265
3.42801 -2.19257 1.79975 2.75412 -2.55943
1.9147 -0.707297 -1.5732 -1.22662 0.575469
-3.88834 4.02782 -2.83003 2.70592 -23.3194
-4.32464 -1.25584 -1.32175 -2.20409 8.34429
3.3581 2.03643 -1.33371 -1.80008 9.23932
-3.01679 -0.25537 0.123184 -4.57617 0.206688
-3.01393 3.66669 -3.34576 3.37245 -22.3346
-0.448801 -4.50278 -1.70759 2.37034 -2.02672
-2.79184 -1.47073 -2.75847 -2.52288 11.0653
-3.53598 0.696446 2.08242 -4.06025 -10.9178
-3.01327 -1.41895 4.03328 -4.96053 -15.7315
-3.44511 -1.09685 -4.17261 3.03703 -8.89359
2.2485 -2.40972 -3.06708 -0.397609 -4.19876
-1.84211 -3.71602 -4.7475 -1.29866 13.0107
-0.0194598 0.804932 -4.58107 -3.09432 14.1596
-3.33102 -0.441984 2.02878 4.67515 10.9571
2.59374 -2.93721 -1.2634 -4.64813 -1.74593
-3.93012 2.14925 -3.6655 2.63189 -18.094
-4.70544 -4.0466 3.65083 2.81948 29.3345
3.74733 -1.42932 -1.17054 4.89491 -11.0858
0.533016 3.93068 2.48223 -2.77338 -4.78905
1.11924 1.06523 -0.68965 0.786981 0.649508
-4.14535 2.57502 -1.33218 4.70214 -16.9384
1.0705 0.520646 4.5508 2.44262 11.6732
4.91545 1.8413 0.732885 -3.30357 6.62968
2.77017 3.12047 -3.6012 -4.14557 23.5733
-2.90859 4.18788 -4.49418 -2.55091 -0.716561
2.9616 0.675812 2.39011 -0.175482 1.58206
-0.60809 0.223666 -4.30652 1.15352 -5.10366
3.46692 -2.34463 4.59129 -3.27737 -23.176
0.0244205 3.79383 -2.81829 1.72828 -4.77816
3.1028 -4.66789 0.588271 -3.8792 -16.7656
2.42383 -4.68097 4.85075 -1.44341 -18.3475
4.9442 0.920064 -0.585633 1.01399 3.95516
3.9282 4.59216 2.77728 -0.440054 16.8167
-3.58368 -1.73706 2.54532 -3.03978 -1.51214
1.82861 4.64157 0.619473 2.87421 10.2681
2.56608 -2.63048 -0.715406 4.15582 -9.72313
2.22465 -3.54476 0.66098 3.11941 -5.82398
2.38408 -0.184497 0.96223 -2.25511 -2.60979
-0.659747 3.72044 -2.348 0.539277 -3.72077
-0.449016 1.31853 0.624071 -0.409859 -0.84782
3.16886 0.671113 1.32679 -3.00189 -1.85622
0.0279432 2.47953 -1.32104 -4.73178 6.32017
1.57557 3.58831 1.9766 -1.41262 2.86147
-0.108043 0.413074 0.537807 -0.136675 -0.118135
0.231707 -0.753487 -2.69052 -1.03439 2.60845
-3.27016 0.76912 3.19942 -4.9879 -18.4735
-0.118656 -4.37526 0.934623 4.65917 4.87372
-0.386348 3.94682 1.33386 4.73753 4.79437
-4.94643 4.75796 -3.34157 1.89254 -29.859
1.30373 4.50904 -2.38948 3.7723 -3.13525
2.58323 0.0148099 -4.97199 -4.22585 21.0491
-1.8237 -2.50448 -4.72203 1.01924 -0.245495
4.36063 -3.55314 2.08049 -0.375303 -16.2747
4.27082 3.56683 0.935071 0.0591453 15.2886
-3.92859 4.30745 -2.78481 0.333202 -17.8501
0.934966 4.15431 1.73326 -2.91612 -1.17026
0.975199 4.9218 4.8195 -1.55669 -2.70272
-4.10275 0.268727 -1.6836 2.05909 -4.56921
0.226734 -2.47313 3.26611 0.263301 0.299228
3.77036 -2.68068 4.33553 -2.20814 -19.6806
-0.77675 -1.14454 4.25192 4.83754 21.4579
4.72245 1.29528 4.15856 1.54453 12.5399
3.43564 -0.134487 3.9187 2.67357 10.0149
-0.660124 1.06386 1.27327 -0.597012 -1.46244
-0.657721 -1.09249 4.48607 -3.30074 -14.0888
4.04922 2.08341 -2.22341 3.57122 0.495916
3.39968 0.84674 3.75118 -3.49029 -10.214
0.557529 2.26982 -2.87086 2.34196 -5.45794
-2.17291 -4.41026 2.45986 -0.165932 9.17491
3.65795 -1.7937 -4.28488 2.36962 -16.7148
1.61052 2.99215 1.12501 -2.57329 1.92395
4.14843 4.51751 -2.12453 -1.8588 22.6897
-1.02058 4.47687 1.23529 3.92621 0.281013
-1.9508 2.22995 2.53695 -1.57373 -8.34267
0.837461 3.71296 -3.46686 -4.12179 17.3991
0.551363 -2.08231 -2.25823 0.556749 -2.40538
-4.75176 2.08704 -3.20109 2.42777 -17.6886
-4.11471 -2.77551 -1.93303 -3.51504 18.2151
4.23533 4.00817 4.65596 1.29798 23.0193
2.87742 -4.44823 -2.10131 0.972064 -14.842
2.72485 -2.53575 -2.76597 -0.488212 -5.55914
-1.67659 -2.56104 -2.83164 -1.94244 9.79409
0.0910069 4.72833 -1.63298 -2.4211 4.38392
1.74715 -4.34528 0.759844 -1.90063 -9.03606
4.42626 -0.796949 1.92861 2.75226 1.78055
-4.83828 3.21972 0.94207 -4.78927 -20.0898
-0.768283 -4.51054 2.2222 -3.62296 -4.58559
-0.731144 2.75295 -4.28087 1.65862 -9.11315
-4.7459 -1.22491 -0.858058 -2.0017 7.53085
3.35587 -3.82168 -1.76438 0.485474 -13.6816
0.586133 0.117777 1.27199 -2.87604 -3.58926
3.66366 -3.69364 -4.7007 0.850102 -17.5283
2.2156 -2.07495 0.891489 -0.1631 -4.74266
-0.410977 4.39491 -3.18323 -0.203657 -1.15793
-0.522344 2.29571 -0.813507 -2.29482 0.667702
-3.45223 2.06512 -0.0490544 3.79865 -7.31562
2.75656 -2.29917 3.77641 -3.78366 -20.6265
-3.28064 -3.46645 -4.02684 2.16578 2.6509
-4.90669 3.28804 -0.307731 -2.91043 -15.2377
1.08362 0.375638 -0.175652 -0.0870096 0.422332
-4.68937 4.72535 -2.78165 -1.21116 -18.7899
2.51222 1.13891 -4.54318 0.0857261 2.47171
2.97038 -1.34125 4.79238 0.851113 0.094845
4.2862 0.937018 4.73528 0.744761 7.5429
-3.65213 0.439447 1.11761 1.78577 0.390877
-1.2465 -3.50608 0.176444 -4.364 3.60032
0.913811 0.972072 -1.75223 4.82902 -7.57326
2.1708 2.28966 0.745758 -1.99945 3.47928
-2.87265 -4.19329 -3.88679 -2.20483 20.6156
1.5262 -1.43719 1.31055 4.44224 3.62832
-0.573274 0.661793 -0.477777 -4.5558 1.79727
4.48297 -3.19433 2.19904 2.26203 -9.34578
-0.89768 0.567047 4.02966 -3.03802 -12.7512
3.91632 -2.56779 3.19843 -2.39437 -17.7145
-0.998086 -1.42891 -4.22868 -0.944822 5.42153
4.20904 0.13261 1.40081 -1.55229 -1.6163
-4.93888 -4.79873 -3.07075 1.89403 17.8842
-0.885593 -1.12455 3.90431 4.29097 17.7492
-2.03808 3.38382 0.478048 0.874419 -6.47848
-4.54272 -0.615189 -4.58949 -4.13425 21.7687
1.80297 -2.61096 4.66586 -2.28527 -15.3702
-4.7007 0.541977 0.124952 -2.62037 -2.87509
-4.17771 -2.91076 4.04322 4.74629 31.3506
-3.91587 -4.16022 -2.13763 2.17396 11.6437
-2.01613 0.705705 1.08428 -1.45843 -3.00414
2.36047 -3.50247 -1.68853 4.32623 -15.5725
-4.43727 3.83765 -3.25147 4.07664 -30.2838
1.53978 -4.84397 2.0267 2.00386 -3.39742
-1.92701 4.64014 -1.88183 2.79315 -14.1978
2.03821 -1.59932 4.63601 3.78045 14.2665
-3.08339 2.58844 3.80727 -0.342144 -9.28379
-3.42549 3.01416 3.71867 -1.04692 -14.2181
-2.47129 -2.65119 4.29164 -0.138498 5.95748
3.65965 3.55141 1.4828 1.70666 15.5275
-0.850077 -3.23778 -0.00337468 -0.756891 2.75491
-4.9137 3.09206 1.29897 -2.90664 -18.9691
1.7874 -2.7847 -1.43653 4.24685 -11.0781
-1.60892 -2.81077 2.95846 -0.736579 2.34316
2.28943 0.743594 -0.414256 4.30269 -0.0800088
0.538715 3.35126 3.99217 2.8619 13.2305
-3.1976 4.87208 2.63734 -3.98273 -26.0828
1.90457 -2.46794 2.62874 -1.61641 -8.9495
2.33423 -4.12247 -4.27616 4.54263 -29.0478
-3.24168 -4.99804 4.69835 -3.3559 0.434865
4.62891 2.61706 2.28981 -4.40784 2.02104
3.26147 -0.093361 -3.46816 -0.0864385 -0.00471147
-1.08213 -1.18206 -2.29499 2.8236 -5.20101
-2.18884 -4.8117 2.24059 -0.614388 9.15544
2.3983 -0.522554 -1.15904 0.955405 -2.36059
-0.158433 2.38595 -4.68293 -3.78931 17.3671
-1.23116 -1.00566 3.92822 -1.03721 -2.83627
-2.87312 2.4585 2.90009 -4.85522 -21.1441
3.56527 -1.249 -3.38526 3.2504 -15.4565
3.67796 -1.37538 2.87024 -0.160374 -5.51889
2.07097 3.19382 4.52601 -4.41301 -13.3591
1.43837 0.758214 4.0706 -4.77006 -18.3265
3.79181 -4.15286 4.77284 2.29107 -4.81194
1.67242 3.03379 1.9866 -2.02583 1.04925
-4.2381 0.181234 0.898214 -1.67793 -2.27523
-2.45872 0.780034 -4.85598 1.44385 -8.9292
-2.63664 -2.0927 4.51907 -2.09373 -3.94402
1.39187 -2.59334 -0.707845 -0.965051 -2.92649
1.07016 -4.13315 3.62979 0.0922715 -4.08821
-0.0288065 3.94897 0.507587 -1.79577 -1.02527
-2.67214 -2.18353 -4.10101 0.0406111 5.66814
-1.96248 3.89182 -1.81933 -3.94267 -0.464595
-1.85974 -4.28726 -4.06635 0.829114 4.60172
2.7395 -1.86375 -4.58095 0.947571 -9.44653
4.6114 -2.58181 -0.610029 -0.138546 -11.8212
-4.57736 -4.81985 4.56634 -2.78366 9.3511
-1.80632 0.554722 2.03932 -2.3556 -5.80584
-4.77849 -4.82852 3.56188 3.4726 35.442
-0.192654 -0.0375084 -0.868032 1.27441 -1.099
1.36465 1.55747 4.67327 -3.99056 -16.5235
-2.03358 1.72263 -0.952422 -3.5252 -0.145618
-3.27811 -4.70423 -2.78816 -0.865169 17.8332
4.79363 3.5802 -2.52865 2.08874 11.8805
1.23682 -3.59629 0.244654 3.5375 -3.58251
-0.0815115 -2.75161 3.15604 4.98786 15.9662
-2.03586 -3.979 -4.96268 4.88636 -16.1488
-2.27048 3.15248 1.99692 1.48253 -4.19717
-2.18569 -0.423747 -2.02821 1.69359 -2.50878
-0.94764 1.90443 -0.0634632 2.47276 -1.96164
-2.23224 -1.00972 2.83298 -1.27557 -1.35973
1.2194 4.4237 -4.531 -0.0961996 5.83016
1.94393 1.76259 0.899416 4.1462 7.1555
-3.81354 -4.61425 -0.965354 -0.147553 17.7391
0.359871 -1.38679 0.0377002 -1.37725 -0.550989
-2.10957 -0.192589 -3.5331 4.37625 -15.0555
2.61042 -3.00245 4.83111 -2.58488 -20.3255
-1.8695 -2.40297 -1.97506 3.00565 -1.444
-3.38809 -1.82006 0.489067 0.656573 6.48763
0.551714 -3.03602 3.62505 -2.74143 -11.6128
3.87522 4.34843 -0.522362 -4.36535 19.1314
-4.05177 -3.85805 2.52791 4.60714 27.2783
-0.241723 -0.0511384 1.15603 1.10577 1.29067
-1.38761 3.82512 -3.83328 -0.598124 -3.01499
4.64742 -2.7744 3.48801 3.1676 -1.84516
-1.66584 -4.38321 -0.469863 0.119422 7.24561
0.134454 -0.444266 -2.79268 3.16876 -8.90904
-1.77442 2.93435 2.5439 3.81641 4.50181
-1.27911 2.94863 -2.1036 0.604921 -5.04412
4.1686 4.0879 0.928641 0.375992 17.39
-3.49858 -4.96973 -3.76147 3.67383 3.56801
1.16193 0.125352 -3.9745 -3.8305 15.37
1.03425 0.561603 3.25052 4.38527 14.8353
4.01036 4.40624 -2.24432 4.25491 8.12119
-3.47868 -2.66676 0.87179 0.355979 9.58714
-3.20748 3.68385 2.75463 1.20103 -8.50748
1.53985 -2.61748 1.12055 1.01586 -2.89221
-1.01534 1.84691 -4.03744 2.42558 -11.6684
0.957388 1.86011 2.59344 -2.07868 -3.61009
-2.52738 -0.868091 -1.25707 4.12143 -2.98694
-4.13833 -0.363704 -0.762148 -0.899322 2.19055
2.77607 2.14238 3.05745 0.253563 6.72266
1.00671 1.67767 -1.57483 -4.26784 8.41003
1.1998 1.49738 0.161968 -3.62199 1.20991
3.62657 0.604647 3.31585 -1.70874 -3.47311
1.9172 -0.216601 4.81868 -4.80843 -23.5856
3.59932 -1.63502 -0.398474 -2.80422 -4.76756
-2.58007 -3.40728 3.86167 4.37117 25.671
-0.698108 -1.86943 -3.54945 -1.51131 6.66937
4.05433 -1.86143 -3.37878 3.35171 -18.8716
-1.75689 4.14585 0.137633 2.3517 -6.96015
3.34197 -4.96712 -0.796812 2.9927 -18.9846
4.93787 -1.85338 0.297213 -3.08313 -10.0681
0.450315 -4.12045 2.97429 2.86321 6.66051
4.31265 -2.04849 -1.49878 0.144371 -9.05081
0.882618 0.392733 -4.2864 -2.58813 11.4404
-3.26283 -2.05367 -2.16556 -0.186974 7.10569
-4.26928 -4.9875 3.56347 2.25492 29.3284
-0.527214 1.4296 -1.50576 4.43955 -7.4386
-1.25664 -3.87485 1.19257 -2.13492 2.32326
-4.83722 -2.53826 4.09544 -0.764099 9.1488
2.21868 -4.61794 -4.54705 -4.62355 10.7778
-4.88007 3.34664 2.2295 1.42483 -13.1551
3.89175 -3.499 1.65552 0.38483 -12.9802
-0.8108 -0.177136 0.712763 2.93682 2.23688
-4.96321 4.12416 -2.92251 1.46175 -24.741
-1.31069 1.63216 3.10222 -1.06207 -5.43402
-2.67822 -2.91496 3.75699 1.09204 11.9097
-4.82038 0.686895 4.93335 -1.11523 -8.81293
0.74908 -2.09471 0.624799 3.52283 0.631951
-3.62478 3.20536 -2.87112 2.57384 -19.0085
-2.76808 2.29399 -4.76006 -3.13718 8.58323
3.21425 1.08684 -1.16018 0.818666 2.54357
-1.74601 2.33736 -1.88296 3.48421 -10.6417
-3.68898 0.856124 -4.98457 -2.2216 7.9155
-1.34469 -2.58235 0.301075 -3.98915 2.27141
-2.16074 0.358909 1.42494 2.82632 3.25182
-2.19928 4.94338 -1.53303 -4.52242 -3.93889
-0.159448 2.49383 -0.118216 1.95728 -0.629019
-3.46138 -4.8537 -0.793651 -3.94905 19.9347
3.26426 -0.390082 -2.59414 -4.81535 11.2184
-3.09883 0.772821 0.26858 3.25554 -1.52047
-3.62869 4.40544 3.71686 3.74546 -2.06461
3.34904 0.525133 1.0482 1.22727 3.04511
2.02213 -2.92984 -2.50322 -4.07821 4.28416
3.25719 1.94998 -4.52825 0.363277 4.70646
-0.988057 2.55706 -2.66597 1.72513 -7.12567
-0.473285 1.43584 1.54348 -2.76805 -4.95197
2.63304 1.93642 2.51981 -1.78638 0.597324
2.86178 3.60873 2.41757 -0.410265 9.33557
-0.322892 4.94563 -4.22998 -4.91157 19.1789
3.65226 -2.98854 -4.33547 3.97057 -28.1292
1.66632 -2.74751 4.72697 0.205024 -3.6091
0.825714 2.22639 -3.91483 4.43184 -15.5116
4.58665 4.62472 3.77785 -2.72555 10.9153
-3.05591 -0.470495 -0.167481 1.00033 1.27025
3.93772 -0.796212 -0.780827 -0.644117 -2.63231
-0.833069 -3.4415 4.52028 -1.43089 -3.60099
2.16274 -3.09052 -1.09919 -2.81322 -3.59174
0.630076 -2.38948 4.58615 -4.80202 -23.5283
-2.2998 -1.66552 3.45811 -3.47584 -8.1895
4.31088 4.63898 0.860379 -1.9218 18.3446
4.12126 -2.48831 -4.71939 -4.18841 9.51174
-0.722448 -0.0273033 2.55923 2.26422 5.81438
-0.203376 0.295436 -3.32146 4.28886 -14.3054
2.56749 -2.35899 1.7674 1.46238 -3.47206
4.35572 -0.146257 -1.45406 -2.7217 3.32047
-4.27447 3.14146 0.564408 0.632531 -13.0711
-2.46571 4.33979 -3.0533 0.106912 -11.0271
2.8388 -2.30351 3.23448 -1.6737 -11.9527
2.92919 4.39184 0.595654 -3.77201 10.6177
4.12375 -2.25142 -2.92675 -2.34351 -2.42544
4.42149 -2.86751 -0.785217 3.74727 -15.6211
4.68939 -3.03488 -3.89575 -4.30541 2.54105
-4.96676 1.30375 -4.0885 3.71078 -21.647
-0.0790166 2.34067 -4.95781 -2.82997 13.8455
3.17739 0.869935 1.22232 -2.19888 0.0763959
-2.41673 -4.05229 -1.93252 -4.49153 18.4732
0.455745 -1.37561 3.36527 -2.57043 -9.27711
3.47291 -1.6162 -3.83503 4.59641 -23.2403
4.31351 3.29895 4.79598 2.22263 24.8898
3.42349 2.39092 3.90254 -4.73856 -10.3071
1.25513 -3.52218 2.56582 0.0433334 -4.30961
2.76031 2.7671 3.21974 -3.89717 -4.90982
-4.3114 -2.13462 -0.816255 -1.06918 10.0759
1.26873 1.24604 -3.10421 2.9795 -7.66811
1.77334 -4.30876 0.133793 -2.00418 -7.90904
4.99786 -3.89686 -3.23754 3.6191 -31.193
-4.72407 -1.46745 -1.73355 4.66216 -1.14974
0.8734 -4.46367 -3.93456 0.341057 -5.24048
-0.985603 -2.82609 4.19058 4.52018 21.7276
-1.83696 0.982365 3.91192 -0.959391 -5.55762
1.30104 -1.01112 -1.02284 -4.71148 3.50358
-2.25757 1.29025 -2.53192 4.39061 -14.0295
4.4046 -3.63774 -2.207 0.804168 -17.7976
-2.09232 3.48658 4.93677 0.181276 -6.40011
4.62276 2.4175 -1.33956 -2.32392 14.2885
2.5119 1.55164 -2.50284 1.82254 -0.663939
2.97627 1.48692 4.76314 -0.855833 0.349029
-1.28098 -3.55768 0.389163 -3.34962 3.25378
-0.43431 2.10772 4.65232 1.25624 4.92904
0.917125 4.96714 -0.648438 -3.90326 7.08651
-2.40619 4.55786 2.60347 -0.478363 -12.2125
1.48394 -3.6215 -2.41781 4.1946 -15.5159
1.86645 -4.9122 -4.43397 4.21858 -27.8734
2.18096 -0.329593 -2.62212 -4.36358 10.723
-4.83209 4.04198 4.30678 3.86474 -2.88663
0.961365 -2.11383 -1.37847 4.49876 -8.23356
3.08996 -1.54443 0.186889 -4.11845 -5.54191
-1.35057 4.2498 -4.36093 -0.259405 -4.60842
-2.10182 2.8526 -0.0368938 -4.43306 -5.8321
-3.99226 4.70536 3.95965 3.91808 -3.27079
-0.445523 1.46277 2.07391 -1.28604 -3.31883
2.03648 1.61969 4.39778 -3.95365 -14.0888
-3.16915 3.26466 -3.95525 -3.15476 2.13166
2.75831 -2.08698 -1.08677 0.0974012 -5.8624
4.74589 -3.63502 -3.6105 -3.89397 -3.19224
0.409306 0.699279 4.99214 -2.20813 -10.7371
1.45581 -2.40931 -0.477482 -4.2279 -1.48876
-0.614235 -0.953672 4.80481 -2.34464 -10.6798
-1.28642 -2.70678 -3.60325 -3.63208 16.5694
-2.49916 -4.58653 3.82995 0.558042 13.5997
-3.61355 2.25901 1.92703 3.86637 -0.712412
-0.712167 4.87734 -2.01089 -2.1769 0.904028
-2.67905 -0.0801996 -4.04946 -1.79264 7.47408
0.765093 -0.221773 -4.20769 -2.95997 12.2849
0.110459 -1.11717 -1.05952 4.90619 -5.32162
-4.60778 2.58888 0.355473 -4.33713 -13.4707
1.30439 -2.6107 4.14788 -2.44642 -13.5528
4.80219 4.13882 1.4322 0.819746 21.0495
4.80419 -1.84772 -4.639 1.65601 -16.559
-1.14397 4.65041 1.82678 3.44123 0.966446
-2.64393 -1.46615 0.232743 -3.89943 2.96885
4.99474 3.8651 1.36122 -2.73199 15.5863
4.52139 -0.422158 2.08936 -2.72738 -7.60721
3.51974 -3.64035 2.9303 -1.53358 -17.3069
-3.63308 -0.469651 -0.579277 -3.91991 3.97699
0.313044 3.86525 -4.58113 -1.03059 5.93126
0.105214 3.012 -4.90855 4.81704 -23.3278
4.48245 4.74092 1.68257 3.73221 27.5306
-1.41789 4.58544 0.035316 3.13496 -6.39095
2.99625 -3.88998 2.26029 3.17824 -4.47158
-3.9618 -3.8123 1.91673 -3.29842 8.78139
-2.7337 -0.822358 4.97793 0.321496 3.84847
2.3046 0.573953 3.00464 -1.19537 -2.26892
-1.15551 4.35216 -4.96231 1.14118 -10.6919
-2.03743 -1.18167 4.17402 -0.293592 1.18211
-0.419644 1.06189 -4.35222 2.63106 -11.8966
-4.36111 -3.95181 -4.32078 1.22776 11.9294
0.0350112 0.508952 -4.36118 1.21524 -5.28207
-0.731825 -0.838122 4.39487 1.56394 7.48667
-0.968978 2.86898 1.21184 4.24717 2.36692
2.91957 3.28891 -3.8631 4.37284 -7.29057
0.807935 -4.8519 3.65338 -3.65057 -17.257
-2.20544 -0.935746 -1.19254 0.668513 1.2665
-0.60438 -3.0098 1.98121 0.91942 3.64063
4.87046 4.09767 2.05521 2.19548 24.4697
0.836596 -0.451382 -1.835 -0.798358 1.08736
3.69019 0.043145 3.8399 -4.58053 -17.4296
1.75373 1.88557 -0.774675 1.24538 2.342
4.27125 0.291037 -3.15883 3.31147 -9.21728
-2.69266 -3.31396 -3.47151 2.01542 1.9268
1.97428 1.74904 -1.74498 1.22106 1.32236
4.16388 -1.78551 -1.61203 -4.84945 0.382767
-3.04385 3.43516 0.98539 4.87853 -5.64885
4.7607 1.04561 -3.60937 -1.25768 9.51724
-3.8146 4.98244 3.77839 -4.04962 -34.307
3.15778 0.23629 -3.58924 1.09651 -3.18949
4.96371 1.83637 -3.2663 0.348796 7.97593
1.31727 4.92716 -4.54703 -0.03324 6.64155
3.51954 -4.01172 -4.32815 3.05031 -27.3216
-1.50714 3.2235 3.98713 -0.434295 -6.58987
2.5508 -0.240384 1.77601 2.67663 4.14055
-4.3461 2.58769 -4.21019 -4.95187 9.60195
-2.63939 3.10214 -1.85981 3.08573 -13.9266
3.97751 3.47471 -4.97426 1.18581 7.92216
-1.76089 -2.88409 1.94878 -4.62275 -3.93012
-0.923922 1.54324 3.37557 3.56731 10.6159
-0.895759 -4.42325 -1.89637 -1.85833 7.48624
4.96103 -1.2134 -3.94442 4.98796 -25.6944
-1.60398 -4.76266 4.35134 -2.39357 -2.776
2.46701 0.179958 -1.00854 -0.916179 1.36796
1.99541 -1.68233 3.051 2.04652 2.88701
4.70349 -1.83679 -0.064395 0.342348 -8.6614
-0.279489 -3.59572 -0.876059 1.7229 -0.504399
1.1008 1.98017 -2.18698 0.966753 0.0655005
0.676126 1.56413 -4.33658 2.41247 -9.4043
2.08714 -4.39024 3.81551 3.44787 3.99235
3.50927 4.66484 -4.6917 -0.331081 17.9235
2.30687 4.31198 -2.25309 -2.88321 16.4433
0.430168 -0.258444 4.29276 4.17115 17.7945
-2.93265 4.08254 4.66665 2.09685 -2.18739
4.17793 -4.74456 3.19825 2.65124 -11.3431
1.1369 3.06444 1.99638 0.835588 5.15212
1.72668 -2.16759 0.859617 -0.374938 -4.06503
3.66696 -4.96572 -1.08867 4.38005 -22.9775
-3.11263 2.90691 -3.68219 3.68165 -22.6047
4.32061 -2.94863 3.93561 2.5423 -2.73435
0.476579 2.83114 -1.10491 0.84062 0.420449
3.46693 -4.61302 -1.91819 3.37964 -22.4758
1.62736 1.58572 1.21013 -1.16184 1.17456
3.22657 -4.036 -0.467274 4.54913 -15.1481
-1.74011 -3.80111 -0.775144 -4.78748 10.3253
-0.00538353 3.56522 3.38677 -0.113222 -0.402649
-1.91956 -4.65124 3.10282 -1.51273 4.23463
3.15538 2.21234 3.37991 0.484977 8.61994
1.97934 -1.32144 -4.52871 3.31334 -17.6207
-0.354984 -1.57081 4.04482 1.20908 5.4481
-2.04357 -2.36146 1.2854 4.07057 10.0581
-1.44554 0.505717 -2.91102 0.273014 -1.52578
4.97251 -2.89024 2.02578 -1.74387 -17.9045
3.52427 -4.00615 -2.31102 2.30165 -19.4379
2.34743 3.90659 -1.48337 4.33026 2.74707
-1.91903 1.41762 4.90549 1.06492 2.50351
-0.00618432 2.63021 4.94084 -2.3615 -11.6841
4.71767 -2.79549 0.0995184 4.1426 -12.7759
1.30424 1.60396 -4.08563 4.48576 -16.2352
-2.82144 -0.391312 4.6069 -0.441798 -0.931255
3.93482 -3.20487 -2.90653 1.13817 -15.9187
0.437345 3.35761 -3.9664 1.37959 -4.00356
-2.12503 -3.98964 1.00003 3.80168 12.2799
-4.25865 -2.44728 -0.724614 3.70224 7.73939
2.14953 -1.76001 0.35474 4.9203 -2.03777
2.6996 0.161014 -0.946586 -0.48434 0.893142
4.04756 0.0947243 -0.212044 2.6417 -0.176755
-3.94981 -1.38963 0.592808 -0.13032 5.41153
4.95054 -1.83396 0.494482 2.41859 -7.88316
2.93184 -3.63056 -0.679958 3.81921 -13.2411
-0.415324 -0.245862 -3.76102 -2.02976 7.73606
-3.76897 0.408647 -4.33485 0.45599 -3.51682
-4.6392 3.68744 -4.57991 2.83677 -30.099
-1.50959 3.92737 4.37095 4.07319 11.875
-0.960352 -3.32527 3.19878 -4.63526 -11.6337
-2.78008 0.151797 -3.23985 4.90638 -16.3179
-3.91642 2.01225 -2.42381 -0.855317 -5.80771
-4.98215 -3.60693 -2.75775 -2.65767 25.2994
4.43856 -2.79381 -3.80235 1.44967 -17.9127
-2.10485 -2.02783 -4.12604 -2.77412 15.7144
2.73679 -1.7616 3.20071 -1.13315 -8.44804
-2.70208 0.472053 -3.6793 -2.8371 9.16303
-0.126405 -2.38952 2.87965 3.49267 10.3597
-3.75366 -0.422251 -3.2151 -3.04964 11.3899
-3.22582 2.36983 -3.52926 1.30812 -12.2614
-3.42538 1.6143 4.30664 4.49239 13.8175
3.19017 0.240711 0.138679 2.93879 1.17546
-4.03946 0.0699074 -0.884484 1.95518 -2.01172
-2.34856 1.09303 -4.09477 -0.634154 0.029657
3.23153 -3.45162 1.63421 0.745143 -9.93628
-4.01506 3.75552 -4.10517 -4.8579 4.86386
2.75212 4.39428 -1.035 0.997449 11.0612
-1.34574 1.20746 0.403651 -0.26971 -1.7338
-1.39478 1.15477 -1.9456 -3.49826 5.19557
4.70315 1.77589 4.05009 2.96885 20.3764
-1.17944 1.43115 -0.481649 -1.14732 -1.13535
2.15191 1.28251 -2.63904 -4.14428 13.6968
0.328547 -1.68998 2.82439 3.94532 10.5879
-1.5157 2.98815 4.31777 3.78229 11.8019
2.24661 -1.43329 -1.25722 2.29573 -6.10625
2.27808 -0.0791312 -4.41445 -3.97108 17.3499
2.06527 -1.04692 -1.358 -1.9707 0.514051
-4.67281 -1.19647 1.47221 -3.20137 0.877821
3.36585 -4.04383 -4.09298 1.31989 -19.0132
4.1452 -2.24223 -3.58398 -2.41612 -0.635176
-1.47878 3.23255 1.75749 -1.02996 -6.59035
2.56453 1.59992 -4.21749 2.41432 -6.07934
-0.677793 2.56499 0.667587 2.94712 0.228927
-3.70394 1.76571 4.24919 0.902612 -2.7047
2.34396 -4.85723 2.57886 2.38887 -5.22461
-2.00518 0.0399674 4.62353 2.5284 11.61
-2.80519 2.48862 2.99577 2.08969 -0.720836
4.5469 -1.3146 -2.42075 -3.06598 1.44463
-2.54252 -3.06178 -4.77491 2.57391 -4.50558
1.84477 3.32931 1.11518 -2.84525 2.96883
3.55706 -3.59495 1.3844 -3.68202 -17.8849
-1.08112 -1.24606 -3.8707 1.74626 -5.41211
2.15098 3.90772 -1.62821 4.02922 1.84502
2.51587 3.41114 -4.70949 2.5787 -3.56234
1.49978 -4.14229 2.70366 4.91492 7.07574
2.36257 -1.67542 -3.93099 0.0718863 -4.24087
0.171073 4.43455 3.32133 4.40578 15.3917
3.53343 -3.63583 3.95016 3.45731 0.809997
2.51349 2.52962 -0.439911 3.1717 4.96291
0.290472 2.02324 1.79455 -1.79106 -2.62644
1.01961 4.87 -0.223187 1.86984 4.54819
1.3513 1.81875 -0.609755 1.86396 1.32111
-3.60524 2.19286 -1.99045 -0.644937 -6.62208
2.57435 -2.70205 -2.7017 1.4496 -10.8724
-1.56588 -2.49974 -4.20655 3.76887 -11.9396
-4.63923 -1.10537 -0.97404 -3.85235 8.88041
-0.529011 -2.93181 -2.62058 -4.44218 13.192
0.136079 1.16692 -1.82668 4.69216 -8.41229
-3.70647 -0.208824 -2.0509 -0.158648 1.09937
-4.03686 4.89103 1.41667 0.399423 -19.1785
1.03708 1.02696 4.29176 -3.51955 -14.04
0.781376 4.61237 -1.49862 -0.710765 4.66916
1.77773 3.99491 -2.30045 3.8399 -1.73166
2.58585 1.52945 -0.185122 -2.76278 4.46639
4.76258 0.72561 -1.65206 -1.13503 5.33091
-4.10213 1.68595 -2.59245 2.57457 -13.5904
-3.39914 1.22741 2.11194 2.80015 1.74162
-0.39474 4.32626 -4.60267 -3.8762 16.1331
4.7923 -4.37489 2.17954 2.0971 -16.395
2.51436 -3.88033 4.52466 -4.78573 -31.4103
-0.187698 -1.824 0.415895 -3.95832 -1.30388
-0.250564 -4.9504 -0.267082 1.81088 0.756736
3.61666 4.06691 2.31442 -1.99801 10.0844
-3.74495 1.36202 0.00524885 -0.0542548 -5.10099
-3.09245 -1.85406 2.79706 2.03872 11.436
1.31243 2.45977 0.564004 -4.17093 0.875861
2.89395 1.35946 1.89061 -3.51919 -2.71923
-3.23149 3.38641 -3.57327 1.54843 -16.4761
1.30443 -4.82603 -2.6954 1.43175 -10.1544
4.42974 4.82315 -1.49309 -1.43668 23.5104
3.23508 -4.27936 3.85963 -0.0366263 -13.9855
2.39934 -1.58891 2.44717 2.77253 2.97254
2.72904 -1.52707 4.12447 2.60771 6.588
-2.34453 1.40535 -0.183167 3.19848 -3.88074
0.439225 1.05868 -0.176736 3.18718 -0.0982937
3.43112 -1.95708 -3.37144 3.31422 -17.8887
4.15644 -3.74328 -1.99927 -0.0300193 -15.4987
-2.62324 2.22599 2.67563 -0.0466175 -5.96404
0.359983 -3.67358 4.60709 1.31711 4.74562
3.50334 3.67051 3.13628 0.419395 14.1744
-0.40833 2.51989 1.73856 2.85412 3.9331
4.94811 -0.607413 3.76736 -2.77998 -13.4787
4.84029 1.60818 4.03072 4.39708 25.5075
-2.45504 -3.37063 4.14655 4.69077 27.7255
-4.4247 0.852646 -3.84049 3.85011 -18.559
-3.26673 2.85723 -4.72025 2.72957 -22.218
3.10555 -3.07728 -1.46087 2.2049 -12.7777
-0.242944 1.51763 4.68636 -0.502059 -2.72153
-0.537987 -1.02057 -1.85345 4.51082 -7.81154
0.300483 -3.97701 4.23258 -0.878325 -4.91261
2.42586 4.62105 4.08517 -2.30469 1.79496
0.600904 1.88405 -2.51975 2.93493 -6.26315
2.85133 -2.69532 0.501494 3.03485 -6.16328
-0.370423 4.33347 1.13102 -1.10517 -2.85519
-3.84881 -0.561081 4.39036 4.18856 20.5488
2.21156 -3.58612 -3.11327 -0.150264 -7.46311
1.37849 -1.19651 -4.14997 3.74248 -17.1806
3.84928 -1.48462 3.36909 0.300295 -4.703
4.29956 2.95309 -0.299381 -0.77126 12.9279
-3.31201 -3.82122 3.90994 -0.313665 11.4295
-2.55965 4.89752 2.8667 -0.8467 -14.9632
2.45792 -2.65327 1.41173 -1.66099 -8.86639
0.575312 3.29501 -0.246252 -1.83348 2.34716
-0.423502 3.63623 2.02333 0.315232 -0.902134
-0.818719 -3.22472 -3.22234 -0.732832 5.00157
-4.96606 -3.90274 4.39521 1.71014 26.8977
-3.45028 3.76847 0.370353 2.53096 -12.0649
1.96604 2.37241 -2.3065 -0.783191 6.47069
-3.21557 3.24727 -2.92447 -1.04973 -7.37194
-0.69034 2.78853 -1.72751 0.96009 -3.5836
4.50497 0.619451 1.0168 1.76374 4.58399
-2.87801 -3.06996 -3.32474 -3.94917 21.9653
0.978055 -0.779948 -3.12559 -2.8294 8.08072
1.24889 3.49182 3.44886 2.92287 14.4415
1.19151 0.522146 3.36952 -4.29769 -13.859
-3.84344 4.07403 -3.29651 -4.42985 -1.05522
1.35535 -3.83291 2.2794 4.28607 4.57473
0.860078 -0.779826 3.56044 -2.75633 -10.4844
3.62942 4.49543 3.14957 -1.00727 13.1433
4.36399 2.27789 -3.35997 2.40907 1.84629
-2.02039 2.27057 0.913347 -0.896634 -5.40638
-1.43609 2.40123 -3.89756 1.14436 -7.90861
1.30063 -3.48157 2.74669 1.70557 0.156444
1.35559 -4.23844 -1.26176 1.17906 -7.23326
-1.04534 3.25311 3.97874 0.745236 -0.435507
3.21377 2.65854 0.95708 -4.72495 4.02176
-1.22105 1.1071 2.51707 -2.90899 -8.67397
4.05757 4.07881 -3.96281 -1.82391 23.7778
-1.20583 -0.312173 -4.48279 -3.20927 14.7629
3.36955 -4.639 4.23456 -0.743005 -18.7776
4.13373 2.26545 0.352424 0.351997 9.48879
1.88932 4.9663 0.927633 0.621451 9.95942
3.74145 -4.86605 1.00579 -4.40394 -22.6355
2.07576 2.90401 4.89933 2.78996 19.697
-3.48088 3.50377 -1.18882 4.81949 -17.9257
-2.03054 4.77263 -1.28609 -4.67145 -3.68313
4.56261 -2.07766 4.15759 4.73713 10.2155
4.96898 -2.38546 3.65559 -0.0479681 -12.0286
-4.4605 -1.32569 0.236925 -4.68337 4.80362
2.0341 -3.31678 -4.52289 2.94751 -20.0779
4.68119 2.87967 4.85384 -1.88965 4.30826
-0.456815 2.19741 0.441648 -3.52973 -2.5627
-0.974018 -1.36472 -3.22952 -0.081928 1.59385
0.333321 2.91347 3.38013 -2.79671 -8.48214
-4.03845 -3.02685 -1.21182 4.37291 6.9246
3.7087 -4.33036 1.58856 -0.141858 -16.2854
4.84668 0.68774 -0.874176 -0.889116 4.1105
3.21627 -4.13072 -4.28569 0.652553 -16.0821
-1.66865 -3.1926 1.08285 -1.29362 3.92653
-0.318352 1.59098 2.84405 1.40746 3.4964
2.9026 -3.58793 2.71986 -2.66269 -17.6565
1.11676 -4.80914 1.67114 3.71297 0.834254
-2.24662 1.6087 -1.96514 -4.04223 4.32938
0.628318 -3.61323 -1.5458 2.24557 -5.74145
-1.14986 -3.71986 0.72292 -2.23279 2.6632
-1.03178 -2.26756 1.27655 -1.74947 0.106357
-2.26427 -4.19287 2.7991 1.96959 15.0069
1.76867 4.22369 -4.53156 -2.49202 18.7631
-2.03857 -3.56455 -3.68454 0.370265 5.90233
-3.2268 1.52915 1.93515 0.781437 -3.42207
-0.97212 4.72204 -3.98464 -2.26138 4.42036
2.82796 -1.16233 -3.64563 -3.48295 9.41049
3.32921 -4.58355 3.89427 -3.53397 -29.0218
-2.65451 -1.26688 2.87306 -3.38778 -6.37033
-4.8229 0.72156 -3.79751 3.83457 -18.0418
-0.73999 2.37933 3.61724 4.12739 13.1691
-0.312688 -3.99374 -0.338438 -3.9115 2.57259
-3.96952 -1.2893 2.11358 -2.56813 -0.310074
4.86739 -0.725631 1.11802 -0.837741 -4.46854
-1.10946 4.77702 -3.94153 4.38319 -22.5764
3.20107 3.6622 -3.47855 2.30397 3.70846
1.02612 0.191973 2.55716 2.90748 7.63189
1.24301 2.11577 4.15956 -3.89918 -13.589
-0.360541 -1.26896 3.41095 -2.09591 -6.69154
4.51549 -0.977894 -2.57599 -3.29793 4.07979
-2.31054 -1.79203 -2.65486 1.37423 0.492183
1.96401 3.32867 3.84332 1.22656 11.2516
0.487888 -1.84553 -4.2667 3.18605 -14.4943
2.26553 -4.31493 -4.40777 -4.31312 9.23563
2.78819 -0.645547 3.0377 -3.03195 -11.0101
-0.944664 -1.873 3.46495 3.25601 13.0513
-0.123779 3.06975 -2.80524 2.53792 -7.49944
2.12177 0.920501 -4.32363 4.54825 -17.7119
-1.92407 3.6214 2.62174 -4.09129 -17.6941
-0.0346986 1.56421 -2.76118 3.65826 -10.1554
4.93304 4.48919 2.43799 1.37238 25.4912
-1.90263 -3.23272 4.71751 0.785205 9.85488
-1.60773 -1.1184 2.37256 -2.83012 -4.91655
2.09085 -0.756625 3.64693 4.86506 16.1606
-3.77494 4.79846 -3.66781 2.11778 -25.8815
0.768778 -3.46411 -0.410731 -1.15403 -2.18914
-0.55488 2.29602 1.81376 4.80162 7.43497
3.2344 3.61584 -1.86031 4.07577 4.11287
-0.855659 -4.60545 -2.46128 4.65564 -7.51815
2.33696 -1.11946 -1.26459 1.36504 -4.34234
-2.04344 -1.48022 -3.51829 -2.48179 11.7564
1.18882 -1.28684 2.0044 2.1642 2.80811
-2.67058 2.89921 0.370882 3.99853 -6.25959
-3.52535 1.18889 1.8508 -4.19649 -11.9581
1.30138 -0.848567 -2.27492 -3.25188 6.29345
4.48933 -2.48897 2.80845 -3.1565 -20.0387
3.77909 4.696 -0.724529 -4.06819 20.6941
-4.70279 -1.27135 -4.2951 4.32412 -12.5936
3.29412 0.855235 0.159202 4.87776 3.5938
-0.348258 -0.457292 -0.786563 -4.54718 3.7359
-0.669967 -2.78168 3.92436 -2.18256 -6.70153
-1.26147 -4.80408 3.82594 -0.95439 2.40877
1.10417 1.08667 -1.29717 -3.50615 5.74793
-2.77713 1.94251 -2.91928 1.39988 -9.48124
4.2378 4.29898 -2.68642 2.73135 10.8806
-0.900762 -3.29434 -3.45857 4.671 -13.1876
1.83732 -4.67139 -4.18635 -3.32668 5.34383
2.17622 -1.01261 4.93878 1.07422 3.10169
3.64003 4.73451 -4.15902 -1.50944 23.5115
3.76857 3.76768 3.72026 4.97507 32.7073
-4.52115 -2.84318 -2.33837 -2.41971 18.5126
-4.70466 -2.67599 0.0200665 4.0352 12.6706
-1.943 -4.01689 -1.14507 0.789605 6.90065
-0.703127 1.19855 1.27799 -0.0293486 -0.880237
-1.98409 -2.79781 1.47308 1.62439 7.94396
-1.73812 3.58019 4.15781 2.1429 2.68696
0.3661 -3.5854 -3.82335 0.53259 -3.34889
-3.91318 -2.11741 -0.374492 2.21034 7.45806
-1.817 -3.57882 1.02738 0.979701 7.50924
1.86495 0.463144 3.71519 -0.163703 0.255551
4.12392 -0.235059 4.14216 0.451491 0.900784
0.258263 -2.46772 -4.12923 -1.66749 6.24814
-3.96247 -2.15522 4.82237 2.60546 21.1045
-4.25141 -0.758862 -3.87513 1.14541 -1.21238
1.95187 -3.51626 -1.05149 4.37286 -11.4613
1.37528 -0.99457 0.112979 -2.55252 -1.65619
3.8209 4.73633 4.44825 -4.21235 -0.640528
-2.88441 2.36944 4.84123 3.07138 8.03481
-3.13501 3.10368 4.48333 -2.53516 -21.096
-0.726288 3.46855 4.6054 4.04909 16.1285
-4.84154 1.60718 -4.8882 1.70652 -16.123
1.57019 0.310032 -3.68481 -3.99923 15.2232
-3.26441 4.46554 -2.41074 3.6978 -23.4918
-2.81124 -3.83878 3.2622 3.42133 21.9528
-1.24894 -1.11809 -1.23138 -0.956053 2.57369
-1.90508 3.03351 -4.01365 3.94514 -21.6135
1.66727 -0.452 -3.7128 4.45581 -17.2971
-1.50652 1.5772 -1.65071 4.58102 -9.93801
4.4803 -3.45643 0.980544 -4.89105 -20.2817
-3.61721 4.47897 -1.28237 -2.48884 -13.0097
3.96962 -3.20213 3.00066 -1.8328 -18.2108
-1.46864 2.56046 1.6225 -1.02971 -5.43108
-0.181531 3.3372 -0.838899 3.06991 -3.18115
-2.57019 -0.306741 -0.690995 -4.56877 3.94538
-4.35687 -0.477828 -0.810035 -2.44968 4.06616
-1.0757 1.35789 2.77122 -0.469392 -2.76147
-2.79938 -4.68478 -4.62924 1.71085 5.19454
2.92541 -0.0736635 -2.34865 -0.580703 1.14837
-0.794355 -1.6706 0.941476 -3.59654 -2.05901
-3.71371 2.07846 -2.11494 3.73199 -15.6117
4.61309 -3.72867 1.76694 -3.50509 -23.394
1.30531 0.947058 -2.11053 -0.175408 1.60641
-3.97222 -0.707896 -2.47414 -4.50098 13.948
-0.82061 0.214436 -2.44684 4.18797 -10.4233
1.69707 3.70724 2.83016 -4.0757 -5.24342
-0.0126334 -0.407951 2.49236 -4.94287 -12.3143
-2.09969 4.75266 -3.19195 4.5444 -24.4847
-4.59972 3.78253 2.547 -2.14299 -22.8568
1.65679 0.639218 4.69214 0.000884157 1.0632
4.98392 0.354928 4.05901 -2.76036 -9.4354
3.7724 -1.8647 2.74861 3.202 1.76669
-2.9465 -1.53458 2.81935 -1.71525 -0.314254
2.45037 -4.24315 -0.716291 1.53606 -11.4976
3.31284 -2.61875 -3.17274 0.445891 -10.0902
2.82421 2.39755 0.0172962 2.75202 6.81878
3.1798 1.71206 -3.09363 -3.32968 15.7448
0.0738562 1.78243 1.59551 2.83169 4.64964
-4.77779 -1.81702 -2.3895 -0.959896 10.975
-3.91019 -1.4661 3.30991 4.29326 19.943
4.07658 1.95021 1.84821 2.20298 12.0217
1.58544 -4.13848 0.22278 1.83983 -6.15144
4.11589 4.93852 -3.90051 -3.95572 35.7558
4.73133 2.83073 1.84761 -1.1428 11.2817
-1.71806 -1.1266 1.27625 4.46073 7.62857
4.14144 0.02524 0.940777 4.9412 4.7531
1.13537 1.80478 -2.0362 -0.712911 3.50073
3.9997 4.1792 -4.7624 -2.81748 30.1335
3.66638 -4.94639 1.90148 3.65635 -11.1829
0.394631 -3.95165 -2.49273 -1.52999 2.25441
-3.87142 -1.36755 -3.36568 4.56587 -10.0729
3.47651 3.52363 1.02591 -1.24314 10.9746
-2.31351 -4.90271 2.38702 3.36468 19.374
-4.37875 -2.31898 3.25567 0.246595 10.957
-4.2313 3.08016 -2.7314 4.00329 -23.9677
3.63852 2.43025 4.73665 3.67892 26.2683
-4.60141 1.02117 -3.78893 -1.06505 -0.663427
2.03844 -4.92608 2.75012 3.05683 -1.63488
0.518148 -0.142378 -4.90659 3.98682 -19.6354
2.03216 -3.509 4.92751 4.11652 13.1534
-2.50464 4.77893 -0.490213 -3.14024 -10.4301
1.0458 1.84438 -1.0699 -0.730269 2.71017
2.73189 -4.97995 -0.485931 3.36313 -15.239
1.76725 2.74357 4.92585 3.57396 22.4533
0.63029 2.75423 -0.102585 0.834704 1.65034
2.33625 4.61212 0.158766 -3.81751 10.169
-0.333379 3.70237 3.62918 -0.309865 -2.35885
0.802792 -1.33356 3.14802 -1.49472 -5.77596
-4.72296 -1.99211 -2.41119 4.06461 -0.391886
0.0170317 0.70186 -2.05211 -3.39403 6.97687
-2.61975 -3.64855 2.45463 -4.62707 -1.79945
3.19011 -1.26247 3.6366 -3.56028 -16.9747
0.121214 4.91335 -4.42327 -2.84726 13.1898
-1.29069 -0.57551 2.03883 4.23222 9.37155
-1.21656 -4.68405 -3.85569 -4.77701 24.1171
-0.524607 2.636 -3.62989 4.73102 -18.556
-3.45015 0.468046 -2.33697 4.8017 -12.8363
4.09912 1.70071 2.56291 1.59703 11.0645
-0.335588 2.76116 -0.648582 4.96158 -4.1446
0.322369 0.398055 -0.838938 2.10823 -1.64036
0.995501 -2.58157 1.73456 -2.08805 -6.1918
-3.53494 -1.09738 -1.32519 0.087465 3.76325
-1.45169 -1.93022 1.50969 -4.815 -4.4671
-1.59363 3.96651 2.6143 4.11423 4.43471
0.720499 0.951053 -1.90451 2.66358 -4.38758
-2.21762 0.873019 -2.24466 -0.563097 -0.672061
1.11374 -2.55059 -3.17246 2.37958 -10.3898
1.74386 0.521471 1.82652 -2.47866 -3.61795
1.12755 -1.22353 -1.7391 0.397748 -2.07131
-4.55748 -0.317187 1.93363 -4.58852 -7.42695
1.60828 4.84109 -2.07651 0.449715 6.85198
3.97767 0.00893561 3.19555 -0.332567 -1.02719
2.29681 4.59476 -0.744285 -1.43666 11.6226
-4.80841 4.51837 1.54686 1.08659 -20.0454
-2.4634 -2.35066 -4.77845 -2.86486 19.4802
-1.39456 -4.82581 4.36383 -2.35797 -3.55989
-2.27737 -2.33885 0.331862 -0.260043 5.24013
0.473469 -1.7045 0.250613 -3.91895 -1.78917
-3.96219 -2.95338 -4.00585 -2.11566 20.1769
4.90892 2.37432 2.46562 -3.50298 3.01832
3.48393 3.27002 -4.29829 -2.19149 20.8122
4.21003 -3.17523 -3.24375 3.15935 -23.6159
4.47783 -4.59103 -1.13587 -4.29244 -15.6822
2.75017 2.68823 -0.283945 -4.97699 8.80626
3.24226 -0.131385 -4.57732 1.68883 -8.1563
-2.2224 -0.443632 4.21737 -0.701773 -1.97371
2.36536 -1.24221 1.34786 -1.7966 -5.35985
-3.74709 4.23038 2.33489 -2.22001 -21.0351
-1.17389 2.35596 1.4802 2.1046 0.349593
-1.04258 -2.57599 0.838485 4.54288 6.49481
-4.50962 -2.57777 -3.49559 -3.94236 25.4056
3.48659 -0.450971 2.2401 -4.94272 -12.6445
1.53687 4.80854 -1.31494 -3.94305 12.575
-3.42366 -0.285397 -0.112767 2.89042 0.651159
0.177907 -0.0114763 0.531633 4.07638 2.16509
2.01746 -4.52274 1.44192 -3.60979 -14.3295
1.50265 0.0519816 -2.41088 4.99148 -11.9558
-0.720171 0.608074 -3.19368 3.92434 -12.971
1.40837 4.16839 -4.75417 3.41224 -10.3518
-1.7816 -0.619808 -4.3552 -2.17698 10.5854
-2.19479 3.50232 3.07574 0.677834 -5.60201
1.24745 -4.27595 -1.86933 -2.70209 -0.282956
1.47908 -4.81079 -1.41789 -0.3406 -6.63261
-1.93022 1.45219 0.762565 2.51139 -0.887948
0.463466 4.81177 -1.007 0.5878 1.63818
2.26187 2.32269 0.488149 0.392257 5.4451
-2.00836 2.92618 -0.909353 0.103773 -5.97118
-4.30986 -4.49544 -1.81758 0.423283 18.6054
-1.13828 0.547256 1.18062 1.33631 0.954754
0.981628 -1.51156 -1.79112 -1.657 1.48409
-3.4107 3.95087 -3.59397 -4.11875 1.32746
-0.10518 2.88042 -3.87079 2.32352 -9.29683
1.56723 -2.83667 -1.51681 2.07396 -7.59154
4.56742 4.30993 1.12728 -1.13269 18.4084
-3.61609 -0.960421 -2.62628 -1.61493 7.71423
2.46599 2.71878 2.44717 -3.28614 -1.33727
-2.646 -0.682922 3.62182 3.21869 13.4645
-2.73586 1.96539 -0.0713139 2.49949 -5.55527
-2.88691 -4.92553 -4.05318 -0.656212 16.8793
-0.895429 1.70083 -2.01506 -2.24504 3.00093
-2.54101 -4.69395 -2.18029 -1.82301 15.9021
-4.54416 1.50768 1.85424 4.41179 1.32939
3.27021 3.88948 -0.403861 -2.0492 13.547
0.959085 4.91932 -2.10694 3.60564 -2.87881
-4.73882 -1.31885 -4.97239 -1.03436 11.3931
-4.65323 -0.0171388 -0.193307 -2.28663 0.521774
1.8407 -0.830673 4.75545 2.88928 12.2108
-4.00097 2.00464 2.50351 -4.14279 -18.392
-3.09795 0.704263 -4.68524 -1.76381 6.0821
4.80305 -1.11844 -4.13964 -1.9589 2.73724
-1.21615 2.56668 0.393889 3.01469 -1.93402
-1.42317 4.7919 3.99263 -0.303601 -8.03187
-4.7455 1.9399 0.0617661 0.259795 -9.18977
-2.2027 -3.83586 1.3158 -2.08952 5.69985
-2.46089 -1.43368 0.808709 -0.0714158 3.47036
-0.235391 -3.81653 1.95576 3.1756 7.1091
2.52737 -2.5916 2.76569 -4.29616 -18.4318
0.859714 3.93462 -4.42685 4.52326 -16.6411
0.0548272 1.45789 -2.06608 -3.78246 7.89479
4.80485 1.33875 0.954098 4.23977 10.4777
-3.46364 3.58372 -1.46433 3.9697 -18.2257
-4.95033 1.30312 0.101086 -2.48646 -6.70223
-1.22398 2.83176 4.24191 1.69882 3.74023
-2.05121 4.55386 -3.51235 0.789806 -12.115
3.73912 0.726174 2.37932 4.59609 13.6508
4.90878 3.75683 0.13702 2.90103 18.8389
-0.265219 -2.17666 -3.78909 1.21405 -4.02284
-2.11999 -3.61324 -1.65467 3.57142 1.75053
0.725126 3.23615 2.00856 -0.99042 0.3573
-0.742372 0.858821 1.6615 3.16669 4.62388
4.44157 -2.49262 3.12262 -0.463186 -12.5175
3.06839 1.16722 1.40725 -4.46289 -2.69891
-0.297801 -4.41635 3.61777 3.17388 12.7975
-1.91815 0.881055 0.812829 -3.43995 -4.48609
4.83109 -0.413886 -1.12726 4.52575 -7.10121
-3.45587 -3.16451 2.09038 -0.75509 9.35769
-2.23171 0.573817 2.29232 -4.421 -11.4149
-3.0123 -3.79652 3.22285 0.903983 14.3497
0.974489 -0.811585 2.31082 -3.72573 -9.40036
3.5336 4.82274 -3.05015 -2.58754 24.934
-3.79978 2.99134 0.503704 2.18749 -10.2646
-4.28342 -4.37204 3.712 4.02366 33.6631
3.0926 -0.513508 1.10443 1.32553 -0.124131
2.31871 -3.37174 2.00643 -3.36011 -14.5599
-4.12415 -1.73908 -2.56991 1.16675 4.1738
-3.64264 0.247013 2.81041 2.31926 5.61829
2.39463 -4.66263 2.31753 2.05186 -6.41003
0.36873 1.48387 2.11015 -3.02562 -5.83736
0.67033 1.55196 -2.12007 -0.25218 1.57496
1.27067 -2.78052 0.0637532 -3.67567 -3.76746
-0.3245 -2.64159 2.84621 4.95519 14.9607
-2.34086 -0.378082 -4.99817 1.81699 -8.19659
-0.619601 -3.68942 0.310242 -0.0716027 2.26376
0.929534 -4.5389 0.35044 0.874782 -3.9125
1.29382 -2.39423 0.725551 -3.85645 -5.89575
1.55972 -1.29971 1.20343 2.417 0.881503
-1.87565 0.358919 4.71356 -4.1364 -20.1704
2.93034 -2.94474 -0.122911 1.98872 -8.87352
-3.58859 -4.53744 4.02107 4.07101 32.6528
1.23601 2.53766 -2.06622 -3.51748 10.4045
2.17387 -4.25054 4.0701 3.30824 4.22471
4.13386 0.86385 -4.13576 -3.19265 16.7751
3.71039 -1.50776 -1.5442 -2.96877 -1.00997
3.14302 1.5807 0.431128 -3.74334 3.35433
4.27946 -4.74374 2.26764 3.43982 -12.5004
4.1347 -4.40418 -0.00766796 -3.70035 -18.1816
-3.05392 -1.44476 2.99068 2.33907 11.4076
-4.39822 0.609876 4.54237 -4.38194 -22.5868
-0.668123 -4.79855 0.747493 -3.34129 0.708424
0.482426 1.04566 -1.03302 2.81055 -2.39891
3.28518 0.208067 -1.64512 0.370275 0.0743907
-0.791221 -2.9867 -0.912785 -2.35794 4.51544
-0.296189 -3.20219 -2.036 4.44005 -8.09149
1.23197 -4.3648 -1.40199 3.05136 -9.65527
0.123639 -4.26985 -2.93985 3.84532 -11.8326
-2.79399 4.57283 2.07243 3.69002 -5.12912
4.53536 -1.0381 -2.54512 -0.446583 -3.57153
2.03981 3.70364 0.0311844 -4.82831 7.40415
2.74807 -0.438874 -4.54371 1.75813 -9.19448
-0.424026 3.948 0.00700251 0.993761 -1.66709
-0.461076 4.63424 3.63877 -1.54619 -7.76297
3.23414 0.499045 2.53926 -4.22728 -9.12018
2.16809 3.54438 3.18392 0.185581 8.27542
-4.8352 -0.885932 1.88205 3.23416 10.3705
-1.43241 0.835282 -3.53359 4.34751 -16.5588
-3.64446 3.34088 -4.07889 0.296248 -13.3841
-4.36777 -4.80403 3.94782 -0.688349 18.2654
4.80538 -0.820622 -2.80103 0.61128 -5.65561
-0.00622675 3.0949 1.03438 -0.633765 -0.674825
-1.30693 -0.576483 -0.90706 4.83804 -3.63497
4.83187 1.89147 4.8187 -0.138319 8.47282
1.8199 -1.89743 -2.13463 1.20843 -6.03268
1.47109 -3.38915 -0.167827 -0.579086 -4.88857
2.36992 0.121267 -1.02271 0.615896 -0.342489
1.84215 3.09625 -3.84146 3.86823 -9.15587
-1.22835 -0.285149 -0.908738 3.65171 -2.96818
-2.94596 0.291233 -1.24033 -2.3097 2.00682
4.09353 4.65703 -3.77807 2.7142 8.80927
-4.38459 4.93055 -2.92953 4.78263 -35.6293
-4.61078 -0.93592 -4.70348 -3.66037 21.5318
-1.69115 -2.75797 1.38806 2.22109 7.74716
3.33903 3.81381 2.36825 -1.09988 10.1296
3.806 -4.45403 -2.88317 -4.47 -4.06425
2.26653 -2.54702 1.69208 1.61495 -3.04029
0.714139 1.27533 2.71699 2.17485 6.81979
-3.59758 -4.20136 3.67845 2.57782 24.5971
3.76336 -1.15186 0.841141 4.94465 -0.175737
4.82647 0.200796 -3.44357 -3.45541 12.8681
1.26512 4.09682 4.34207 1.58187 12.0515
-2.31057 4.38576 1.21278 1.9744 -7.73911
4.68563 -4.09482 -3.44965 3.55545 -31.4519
0.784833 2.41979 -3.88486 3.3165 -10.985
-2.3465 4.96097 1.53357 1.40694 -9.48328
-1.27128 -4.57815 4.17563 2.26232 15.2667
-2.31763 2.39214 3.58777 -1.77906 -11.9269
3.85132 -2.3279 2.36409 0.31956 -8.21003
2.01081 -4.85646 3.48249 4.10158 4.51828
-2.69411 2.67383 1.31219 -2.79679 -10.8735
2.08364 -3.74355 4.34667 -0.413083 -9.59576
2.35012 2.5723 2.13375 1.16285 8.52646
-2.67848 4.35569 -1.93752 -0.480128 -10.7364
1.584 4.54689 1.78643 -3.35302 1.21234
-3.97981 -2.98104 1.04281 -4.89143 6.76313
-1.18594 3.4549 -3.65409 -4.22684 11.3479
2.64494 3.32349 -1.23261 4.13392 3.69493
-0.0908208 -1.2045 0.982416 3.40033 3.44993
3.70022 1.73483 -2.23244 1.55525 2.94723
1.76269 4.34583 0.831132 -4.72399 3.73409
4.87472 2.03058 -2.92394 2.20047 3.46449
-4.87603 2.16944 -2.60298 -3.38675 -1.76261
2.87622 -2.56356 3.52565 -0.883206 -10.4872
-4.56797 1.49524 -0.772752 1.83743 -8.25009
1.09603 -1.16984 1.74541 1.16141 0.744956
1.67768 -0.266393 4.75351 -1.8109 -9.05505
1.91384 -4.32415 3.32607 1.68554 -2.66952
0.983459 0.702228 2.00015 -2.25036 -3.81045
3.57459 3.8589 -1.23861 -3.57081 18.2169
-0.447795 1.73092 1.38358 -3.83168 -6.07654
-4.16588 -1.96921 -2.2519 -4.96465 19.3833
2.91259 -1.30109 -3.88185 -3.2804 8.94449
2.5332 -1.69573 -0.625412 -4.04242 -1.76744
2.65475 -1.04386 -2.43392 1.88466 -7.35828
4.94613 2.5741 -3.83571 0.903521 9.26621
-4.4592 3.28986 -0.701902 0.727862 -15.181
1.73138 1.43502 -3.84383 -0.5647 4.65518
1.04306 -4.73905 2.01493 2.9713 1.04383
-3.51853 -2.99155 -0.0595648 4.88519 10.2349
1.08688 -4.83155 -0.91113 -1.40577 -3.97048
3.37557 -4.57713 -4.47891 2.87825 -28.3419
1.26777 -1.32502 -2.04066 -3.48389 5.42963
0.345782 3.74359 -4.68575 -1.76645 9.57162
-4.17105 -0.761745 3.24618 -4.55851 -11.6205
-2.42395 -3.68526 2.84151 2.42617 15.8269
-3.72373 0.146776 -4.08163 3.04452 -12.9732
3.68271 -0.523754 0.497556 4.50287 0.311595
3.95271 0.422802 1.00777 0.973188 2.65196
1.72399 -0.577545 0.457264 4.94647 1.26616
-2.5295 -1.10973 1.96273 -2.43204 -1.96639
4.85577 3.14657 -1.19216 -0.414926 15.7737
-4.42836 3.4871 4.11993 1.69041 -8.47778
-4.11646 1.91445 3.1932 -1.06301 -11.2751
-3.93511 -2.1853 3.41981 -0.510056 6.85509
0.626083 -4.02547 3.92509 0.454114 -0.737837
4.11181 3.33618 2.49479 -1.05408 11.088
1.95482 2.24623 -1.73599 -2.37545 8.51474
-4.16369 -2.4615 -0.224858 1.02877 10.0176
1.98902 -2.82815 2.41491 -0.712595 -7.3461
-2.81426 1.15017 1.41667 -4.24882 -9.25604
-3.11193 -3.78787 3.86317 -2.67159 1.46676
-4.18089 4.78191 -2.26354 2.62911 -25.9437
-1.24212 -3.20276 -0.458288 -4.66207 6.11478
1.86409 -0.848627 0.401459 0.411192 -1.41684
-1.75988 -3.59526 -2.58761 -2.89677 13.8229
-1.34146 -0.179985 -4.37671 -2.73341 12.2048
-4.75074 1.44949 4.87348 -3.38606 -23.388
-1.21192 1.71523 -3.86617 -3.66045 12.0732
3.04399 2.6103 0.624729 0.94338 8.53507
-3.98482 -2.90672 -2.38948 -1.61598 15.4441
2.78874 -0.323473 3.93601 -0.162088 -1.54006
3.31429 -3.6725 3.06098 -1.19057 -15.8161
-2.70651 1.69284 -2.1234 -0.433228 -3.66177
-4.43515 3.12117 -1.84328 3.28801 -19.9036
-4.46321 3.33908 0.378633 3.60192 -13.5392
-3.27188 -0.548419 -4.33143 0.379208 0.15185
-2.60533 0.262324 -0.255929 -1.93871 -0.18727
-2.76842 4.03212 2.85956 3.07733 -2.36279
-4.68463 3.4859 -2.86532 -4.54895 -3.29594
2.0954 3.02659 0.158881 1.78031 6.62478
-0.171665 -3.69515 3.76912 -2.07916 -7.20226
4.6064 -3.53661 0.427216 0.0814864 -16.2562
2.47031 4.89434 -3.90496 3.02711 0.269761
0.676577 4.54448 4.97397 -2.1533 -7.63575
-1.0113 -2.04652 3.36996 3.73963 14.672
2.06568 -0.593473 -1.38431 1.90962 -3.86944
2.92372 -2.16078 -3.04651 -1.88793 -0.565925
-3.88 0.99043 1.80276 -2.99524 -9.24255
-0.724873 4.13979 1.86391 1.46368 -0.27265
-2.85303 -0.564502 -2.41981 1.11435 -1.08598
4.79225 4.53012 -2.39577 4.8362 10.123
-1.93196 4.59998 1.40995 3.38096 -4.11998
0.725837 -2.45942 0.603037 -2.09461 -3.04827
1.49726 -2.75943 -4.10662 2.86767 -15.908
1.75201 0.768714 -4.71289 -1.82505 9.94806
-0.588152 -1.29211 -1.12774 1.2902 -0.69505
0.237832 -2.77684 4.26093 -3.47262 -15.457
-3.50336 -0.923823 3.13128 2.07637 9.73818
-4.61277 -1.77977 4.90842 -1.06826 2.96617
-3.6777 -3.3775 1.0894 3.48082 16.2135
2.76221 -4.4034 0.822222 -3.71296 -15.216
0.970393 -3.23772 -4.30961 0.867237 -6.87931
-4.18327 0.264055 2.56047 -2.10506 -6.49457
1.69653 0.839903 2.60123 -2.67883 -5.54334
-1.83981 -2.59497 0.657365 -0.746817 4.28332
2.06194 -1.17297 2.41134 -0.0241023 -2.47673
-0.227693 -2.96342 -4.15309 -0.823514 4.09488
-4.23171 0.459944 2.16219 3.83465 6.3449
2.38299 -4.6171 1.49402 3.54819 -5.70144
0.670826 -4.36613 2.45719 -4.25443 -13.3829
-4.214 -4.92064 2.75967 4.28632 32.5644
1.01788 -0.151246 2.36603 4.69976 10.9658
1.97962 0.367969 -2.79896 1.23657 -2.73267
-2.11819 -4.51628 0.216845 -4.14094 8.66838
-0.401774 -0.123483 -2.98007 -2.11564 6.35436
-4.45743 -0.688029 -4.83043 4.58012 -19.0571
2.69171 3.4278 4.45477 -3.9403 -8.32652
0.78488 0.620742 0.550132 -1.89878 -0.557369
-4.76662 -0.273888 -2.10108 -1.27104 3.97607
-4.38512 -4.79061 1.73937 0.0777493 21.1427
-0.471535 1.7794 -1.95352 -3.80252 6.58924
-0.740656 4.86405 -4.94355 4.07791 -23.7619
0.912407 3.21708 4.03057 -1.99523 -5.10665
-2.16905 0.0900153 3.28323 -2.82544 -9.4718
-1.58655 4.19325 4.67636 0.293668 -5.27949
-1.22778 2.42457 3.37685 2.34272 4.93419
0.413836 -4.98619 2.96125 -0.813991 -4.4739
-0.69409 -0.815876 -3.74419 -2.13483 8.55949
4.36001 0.0410704 -3.95087 1.10634 -4.19195
2.14105 2.73245 -3.73333 -3.45398 18.7452
3.99203 3.32239 -1.07233 2.34806 10.7452
0.919514 -1.96094 -2.79523 -3.38469 7.65789
-2.73739 0.226552 3.28034 2.67172 8.14399
-4.12835 4.5911 -1.33813 0.117163 -19.1104
3.91894 4.26363 3.95705 2.17225 25.3046
0.912371 4.36687 -0.16035 -0.130944 4.00521
-1.61425 1.4436 -2.21821 0.771742 -4.04222
1.56367 -2.0862 -3.30294 -3.46855 8.19428
-3.97117 -1.19555 -4.15927 3.26527 -8.83342
3.66268 1.07624 -3.54761 -4.89647 21.3127
1.7262 -3.08216 4.92048 -1.34787 -11.9526
-2.76882 3.58512 -2.69174 -1.24616 -6.57219
0.482104 4.70823 -4.00738 -2.238 11.2384
0.477628 -4.61267 -1.0796 -3.95159 2.063
1.36385 -1.35915 1.44383 -1.05172 -3.37217
3.74636 0.754029 -3.01952 -3.62854 13.7813
-0.28727 -3.32418 -1.01452 -0.179525 1.13707
1.25688 4.39197 -2.49376 -4.67239 17.172
2.29716 3.95587 3.23234 3.56665 20.6159
1.39641 2.12658 0.884256 3.13544 5.74211
4.11943 1.92929 3.86636 -3.27458 -4.71313
-3.90479 -0.453513 1.08631 3.0037 5.03383
0.955729 -3.91228 -1.56837 4.28494 -10.4594
4.12825 2.25017 -3.62462 -4.53159 25.7146
-3.34817 -4.93917 -1.90871 -1.89198 20.1484
-1.85234 3.87795 1.87813 -3.00208 -12.8216
2.58892 -3.6718 0.460435 2.21801 -8.48474
1.33473 -1.34476 1.75166 -2.68879 -6.50474
-4.01965 -4.97276 -3.00511 -1.61091 24.8297
1.69545 4.39491 -0.138963 -3.82764 7.98326
0.678705 -4.6586 -3.31771 4.65364 -18.6013
-4.45923 4.62437 4.59082 -0.98621 -25.1487
-1.81525 -4.80763 1.60836 -1.77985 5.86439
-3.65497 4.58286 -1.62634 2.46634 -20.7613
1.23281 -1.12524 -2.3935 2.78459 -8.05211
3.48364 1.61592 0.391088 -4.92357 3.70374
2.68614 -0.389929 0.225816 3.98122 -0.148377
1.18981 -2.03037 -1.84898 -0.919048 -0.716462
-3.33991 2.20108 3.3193 2.82857 2.03746
-4.5764 3.64275 3.64114 -4.14138 -31.75
-3.34576 4.89201 -4.06188 0.738595 -19.3676
1.40778 -2.00883 3.0268 -3.82589 -14.4082
1.8481 -4.80249 4.74687 2.8784 4.7879
4.89383 -4.93543 0.815037 2.38994 -22.2053
-2.56875 -4.52815 0.384516 -0.210021 11.551
2.68369 1.09289 2.85999 0.232271 3.59728
-0.929625 1.8684 -3.91684 -3.71086 12.798
-2.71687 0.130209 1.1068 -4.4026 -5.22657
3.9708 -2.38776 2.09631 -2.96921 -15.7057
2.57411 1.36553 2.03744 -4.40485 -5.45961
1.32601 -3.41776 -2.38268 -0.678431 -2.9155
2.60136 1.49099 -3.73971 2.20046 -4.35048
1.58981 4.7624 1.58784 4.77887 15.1594
-1.888 3.60227 -3.42629 -1.17474 -2.77612
-3.06817 -1.85745 -1.65124 -0.799107 7.0185
2.00983 0.897555 -2.31433 -0.0607407 1.94451
1.99537 3.41989 -3.55583 1.10467 2.8959
2.19617 -1.28088 0.803818 -4.93937 -6.7834
3.43972 -1.07145 -3.88814 0.0674218 -3.94763
1.58395 3.72182 -0.672096 4.14917 3.10653
-0.704737 -1.33859 4.59233 4.20069 20.2343
1.41525 0.548122 -0.597397 2.9193 -0.96825
-3.81571 -3.96252 -0.59916 3.27809 13.1557
4.19991 -2.42066 -1.93852 4.42498 -18.7445
0.17912 1.45504 -1.09765 0.0692495 0.184614
-3.65685 3.97821 3.78309 -3.87625 -29.2119
0.286395 4.13331 -0.705004 -3.93521 3.9581
-4.78091 -0.515571 -1.61184 -2.69652 6.81125
3.95501 -1.73711 -0.823798 -0.0755526 -6.80802
3.1909 1.79906 -2.32574 2.85621 -0.902182
-0.108575 -3.81344 -3.69181 3.8619 -13.8434
-4.21871 1.22607 0.377654 -2.08338 -5.95922
-2.42408 -0.819635 -4.6778 -1.50515 9.02766
3.12905 -4.70047 -1.50321 -2.45806 -11.013
4.90462 -2.42602 2.63206 3.16053 -3.57999
3.19645 3.9705 3.3033 4.78889 28.5106
-0.760253 -2.17237 -1.37177 0.00114222 1.64999
-1.12206 4.39653 2.59995 -0.833912 -7.10132
-1.98643 1.51336 4.98845 0.141799 -2.29882
-3.58163 1.2226 4.85985 -0.523971 -6.92533
-2.16961 -3.61245 -2.0822 2.67644 2.26475
-2.84052 -1.24479 4.67211 2.51211 15.2727
-2.00674 -2.93611 -4.81224 2.9038 -8.08175
1.8549 1.46184 3.17809 -2.79783 -6.18019
-0.898295 1.24617 -1.24009 -0.519406 -0.475316
1.36082 -4.7836 0.355041 1.61887 -5.93485
0.0495112 -4.01257 0.541018 -0.297184 -0.359449
0.677197 2.53918 1.13648 0.881843 2.72173
-2.17249 -3.56563 0.723667 -2.35076 6.04511
-4.263 -0.672125 0.899181 1.26567 4.00334
-2.77552 2.15017 -1.49026 3.74033 -11.5419
2.49924 -0.0129684 0.449848 -4.59728 -2.10049
-1.0127 -2.43141 2.58301 -4.57492 -9.35478
-1.33077 -1.29083 -1.22225 1.05805 0.424593
3.44472 2.94894 -0.477355 -3.51066 11.8341
-3.76328 0.954103 4.26416 1.63916 3.39909
1.59976 -3.73745 -1.35316 -4.53799 0.161636
1.67193 2.94105 -2.37956 -4.15278 14.799
-0.62067 -2.58407 1.79072 -3.33291 -4.36443
3.56876 2.77194 0.611491 4.20148 12.4616
0.30891 1.07043 2.93005 3.90973 11.7864
3.09307 3.64633 1.51545 -2.49469 7.49778
-4.43038 -1.51229 -3.34308 -0.0183872 6.76149
-0.272884 4.36995 -3.98666 0.389888 -2.74684
-0.942394 -0.286656 4.70362 3.86056 18.4287
0.707966 -4.28151 3.21931 3.68192 8.82207
4.47802 4.13766 -0.890945 -3.49067 21.6385
3.14114 -1.88655 3.60538 -4.57117 -22.4067
-2.15285 -1.53897 -3.31233 1.94553 -3.13106
-3.39918 -1.69893 0.0607434 -2.02704 5.65184
2.88357 -0.576328 -0.914389 3.14032 -4.53336
3.2083 -3.61332 4.04372 2.86673 -0.000339074
0.207557 0.425135 2.01832 -4.67251 -9.34239
3.34635 2.81733 -1.10616 -1.59746 11.1948
-0.82384 -2.92964 2.33088 -2.47368 -3.35228
-2.997 -0.0940995 -3.94292 4.37287 -16.9599
-4.65972 -4.15084 -1.94718 3.87733 11.7919
-0.0766781 -3.59807 2.71781 -3.47169 -9.15951
-3.25513 -1.58444 1.59978 2.95968 9.8924
4.84703 2.67663 -2.15335 4.25079 3.82031
-3.2431 -3.8679 0.986001 -0.729858 11.8244
-4.80085 -2.75208 -3.31841 2.95397 3.40981
-3.5144 3.70491 -0.412954 -3.23299 -11.6855
-4.23972 -1.71276 1.3256 -2.23859 4.29416
3.59322 1.46533 3.07757 -1.97463 -0.811802
-3.78237 -4.7571 0.520534 -1.20895 17.3638
-0.739779 1.90313 3.04235 -1.20058 -5.06048
-2.28783 1.19852 -2.42827 -2.13459 2.44135
1.8234 -4.38457 -1.66609 -1.59073 -5.34452
-3.23576 1.3301 1.50693 -3.41587 -9.45136
-3.49274 -1.02222 -3.40861 4.23209 -10.8552
1.77918 -0.736584 -0.682693 -0.743721 -0.802778
-1.2836 -3.85254 3.58137 1.99629 12.0946
1.24047 4.16349 3.20782 -4.54549 -9.41643
-3.07374 3.21271 -3.21109 4.76753 -25.184
-2.51784 -2.08378 2.42967 0.783274 7.14972
2.35457 -2.24262 0.919588 4.3066 -1.32011
2.29666 0.652894 -0.722633 1.09426 0.708726
0.675808 0.418137 -4.04042 0.334269 -1.06801
-4.74282 3.99161 -3.46947 -0.432002 -17.4327
1.10557 -4.03455 2.67421 0.795663 -2.3327
-3.51364 -0.954667 -0.298334 3.90458 2.18949
-4.84761 1.70108 -2.49317 4.60565 -19.7289
-2.35532 4.66492 4.47081 4.97739 11.2656
-0.0730241 -3.72446 1.09016 -3.77349 -3.84174
-3.1586 -2.82727 -0.788843 1.31518 7.89277
3.34611 -2.86538 2.43646 -1.32125 -12.807
2.93617 -2.15511 -3.09531 0.278464 -7.18971
-2.94079 2.12039 -3.90937 -4.24353 10.3539
1.12741 -3.39572 -0.695071 4.21476 -6.75794
4.56901 3.86751 -4.90085 3.08966 2.52871
-3.65396 -3.46474 2.19463 2.26773 17.6369
-3.63802 -2.11867 4.1994 -2.34912 -2.15714
-3.84862 4.3718 2.41142 -4.96437 -28.7966
-4.86838 -2.48669 4.58275 -0.483001 9.89269
-0.792084 4.65587 2.1588 1.08084 -1.35452
3.13741 -3.80939 2.1145 -4.46922 -21.4018
3.07244 -4.17237 0.0121385 -4.53824 -12.8744
3.34686 1.71641 3.71028 -1.73297 -0.685193
-3.85368 -1.9123 -2.73689 -3.66144 17.3903
-2.83207 -4.73351 -3.12153 -2.2627 20.4687
0.0198837 1.74095 -0.456567 0.0924802 -0.00760703
3.42097 3.52851 -4.80158 -1.31802 18.3995
1.85649 4.28869 -0.888067 0.859823 7.19831
1.40458 -2.08959 1.93513 2.70443 2.29846
-0.231793 -0.261715 0.787944 2.10318 1.71785
3.10687 4.16693 0.893867 -3.3589 9.9437
-4.7569 -4.16512 2.75215 0.143979 20.2093
-4.52355 -4.88536 2.66577 -3.81782 11.9218
-0.7064 2.34102 -4.56446 -4.9826 21.0892
1.06338 0.749857 -4.64368 4.24992 -18.9379
-2.67331 -4.63501 2.42416 -4.02264 2.6393
-1.53149 1.02875 -0.239001 0.606524 -1.72048
0.0449297 -3.73217 -3.48395 2.61837 -9.28994
2.37423 -4.90272 -1.98124 4.16819 -19.8984
3.40507 3.16582 -1.02139 -2.98864 13.8324
3.33872 4.85998 0.628332 0.384193 16.4675
3.79711 4.47389 -3.55819 -3.85514 30.7052
-2.01634 4.82097 1.63095 -3.21179 -14.959
-0.188059 -3.63951 1.4359 1.93989 3.46992
0.0448419 1.18606 2.08796 3.26811 6.87688
-0.7943 -0.505465 -2.63135 2.17768 -5.32876
0.246346 -0.550038 -3.96435 -2.78015 10.886
2.79292 2.64194 -3.45803 -1.70322 13.2685
-2.16174 1.11673 2.60391 -1.79524 -7.08871
-3.31116 1.70807 2.72525 0.761588 -3.58018
-1.40289 -3.61203 1.11762 4.80976 10.4427
-2.79991 -3.86115 -0.310068 -3.38222 11.8596
2.33912 -4.18887 -4.93499 4.46824 -31.849
2.58803 -1.34068 1.00088 -4.41834 -7.89196
-3.58489 2.72246 -1.82305 0.118349 -9.97547
3.65072 -0.621511 3.13407 2.92157 6.88746
4.1334 3.23947 -3.48828 -3.43198 25.3617
0.668109 2.63205 1.01269 1.62072 3.39979
-1.44176 -1.59696 4.42724 -0.334767 0.820342
2.94736 2.39092 3.10614 0.413249 8.33052
0.88729 4.64985 4.53407 3.3757 19.4314
4.76821 -0.258324 2.55364 1.98222 3.83014
-3.41001 0.66188 -2.94646 3.79815 -13.4481
-0.38245 3.23293 0.716771 4.1448 1.73444
-0.00562545 -4.35659 -3.39057 -3.42151 11.6254
-2.00307 2.6258 4.52057 -1.44171 -11.777
1.1119 -2.58067 -0.0584322 3.65328 -3.0829
2.11458 1.37256 -4.60875 -3.19989 17.6499
3.60143 -0.381615 -3.72755 -0.992561 2.32546
4.35767 -4.64867 1.03575 1.50662 -18.6969
-3.3689 -0.860525 4.59098 -3.85729 -14.8097
-3.58102 -4.94647 1.36655 -1.08173 16.2352
-2.0584 -1.59098 -0.331607 -0.697722 3.50624
4.48544 4.21238 -0.86647 3.7723 15.6258
4.229 -0.614037 4.44285 -4.34986 -21.9226
3.64372 1.13299 0.61155 3.98885 6.56767
-1.43807 3.1767 3.89986 4.78317 14.0854
2.25006 -4.80768 1.11186 -0.741752 -11.6423
-2.76792 0.06866 1.50908 1.49288 2.06284
4.48439 -3.69758 0.0972478 -1.67545 -16.7444
1.48776 0.167836 -3.99851 -4.43444 17.9809
-4.31234 -0.825929 0.37258 -0.127686 3.51411
-4.59506 -2.58566 4.86336 -4.38124 -9.42624
-3.17598 -1.2317 -1.53011 2.81931 -0.401978
4.89208 0.940488 -3.08923 3.62096 -6.58503
-4.76397 0.11565 -1.66613 1.87263 -3.67101
0.623008 -4.52922 -4.79499 -3.26023 12.811
0.864588 -2.17436 4.31147 0.239783 -0.84611
3.07654 0.500524 -1.8318 -0.768278 2.94721
1.16935 -3.60378 -1.25484 -1.50936 -2.32007
-0.391484 -3.5877 -4.82779 3.77173 -16.8046
-0.697296 -2.37754 0.583389 -2.19017 0.380126
2.72743 -2.51831 0.356552 -0.592366 -7.07973
-2.82109 3.24133 2.95052 -0.223354 -9.8031
2.64946 -1.29084 -1.86929 1.58925 -6.39082
-4.21248 4.61338 -4.46082 4.05069 -37.5032
-4.73569 0.036921 -1.79301 -1.4569 2.4374
-1.64318 -3.48645 -3.30864 -0.648068 7.87309
2.37017 1.17415 -4.43771 -1.59551 9.86334
-0.842651 -0.417778 4.91509 4.55463 22.7384
2.83518 1.66479 -4.57077 -2.03594 14.0258
3.87076 -2.72617 -4.9842 2.81253 -24.5705
1.2178 4.45601 1.02278 -2.06 3.3196
-0.0565255 1.89911 -1.41868 4.12972 -5.96609
4.0196 -4.5021 3.71096 -3.47945 -31.0087
-2.14516 -2.01398 3.82722 -1.42178 -1.12114
-2.04754 -3.71557 -4.91602 1.63894 -0.449277
4.65468 -2.83683 2.18893 -3.46 -20.7782
-0.604198 1.98576 1.31144 2.95143 2.67085
3.75975 3.29656 -1.28348 -1.08076 13.7814
3.92239 0.694961 -1.99626 3.49491 -4.25082
1.43786 4.4674 -3.74395 -4.48182 23.2032
-2.34906 -0.775859 0.412443 1.10308 2.27749
-3.12999 4.8289 2.56204 -0.775235 -17.1006
-2.51704 0.424306 -2.47295 -4.32912 9.63771
-4.99048 -2.95349 3.78684 -1.19317 10.221
-2.77194 0.323314 -3.15483 4.93635 -16.4696
1.76756 -4.69897 2.87459 1.61197 -3.67195
-4.56225 -0.339719 3.41456 0.4183 2.97819
0.36716 -0.219676 -2.79903 -4.07745 11.3322
-2.93793 -0.0236494 4.9612 -1.24966 -6.13031
3.03279 -0.183305 1.69174 0.850872 0.883534
-4.30353 2.42498 0.107233 0.756418 -10.3549
-4.28567 -1.50821 1.72043 1.2113 8.54764
-3.67815 -1.03765 -3.83105 -1.31442 8.85228
0.75165 4.88313 0.119772 2.74607 3.99931
4.0829 -2.04605 -3.09393 1.03109 -11.5439
-0.929492 0.477288 4.04273 -1.1401 -5.05276
-1.24615 -0.11362 -1.53571 -0.961406 1.61803
4.78982 3.0945 -3.47828 -0.524773 16.6474
-0.10666 -3.46697 0.175753 -1.11959 0.173017
-3.71278 3.05584 0.444152 -3.15424 -12.7466
-0.814611 0.341467 0.223559 -2.69805 -0.881337
1.57938 3.30627 -4.87122 2.85182 -8.67
-3.92509 -1.38009 0.553927 3.97586 7.6193
-2.86742 4.04916 0.593621 1.62517 -10.6459
-4.26021 -1.85558 -1.8547 0.300093 7.34857
-3.41218 -1.62685 -2.99945 0.239959 4.83137
0.221141 -4.77957 -0.0928803 3.58486 -1.38992
-2.3259 1.76855 -4.28714 -4.88949 16.8484
-0.319647 2.75045 3.57243 -2.60315 -10.1787
-0.872368 3.26936 -1.51478 -0.556899 -2.0085
4.08883 2.97722 4.3724 -4.62449 -8.04676
-3.16227 -4.2911 -2.3509 4.15392 3.8042
3.92486 -4.81746 -3.94168 -0.149466 -18.3187
2.23557 3.05674 -2.38903 3.41 -1.31302
4.48932 1.77833 0.735637 4.23506 11.099
-0.395254 -0.81718 -4.72558 0.0359651 0.153038
2.84544 4.48147 2.24395 3.57901 20.7829
2.71128 -1.25622 1.85499 2.8112 1.80877
-4.81896 1.83973 2.04815 -4.45935 -17.999
-1.497 3.6006 4.03964 -1.08369 -9.76783
-3.08247 -1.3665 3.19408 4.788 19.5055
0.624442 -4.80173 4.35345 -1.00775 -7.3856
-4.86557 2.14073 -3.40016 -1.01901 -6.9511
0.839431 -1.92926 -1.72132 -4.80344 6.64875
-3.98927 -2.34839 1.45519 -3.64779 4.06012
4.5914 2.36549 0.233496 -2.45832 10.2869
-4.5042 -3.07527 -0.89707 3.26034 10.9269
-0.398778 -3.30689 3.31205 -1.62176 -4.05264
1.5217 4.20121 1.4555 4.02762 12.2552
-4.24487 1.03342 -1.95304 -0.250881 -3.89674
-1.17868 1.11368 -2.34615 -3.27672 6.37499
4.63823 -2.49733 4.6179 3.23986 3.37815
2.70968 -2.23838 2.85007 3.8276 4.84361
0.16821 -3.50558 -0.699242 -2.50868 1.1645
-2.78256 -2.6027 2.57091 3.77612 16.9502
0.615116 -2.34196 -0.224919 -3.8623 -0.571873
-0.19177 0.137816 0.634214 -2.61965 -1.68785
4.75549 3.5101 3.72714 -0.0815873 16.3882
-3.01444 -3.90399 1.28804 -4.75169 5.64798
-3.73553 -3.43266 2.41939 -4.03936 3.05001
2.07698 2.64179 3.68376 -4.13731 -9.75393
-2.97819 4.56317 -3.65203 3.0753 -24.8211
-3.94374 3.78819 -1.3332 -0.818122 -13.8489
3.43809 -3.69772 2.77909 -2.08422 -18.5053
4.89774 0.179876 4.50994 -1.62373 -6.44193
0.857742 -1.77479 1.82608 1.68057 1.54655
-1.81453 -2.54362 -4.03514 -1.39131 10.2296
-0.77793 1.3531 -4.88161 1.72458 -9.47132
2.67554 -3.08561 -4.70886 2.30967 -19.1316
-2.41292 0.905271 -2.2251 -4.62866 8.11488
-3.82799 2.89778 -2.15969 2.90383 -17.364
1.71626 1.30853 4.53055 3.4317 17.7933
-3.8733 3.15636 -2.5814 2.95286 -19.848
-0.7762 -1.58907 -3.80817 -4.54778 18.5521
-4.29385 -3.62438 1.71779 -4.89331 7.15682
1.29688 3.08595 2.65932 -2.33498 -2.20737
-2.34143 -3.94647 2.25696 -2.44916 3.71268
-0.735834 4.98547 -0.852806 2.98402 -6.21327
2.0364 4.00086 1.645 -0.560074 7.22602
0.237434 -0.593315 -0.739509 -0.944157 0.557339
4.3641 1.10541 -1.14998 -0.401028 5.28529
3.03484 -0.558592 2.69631 -0.734204 -3.67488
-2.10915 -0.828935 -1.27257 -0.722895 2.66829
4.63604 3.44772 1.97897 -1.73449 12.5513
-3.89391 3.88467 -2.0637 -0.0398234 -15.0444
1.79913 3.91498 -3.77942 -4.31317 23.3448
-3.76201 -4.59918 -3.13513 -0.72311 19.5692
-3.87482 4.5967 4.74271 -1.47294 -24.7971
1.06877 0.399923 -2.80326 2.73041 -7.22661
-2.46322 -2.23734 3.40037 -4.18935 -8.73427
4.77019 1.16356 -1.59799 3.31753 0.248998
-0.863949 -3.17586 -3.66307 -3.52987 15.674
-2.51024 0.299258 -2.3966 -2.94977 6.31821
-0.689866 3.25831 1.71234 1.24437 -0.117006
3.03711 -2.28829 0.951679 0.234206 -6.72689
2.3868 3.46808 4.06136 -2.65242 -2.49484
-0.0818643 -4.92034 -1.44367 -1.61818 2.73893
-1.62227 2.65666 -0.825702 0.168611 -4.44903
-0.551982 1.66352 2.70337 -2.34915 -7.26887
-4.13611 0.966305 1.79598 2.78415 1.00353
4.78795 3.94353 1.24689 0.0397004 18.9309
3.85432 2.50644 -0.181432 -0.448223 9.74192
-1.19712 2.13599 2.91886 -0.546383 -4.15185
-2.01962 4.6706 -1.87187 1.04341 -11.386
-4.28251 -4.80509 -1.72105 -2.96361 25.6784
3.19055 -1.23786 -1.95379 1.34844 -6.58404
-1.84058 -4.40654 1.8036 -3.30241 2.15438
0.159706 4.85919 -3.54181 -4.29967 16.0046
3.39198 -1.84866 -0.975195 -1.71983 -4.59346
3.33433 0.617039 -3.27583 4.8139 -13.7121
3.56943 4.47598 3.69243 4.35528 32.0583
-0.480136 3.73247 -4.49497 0.865235 -5.6813
1.50842 4.26462 -0.177982 -4.08421 7.15973
-2.19078 0.382858 -0.671242 -2.78751 1.03234
-1.0326 2.16896 4.60328 -2.16799 -12.2196
-3.33932 -1.63943 -3.88795 -2.56313 15.4399
1.88008 -1.65471 -1.96274 2.24301 -7.51341
1.76768 0.457383 2.39701 -2.94546 -6.25178
3.25346 3.93547 -0.7334 4.23422 9.69851
4.59333 2.24498 -3.74496 1.87051 3.30694
-0.966823 -1.13331 2.96175 -4.45473 -12.0981
-2.73801 -0.247607 4.46694 2.26517 10.7963
2.26566 -0.139847 -1.75658 0.271912 -0.794481
-1.02498 0.476835 -4.96615 2.47626 -12.7862
2.04218 -1.96816 4.22384 -1.932 -12.1798
0.368427 -4.09181 -1.74082 -0.272316 -1.03348
-2.28731 -1.13831 -2.32069 -0.556518 3.89517
2.96247 -1.50917 3.02226 3.70412 6.72395
1.53224 0.00629351 2.48574 4.48752 11.1644
1.18578 0.00839488 0.392054 1.75947 0.699761
1.15818 -3.94289 -0.620903 -2.08883 -3.26962
2.16289 -0.411052 4.84433 -2.74662 -14.1946
3.40108 0.944707 -2.57893 -3.09869 11.2044
-1.69049 -3.38164 4.3437 2.55083 16.7966
2.23605 0.908102 -1.60512 3.1576 -3.03777
0.522329 -2.11932 1.43704 1.78715 1.46124
3.30031 -4.52362 -0.90005 -4.11177 -11.2285
-2.1612 4.25707 -3.18949 1.21035 -13.0608
-3.54051 1.10754 1.40137 2.62967 -0.236117
-4.69697 -2.03443 -2.2277 3.16488 2.50529
1.16353 1.83865 -3.1932 1.09813 -1.36722
2.95342 1.62595 4.47058 3.21451 19.1728
-0.912631 -1.06761 2.80711 3.44334 10.6402
-1.22558 0.100147 -4.10807 4.40748 -18.229
1.23691 -3.21156 4.74667 1.80848 4.61183
4.3784 3.53449 4.80948 -4.54969 -6.40625
4.7162 -1.43608 -3.91173 -2.73237 3.91542
-0.599954 2.77744 3.58035 0.443813 -0.0773309
4.00087 -1.50869 -3.14452 -2.64759 2.28935
1.13115 4.89435 3.55661 -3.94772 -8.50426
-2.92528 -0.486714 2.20307 3.97564 10.1824
-1.04037 1.91801 2.13106 -3.77696 -10.0444
-4.19843 2.62847 0.802933 2.93243 -8.68089
0.102763 -0.101348 0.264923 -2.40655 -0.647966
-0.42739 -0.260829 2.18934 1.17004 2.6731
2.14194 1.69261 -2.40805 2.32031 -1.96194
0.692956 -1.83936 2.91346 -3.77298 -12.267
-0.19081 2.99438 0.823002 3.58008 2.37506
-0.689174 -3.14694 -1.42201 -0.460729 2.82395
-0.761594 -1.78777 0.465781 -2.65734 0.123819
3.62452 -3.18429 -4.55859 3.51463 -27.5633
1.59259 -4.35585 -0.110627 2.4543 -7.20859
3.34913 0.903851 3.22272 -1.29039 -1.13146
4.20905 3.3265 2.34164 -0.913904 11.8614
0.0344041 -1.58 3.12974 2.01605 6.25534
0.291573 1.2227 -1.07427 4.12601 -4.07595
0.850275 -2.56234 3.0512 -1.45495 -6.61803
-1.74842 0.5211 -3.09411 4.98873 -16.3468
-1.96908 -0.470975 -1.85845 -4.10196 8.55068
-3.98451 2.0236 4.67597 -2.4389 -19.4673
-1.67722 -3.7067 2.14115 -4.96931 -4.4231
0.782288 0.598581 1.82335 -3.20847 -5.38189
-3.90444 -0.00174601 4.49774 1.07646 4.84847
1.09849 -1.14639 -0.216556 -2.79453 -0.654124
-3.90529 3.22872 1.11766 -4.53063 -17.6728
3.29581 4.93142 1.61606 0.904736 17.7151
-3.29332 -3.60815 -1.56578 3.34486 6.64548
-2.22826 4.33886 4.56287 1.32206 -3.63574
0.922117 -2.50379 3.49362 -4.80373 -19.0912
4.29621 2.95349 -0.321841 -4.80813 14.2363
3.16024 3.28009 0.323494 4.14695 11.7074
0.674643 -2.26034 -4.65679 2.76818 -14.4157
0.6871 -0.155515 -3.95287 2.94141 -11.7339
0.555726 0.586147 -3.28651 2.48582 -7.84391
-2.55485 4.29081 2.21851 4.02585 -2.03096
-4.11933 -1.57343 -3.07845 -1.60846 11.4331
-1.96112 -2.49945 -4.07734 0.914185 1.17428
0.0573333 -4.15167 -3.04477 -1.01429 2.85025
-1.55594 -3.94385 -3.56361 -1.44165 11.2739
3.17705 -3.81348 2.03734 2.02806 -7.98378
-4.37626 -1.17505 4.63775 -3.82748 -12.6085
-2.13386 -1.52048 -4.2885 3.7795 -12.9639
-3.28595 -4.3082 4.78245 3.30925 29.9828
2.08082 3.61502 3.5989 2.84362 17.7561
-2.84277 1.35187 4.04364 -3.2742 -17.0827
0.350477 -0.516921 2.9581 -1.08124 -3.37958
0.40533 3.04333 -3.87194 4.41201 -15.8495
-1.45615 2.30931 1.74043 -2.34144 -7.43781
2.79669 -3.9662 1.2178 -1.92864 -13.441
1.48635 -0.363495 -1.12542 -3.57705 3.4854
1.92638 -0.235563 4.79761 -3.52797 -17.3796
-1.73104 3.38629 0.793583 -4.9666 -9.80322
3.37227 4.4169 -3.72246 1.23069 10.3138
3.85115 -0.854803 0.48922 -1.39036 -3.97217
-2.44426 3.37525 -4.99578 3.79554 -27.2117
-2.0552 2.97875 -2.61607 3.9482 -16.4507
4.98053 -1.73918 -1.0699 4.78925 -13.786
4.72042 -4.78286 -3.06564 4.27816 -35.6924
1.22728 1.3783 -4.68472 1.26217 -4.22137
3.86224 -0.475698 2.34974 3.99287 7.54494
-4.56263 0.821542 -1.49358 -4.42976 2.86783
1.48631 -0.0170023 -3.46587 1.96466 -6.83454
-0.177901 -2.45187 1.02009 2.22418 2.70506
3.41516 2.7122 3.83961 4.84586 27.8688
1.08429 1.13216 -2.86261 -4.5592 14.2788
1.98505 -4.19127 2.47708 -0.918629 -10.5954
-0.296108 -0.968847 1.30502 -0.975631 -0.986331
3.64351 4.83314 3.94106 3.48174 31.3313
3.81858 3.33479 0.197926 2.90123 13.3084
-1.72875 0.195677 -4.15315 -2.31417 9.2728
0.330304 0.232962 4.85168 4.46425 21.736
2.35806 -4.13454 2.96367 -1.54618 -14.3318
4.51893 -4.45557 3.46215 1.73454 -14.1292
0.665769 2.16404 -3.35162 1.5462 -3.74152
-3.92972 1.41683 4.92402 -3.93146 -24.9263
4.45792 -4.93002 4.93213 -0.791508 -25.8815
0.409916 3.03238 0.750687 -1.24324 0.309738
3.86395 -0.134071 0.5069 1.33895 0.16067
3.42953 -1.25127 -1.6191 -2.60818 -0.0683708
-1.09772 1.04273 0.450024 3.6566 0.500936
1.20296 -3.17861 2.44031 -4.93452 -15.8655
1.93019 0.236346 0.290629 -3.06175 -0.433642
3.39886 -3.67745 4.05827 -1.57412 -18.8874
-1.01765 2.89068 -0.0787453 -0.661444 -2.88962
-1.62234 -4.88836 -4.73877 2.2708 -2.83019
-0.556051 1.22031 -0.405993 -2.47224 0.32516
3.67531 -3.16688 -0.825118 -0.57067 -11.1684
-0.619198 -0.85715 -4.35359 -0.530063 2.83843
-2.37882 0.328128 -1.58487 -1.59479 1.74698
-3.57176 -3.62298 3.86672 2.75883 23.608
0.555745 -3.65065 -2.83677 -0.716747 0.00441582
2.58693 0.916144 3.42774 -2.40214 -5.86392
0.106483 0.826203 -4.4942 0.968479 -4.26456
-3.25951 2.77535 1.92024 4.94635 0.451937
-4.80012 3.01888 1.17438 -1.33699 -16.0611
2.25203 -2.82196 3.66545 -4.00951 -21.0518
-3.63188 -2.58312 2.78479 -3.91471 -1.52006
-1.62676 -3.47561 -3.12347 -1.58905 10.6174
-4.40007 -1.20693 -0.639082 -2.54054 6.93418
1.85139 3.8089 2.49574 3.05642 14.6798
1.16886 3.55641 -2.97539 3.02129 -4.8326
0.242619 2.70334 2.21162 1.2084 3.32841
4.32082 -4.67778 3.25462 4.1525 -6.69707
3.77311 2.74953 3.35912 4.68863 26.124
0.528543 1.74427 -0.683731 0.716448 0.432062
4.40048 -2.47351 -3.4929 -1.01702 -7.33229
4.14814 -4.80667 1.19454 3.94087 -15.2312
4.48967 1.36038 4.51021 2.65011 18.0602
1.0351 -3.13725 -1.47694 -4.26818 3.05651
2.40086 -1.82855 -4.70302 -4.24381 15.5686
-0.734759 2.04862 -3.7333 -3.05165 9.88747
1.61371 0.597114 3.79367 -1.81221 -5.91137
3.09133 3.71832 -2.40055 -0.510035 12.7189
-4.74438 -4.81235 1.8962 3.93697 30.2969
-3.34977 -3.53676 4.60275 3.73211 29.0253
-1.7752 -2.83378 4.07765 -2.71479 -6.03945
-1.64061 3.34241 -0.956395 -4.84106 -0.853631
-1.16505 2.39431 -4.20406 -3.00443 9.84131
-1.50743 2.86621 1.25013 0.09428 -4.20275
-1.789 3.10271 0.912514 3.31305 -2.52753
-0.815074 -0.352559 0.478891 -1.69892 -0.526236
-3.52975 2.25824 0.855657 -2.21572 -9.86692
-1.93249 1.58838 -4.41275 4.58641 -23.3082
-0.0526205 4.0984 -3.77301 -4.79144 17.8625
-1.21144 0.436788 4.86595 3.89027 18.4007
0.589045 0.492625 -1.62094 -4.83184 8.12232
3.6968 1.78544 -2.9093 -0.444437 7.89341
2.06282 -4.85417 3.60915 -4.98254 -27.996
-2.74316 -2.75019 -2.06358 3.81247 -0.323109
4.55344 -4.09293 3.77978 2.01929 -11.0044
2.77956 -2.95055 -0.135039 -1.54296 -7.99288
-4.55298 0.358742 3.44269 -2.07796 -8.78711
-3.70651 4.93835 4.01742 -2.83001 -29.6734
-1.17345 -1.01772 -2.52933 2.34558 -4.73849
-2.89813 3.17256 0.338234 -2.47805 -10.0327
-0.114223 1.58183 4.93704 -0.979204 -5.01505
-0.871427 -2.47844 2.8001 3.0108 10.5903
0.66926 -1.03041 -0.0722242 3.04958 -0.909866
-0.990395 0.371065 0.191721 4.57696 0.509997
1.97759 -4.61376 3.0139 2.4706 -1.67796
-3.50206 -2.41595 1.50939 -2.07774 5.32466
1.31766 -0.383029 2.3814 -0.506719 -1.7114
-2.74475 -3.07499 3.30328 -4.44087 -6.22935
-3.39054 4.66956 4.71065 4.99117 7.67932
-3.38809 -3.51201 1.35493 4.26772 17.6815
-2.10402 1.94552 1.3012 -4.06231 -9.37929
2.5619 -2.46859 -3.68024 0.879339 -9.56045
1.54206 4.57903 0.139198 3.30182 7.52076
4.65055 -4.03853 -3.23863 -2.98757 -9.10575
2.26922 0.491285 2.08541 -4.65104 -8.58448
4.86839 1.71566 -4.90493 -2.10133 18.6594
-2.97529 4.14137 -0.431229 1.81133 -13.1029
-4.50865 -4.84717 1.82201 2.97035 27.2662
-3.71929 -4.72645 3.81226 2.49968 27.1085
-4.87594 4.87484 4.45885 3.48585 -8.22657
-2.3472 2.11853 -2.48343 -3.21441 3.01016
-4.05142 1.01946 -1.58241 -1.81412 -1.25958
-3.87789 2.07627 -4.07709 0.151032 -8.66732
0.36296 -0.364282 2.38381 4.42454 10.4151
-0.921887 3.87976 -2.10721 -4.98393 6.92546
4.53506 0.594919 -1.37037 -2.48857 6.10825
-2.2593 3.92667 0.443466 0.812919 -8.51102
-1.11757 0.111465 -0.0180317 -4.44778 -0.0443679
3.56478 -3.1565 0.673908 -3.32902 -13.4957
4.06707 -4.73662 2.83499 4.73331 -5.8453
-0.120961 -3.17615 -4.82686 1.62077 -7.43903
3.01717 -4.0566 -1.10466 -3.96241 -7.86234
-2.74306 4.09335 -1.8361 1.9428 -14.7955
3.04831 -1.50836 -3.25124 -0.211603 -3.90996
-1.42319 1.93134 -0.767587 0.477567 -3.11524
2.96263 3.30722 -2.8328 4.30175 -2.38789
-3.51276 0.729442 3.77646 1.99885 4.98624
-0.866316 -1.25799 -0.306178 -4.07048 2.33611
-0.755132 4.74172 -1.79155 0.403105 -4.30281
-3.51562 -2.73051 3.53089 0.528992 11.4672
1.17992 -2.24222 -4.90513 4.63697 -25.3906
-1.21548 -1.14651 -3.20674 -1.05664 4.78192
-2.1081 0.289366 -4.99252 3.05609 -15.8676
-3.66111 -2.89793 1.43254 -3.87035 5.0652
-1.13577 2.28864 3.117 -3.03281 -12.0526
1.53281 1.05169 -1.09871 4.06929 -2.85892
-2.8152 2.97072 -3.55546 2.01083 -15.5126
2.10286 -2.65321 1.67238 -4.18017 -12.5701
-2.5469 -0.0958346 -2.79807 3.69903 -10.1061
4.89724 -0.112126 -2.29578 -1.17512 2.1487
4.66455 -4.84343 1.04091 -0.795026 -23.42
-4.86434 1.71817 1.15052 0.757929 -7.48573
-0.266879 -3.12091 -4.69437 -4.77951 23.2697
4.79313 4.91759 -4.64816 2.56329 11.656
-2.16117 4.22137 0.415694 -4.21275 -10.8743
-3.47924 -1.29309 4.54205 0.886008 8.52325
-2.43232 2.18318 -0.569635 3.70441 -7.42035
-3.0175 -0.673162 3.34974 3.844 14.9076
-3.61597 -0.837474 4.04159 0.851155 6.4683
0.436531 4.72027 3.76981 0.675724 4.60789
4.05493 -1.50288 -3.42637 -4.04426 7.76305
-4.84665 2.98775 -3.9856 -0.213991 -13.6277
-2.22529 0.197527 4.51277 -4.91966 -22.6408
-3.3915 -3.06186 1.06696 1.19797 11.6625
0.354562 -2.39269 -3.64679 -1.37539 4.16741
-0.291725 -4.87876 -0.177056 -0.504496 1.51258
-2.74957 1.02901 0.0154328 -2.46234 -2.86734
3.75028 4.72435 2.97755 -0.190241 17.1512
0.257793 4.17043 -1.81977 3.4578 -5.21727
-0.00878314 -4.46114 -4.77796 -0.0325318 0.194618
-0.653121 4.60917 -4.09715 0.25275 -4.0459
-1.94796 -4.40304 3.19841 -1.54239 3.64376
-2.14842 1.90644 -0.182975 -4.50103 -3.27225
1.34958 2.5656 4.61113 -0.213574 2.47765
4.32316 -4.77664 1.23757 3.61713 -16.1737
1.82585 -2.52784 0.52889 -1.81141 -5.5735
2.20712 0.568717 -1.34524 1.64716 -0.960597
-3.68667 -0.343429 0.405326 -3.10051 0.00939066
-0.098736 -0.78775 1.22099 1.33044 1.70223
1.54562 0.00623024 0.412629 -3.35095 -1.37307
-1.70506 2.08677 4.19565 4.15245 13.8641
3.16802 3.99391 4.901 3.09407 27.8168
-1.37554 -3.72952 -0.582524 -1.0513 5.7425
4.11425 -4.34042 -1.01583 -0.815505 -17.0291
-0.529649 3.85497 -3.04992 2.4424 -9.4909
-0.738003 -4.29363 3.65447 2.92055 13.8418
-3.26418 -1.75793 3.38068 4.27104 20.1772
-2.74838 -2.80723 1.25911 -4.53744 2.00217
-3.93605 -1.43775 -0.0709853 1.14684 5.57765
4.00778 -2.24831 2.99527 -2.90733 -17.719
-0.9125 -0.852191 1.84856 -0.394201 0.0489218
-2.52904 2.86634 -0.824505 -4.74629 -3.33573
2.41952 0.222799 1.89649 -3.48441 -6.06909
3.1809 4.62152 4.84037 -2.26439 3.7401
3.13207 3.92227 -3.28405 -0.00955489 12.3162
-3.85885 1.72498 -0.624041 2.08461 -7.95731
0.734411 3.97981 1.35374 1.85984 5.44056
-4.07283 4.79343 -0.463074 3.51778 -21.1518
-3.70825 2.60169 -2.4544 1.07557 -12.2876
1.97018 -4.40772 0.937112 -3.01008 -11.5048
-3.54108 2.02306 -1.26227 4.06605 -12.2963
-3.97236 -2.64686 4.20982 4.91971 31.2254
2.00563 -2.99366 -2.04264 1.84468 -9.77222
1.99393 -2.9324 0.469107 3.63677 -4.14098
2.16432 -2.50479 3.93153 2.93666 6.12442
0.261939 -4.5482 0.735132 0.663985 -0.703233
1.16211 -4.36974 0.235446 1.86883 -4.63812
-2.96071 -2.05216 3.73044 4.72456 23.7006
3.68387 0.753899 -1.22283 1.89363 0.461692
-3.39655 -4.05121 0.763636 4.45251 17.1603
-4.5563 -4.10622 3.56161 3.23173 30.2193
-0.987427 -0.321147 -1.20782 -3.43267 4.46316
-3.53618 -1.23375 1.37777 -2.29546 1.20017
-0.705264 1.31398 -3.6417 -2.13693 6.85536
4.87795 2.78144 1.1337 2.34821 16.2299
-2.86286 -3.87142 4.59996 -3.37004 -4.41873
-3.84127 2.13515 -0.0462243 4.60837 -8.41469
-0.649965 1.98064 -4.80279 3.90817 -20.0574
3.85518 2.01516 -4.72822 -4.05969 26.9639
0.653768 -4.19064 -2.18184 4.89153 -13.4122
0.515144 -3.92031 4.15544 -2.53914 -12.5708
4.35705 1.57292 -4.05065 0.981714 2.8767
3.48875 2.90598 -1.5522 -2.05989 13.3356
0.520213 -4.04997 -3.9258 3.79319 -16.9981
4.32936 -4.50309 4.21143 -2.08448 -28.2741
2.56993 2.59267 3.60856 -2.45465 -2.19477
1.20342 -1.51271 3.74435 -3.07458 -13.3327
4.82577 -2.4134 3.91703 -3.26864 -24.4499
4.96857 -1.07541 -1.67149 4.68232 -13.1697
-2.61478 2.17876 3.66852 -0.14157 -6.21634
-4.27245 -4.04994 2.89688 2.1215 23.4489
-0.187887 -0.0896466 -1.44468 3.9499 -5.68948
4.99037 -0.904112 -4.38022 -3.60974 11.2996
-4.25994 1.84626 3.47447 -3.06841 -18.526
0.451546 1.90024 -3.73556 -0.282312 1.91264
0.444399 0.112605 -1.10154 2.3052 -2.48922
-2.26211 0.906775 0.164688 -1.41523 -2.2843
2.98644 4.8668 2.19743 -2.09122 9.93906
0.810609 -0.369521 3.4977 -3.29374 -11.8201
0.230192 -2.12895 0.754414 1.51877 0.655711
-0.952025 3.71762 -1.95018 2.34631 -8.115
-4.028 3.04641 1.21211 1.70533 -10.2039
4.63953 -3.6234 1.65583 -4.75722 -24.688
-4.25148 2.50053 -1.90204 3.7134 -17.694
-0.792921 -0.628223 2.45476 -2.59208 -5.86479
0.609058 -1.68291 4.81681 2.55184 11.2667
-3.6137 1.86645 1.77837 -2.10227 -10.4834
-4.87152 3.68748 -4.68177 3.96032 -36.5049
-2.15579 -4.82018 -4.5097 -4.781 31.9522
4.69084 0.212257 1.38072 1.6948 3.33571
1.36425 -2.00687 -2.66591 0.72392 -4.66777
-4.51629 -0.695198 -0.494088 -0.571007 3.42184
2.27581 1.64876 -0.248614 -1.70412 4.17595
4.94262 0.202868 3.10736 0.128262 1.40125
-0.769759 -0.637502 0.14367 3.17534 0.946923
1.09415 4.89544 3.83646 -3.4829 -8.00567
-2.94721 1.91559 3.45622 4.96053 11.4991
2.9344 -0.572177 -3.67533 2.95965 -12.5567
4.20985 -2.55915 4.82676 3.81486 7.63974
3.07623 -1.23022 -4.14558 -1.91238 4.14348
1.72818 -4.18659 2.01027 -4.84026 -16.9654
-1.07086 0.766463 0.754808 3.05511 1.48524
1.32572 3.2138 -1.30435 -1.45529 6.15879
-1.21109 1.65773 -0.614436 -0.925052 -1.43927
2.37989 -4.18517 0.926655 -2.60325 -12.3726
-0.716387 4.43517 -4.6049 1.64115 -10.7346
3.8538 2.41717 -4.77141 -2.76478 22.5072
-3.08589 -1.18436 1.38088 2.62867 7.28468
-3.20564 -4.06034 0.0216006 -3.59734 12.9383
2.98253 -0.135651 1.38378 -3.5469 -5.31271
-3.20849 -1.82644 -1.35074 4.94397 -0.8179
4.33419 3.22679 -4.44024 -2.04137 23.0497
4.96377 -0.726377 -3.43854 -4.87435 13.1551
-3.24731 0.21939 -1.91332 -0.22893 -0.274412
3.60393 1.91185 3.60053 2.0646 14.3238
1.03362 -3.71953 -1.64471 -4.10164 2.90142
-1.29897 4.5442 0.425693 0.336857 -5.75937
3.80355 2.41846 -3.68016 -4.80154 26.8692
1.12618 -2.67392 -0.735388 3.39209 -5.50582
1.90014 1.05295 1.22337 0.247964 2.30411
0.479184 -4.3765 -2.37366 -3.35695 5.87112
-0.229549 -4.89649 0.858801 -0.959643 0.299843
2.72583 -4.13274 -3.53023 -4.73398 5.4469
1.81343 2.33996 1.36886 -1.17277 2.63799
-1.58186 1.81529 0.788976 4.52636 0.699659
4.34575 -0.334071 3.64744 -1.52851 -7.02692
-2.04047 -1.21292 4.1342 -2.81599 -9.16693
-0.747388 4.2995 2.94411 4.85898 11.092
4.26022 3.9781 -2.76051 -2.31086 23.3268
0.320637 -2.33033 -3.33661 1.5696 -5.98434
-1.11711 3.67301 -0.469479 -2.67834 -2.84573
0.254932 4.57083 -3.77102 2.00405 -6.39208
-4.29118 -4.06057 -4.23264 -2.41964 27.6661
-3.85136 -3.55439 -4.09712 4.2454 -3.70464
4.32847 2.5812 -1.60586 -1.54617 13.6556
4.64718 -4.26476 3.59126 0.446801 -18.2145
-0.944865 -0.131664 -1.51254 1.85653 -2.68367
-4.944 -3.56983 2.47594 3.29387 25.8047
2.67609 -3.38362 -3.15216 -4.94811 6.5424
-3.75665 3.30165 0.637921 -4.70741 -15.4061
-0.597617 1.65093 0.307058 -4.14736 -2.2601
-4.22901 -4.92756 2.88861 2.5427 28.1836
-1.75717 -4.5575 1.63025 -2.59909 3.77113
4.70465 -3.86835 4.50967 1.36025 -12.0649
-2.93842 -3.95203 0.796975 1.05249 12.4515
1.18458 -4.63643 -0.293676 4.4901 -6.81085
2.72169 2.35883 -3.45202 2.75473 -3.0894
0.6631 0.633249 -3.93571 -1.79651 7.49044
0.760644 -1.81854 1.70353 4.24188 5.84293
-0.883173 -3.83281 2.17081 -4.77154 -6.97306
-2.15886 -2.39326 -1.28583 -4.54157 11.0064
1.30165 4.32143 3.40432 2.35369 13.6377
1.94736 -0.30279 0.808618 -4.34225 -4.10086
-1.17816 -3.03181 2.41265 1.34671 6.82107
0.00566631 -3.63004 -4.37888 -3.46376 15.1468
-4.75771 0.0819055 -1.20561 -1.34283 1.22925
2.06635 0.739574 2.01028 1.22453 3.98987
-2.98977 -0.58773 2.79977 -4.09718 -9.71396
2.25319 -2.75578 3.78015 -3.97207 -21.2243
2.82934 3.90288 2.59396 4.72858 23.3083
3.10005 -4.96289 2.51105 -3.75581 -24.8162
-2.55684 -3.75673 2.5488 -3.97082 -0.51545
3.21418 1.49608 -0.55253 0.628925 4.46118
-0.965149 3.63871 -0.170838 -3.86942 -2.85085
-0.116936 -1.79755 1.75555 -1.57073 -2.5473
0.688369 -1.14148 -1.3761 4.64126 -7.1726
1.99435 -4.58658 0.828504 1.80992 -7.6477
4.95289 4.17537 1.52397 0.0452489 20.7491
2.07253 2.63549 -1.82896 0.0146383 5.43536
0.937622 -0.481154 -2.73945 -4.46664 11.785
-2.21812 -1.81365 -1.30361 -4.44948 9.8233
-3.7197 4.95776 -1.98524 -3.00793 -12.4699
-3.04944 4.73096 -1.0583 -1.74816 -12.5767
1.71773 4.57997 1.42036 -3.1413 3.4054
4.81781 0.869823 -1.60418 1.78437 1.3282
3.43779 0.121953 3.03699 2.10518 6.81266
4.17665 2.60997 -2.93271 1.24661 7.24496
4.59847 0.864276 -1.61801 -2.43128 7.90817
-2.65931 3.96635 -0.4168 1.84116 -11.3151
3.57432 -3.13925 -1.73583 2.46026 -15.4913
2.1534 2.51726 -4.94058 4.67279 -17.6656
0.467398 0.948998 4.40882 4.39493 19.82
-2.25602 2.95299 1.32757 1.96853 -4.04867
-3.30707 -3.22595 4.0285 -0.758538 7.61268
-0.609181 1.09443 -2.14236 0.782486 -2.34307
-3.15356 -2.59949 -2.08638 -1.45358 11.2304
-2.1201 1.65076 -2.51993 0.789899 -5.49026
-1.67119 4.42492 -1.01102 -4.71288 -2.63008
-3.90284 -0.842387 1.48718 -4.15388 -2.88986
0.703769 1.55552 1.03002 -1.85747 -0.818497
2.71477 0.87896 1.94954 -4.06422 -5.53717
3.92735 -2.09419 -1.74759 -1.14318 -6.22681
-4.22277 -2.69234 -2.56139 1.09765 8.55762
1.18085 -4.3683 4.04605 -0.712491 -8.04107
0.302579 -0.896626 2.30694 0.504198 0.891854
-4.99636 -4.78617 -4.79838 -3.91926 42.7195
-1.31149 -2.75697 -0.432726 -1.13833 4.10832
-0.240439 2.9468 -2.51142 1.0924 -3.452
4.17944 1.93014 -2.0615 -3.22034 14.7056
0.881659 2.9863 0.684811 4.22956 5.52934
-0.296104 1.51394 -0.342053 0.836071 -0.734264
-2.49447 3.8785 1.13218 1.59555 -7.86836
-1.81314 -0.481528 0.419674 -1.03114 0.440335
-1.32655 -2.3377 4.58481 4.62761 24.3178
-0.597596 4.65687 -2.65024 -1.17443 0.329583
-3.81147 2.35344 -4.97761 0.422225 -11.0717
4.17145 2.12709 -1.99586 3.89475 1.09965
-2.14455 -3.70256 4.84601 -2.11659 -2.31669
3.18851 -2.85757 -2.67452 -4.26751 2.30217
-3.59097 2.50202 -4.86829 -2.35129 2.4621
-4.81381 4.70705 -1.63938 3.49184 -28.3833
2.3404 -4.03019 -3.38415 -0.296688 -8.42821
-1.55914 -3.30061 -0.165633 -1.77853 5.44068
3.64419 -1.62271 1.52644 0.831808 -4.64374
3.11899 -3.80028 -1.18207 -4.71243 -6.28263
-3.47059 0.354118 0.891298 -4.78643 -5.49514
-1.38387 -4.63291 -3.81373 4.07778 -9.14021
-3.52391 0.0400301 2.40595 4.79685 11.3999
-1.18926 1.76397 4.36468 3.91154 14.9748
0.274534 3.55613 -1.83852 -4.15223 8.61025
2.8278 -3.27676 2.20057 -2.73285 -15.2798
3.89484 1.70776 -3.47472 2.56728 -2.26912
-0.109077 -0.322568 0.888856 4.46742 4.00608
-0.162802 2.79892 -4.48631 1.7328 -8.22954
2.43037 -1.50521 4.97633 0.092571 -3.19755
2.73065 2.44434 3.92093 -3.36895 -6.5348
2.55579 -4.27011 3.87879 -0.0637496 -11.1608
4.28583 -1.98228 4.14192 -3.58945 -23.3629
4.09077 -1.51792 1.33927 -0.2556 -6.55178
0.243707 0.570715 3.41484 2.54491 8.82954
2.03355 -2.90357 -1.93244 4.37479 -14.3586
-2.85902 -1.41955 -2.45553 4.89344 -7.95748
3.48802 3.53873 -3.60132 -2.11245 19.9508
-3.46548 1.73398 -3.26056 3.62905 -17.8418
0.936672 -0.450742 1.62777 -1.05582 -2.14084
0.724888 0.0536152 2.81001 3.85949 10.8841
3.65391 -0.633114 2.22864 -3.70377 -10.5677
-0.523995 3.05537 -2.84132 4.23348 -13.6296
-3.73442 -3.99507 -3.53316 -2.10813 22.3676
0.969533 0.706999 1.70222 4.0733 7.6191
-2.55614 1.52793 -4.03722 2.19142 -12.7528
4.53938 -4.30617 -2.53162 -2.07217 -14.3014
